ID;HOMEID;AWAYID;SEASON;STATUS;ROUNDID;GAME_WEEK;REVISED_GAME_WEEK;HOMEGOALS;AWAYGOALS;HOMEGOALCOUNT;AWAYGOALCOUNT;TOTALGOALCOUNT;TEAM_A_CORNERS;TEAM_B_CORNERS;TOTALCORNERCOUNT;TEAM_A_OFFSIDES;TEAM_B_OFFSIDES;TEAM_A_YELLOW_CARDS;TEAM_B_YELLOW_CARDS;TEAM_A_RED_CARDS;TEAM_B_RED_CARDS;TEAM_A_SHOTSONTARGET;TEAM_B_SHOTSONTARGET;TEAM_A_SHOTSOFFTARGET;TEAM_B_SHOTSOFFTARGET;TEAM_A_SHOTS;TEAM_B_SHOTS;TEAM_A_FOULS;TEAM_B_FOULS;TEAM_A_POSSESSION;TEAM_B_POSSESSION;TEAM_A_CARDS_NUM;TEAM_B_CARDS_NUM;ODDS_FT_1;ODDS_FT_X;ODDS_FT_2;ODDS_FT_OVER05;ODDS_FT_OVER15;ODDS_FT_OVER25;ODDS_FT_OVER35;ODDS_FT_OVER45;ODDS_FT_UNDER05;ODDS_FT_UNDER15;ODDS_FT_UNDER25;ODDS_FT_UNDER35;ODDS_FT_UNDER45;ODDS_BTTS_YES;ODDS_BTTS_NO;ODDS_TEAM_A_CS_YES;ODDS_TEAM_A_CS_NO;ODDS_TEAM_B_CS_YES;ODDS_TEAM_B_CS_NO;ODDS_DOUBLECHANCE_1X;ODDS_DOUBLECHANCE_12;ODDS_DOUBLECHANCE_X2;ODDS_1ST_HALF_RESULT_1;ODDS_1ST_HALF_RESULT_X;ODDS_1ST_HALF_RESULT_2;ODDS_2ND_HALF_RESULT_1;ODDS_2ND_HALF_RESULT_X;ODDS_2ND_HALF_RESULT_2;ODDS_DNB_1;ODDS_DNB_2;ODDS_CORNERS_OVER_75;ODDS_CORNERS_OVER_85;ODDS_CORNERS_OVER_95;ODDS_CORNERS_OVER_105;ODDS_CORNERS_OVER_115;ODDS_CORNERS_UNDER_75;ODDS_CORNERS_UNDER_85;ODDS_CORNERS_UNDER_95;ODDS_CORNERS_UNDER_105;ODDS_CORNERS_UNDER_115;ODDS_CORNERS_1;ODDS_CORNERS_X;ODDS_CORNERS_2;ODDS_TEAM_TO_SCORE_FIRST_1;ODDS_TEAM_TO_SCORE_FIRST_X;ODDS_TEAM_TO_SCORE_FIRST_2;ODDS_WIN_TO_NIL_1;ODDS_WIN_TO_NIL_2;ODDS_1ST_HALF_OVER05;ODDS_1ST_HALF_OVER15;ODDS_1ST_HALF_OVER25;ODDS_1ST_HALF_OVER35;ODDS_1ST_HALF_UNDER05;ODDS_1ST_HALF_UNDER15;ODDS_1ST_HALF_UNDER25;ODDS_1ST_HALF_UNDER35;ODDS_2ND_HALF_OVER05;ODDS_2ND_HALF_OVER15;ODDS_2ND_HALF_OVER25;ODDS_2ND_HALF_OVER35;ODDS_2ND_HALF_UNDER05;ODDS_2ND_HALF_UNDER15;ODDS_2ND_HALF_UNDER25;ODDS_2ND_HALF_UNDER35;ODDS_BTTS_1ST_HALF_YES;ODDS_BTTS_1ST_HALF_NO;ODDS_BTTS_2ND_HALF_YES;ODDS_BTTS_2ND_HALF_NO;OVERALLGOALCOUNT;HT_GOALS_TEAM_A;HT_GOALS_TEAM_B;GOALS_2HG_TEAM_A;GOALS_2HG_TEAM_B;GOALCOUNT_2HG;HTGOALCOUNT;DATE_UNIX;WINNINGTEAM;NO_HOME_AWAY;BTTS_POTENTIAL;BTTS_FHG_POTENTIAL;BTTS_2HG_POTENTIAL;GOALTIMINGDISABLED;CORNER_TIMINGS_RECORDED;CARD_TIMINGS_RECORDED;TEAM_A_FH_CORNERS;TEAM_B_FH_CORNERS;TEAM_A_2H_CORNERS;TEAM_B_2H_CORNERS;CORNER_FH_COUNT;CORNER_2H_COUNT;TEAM_A_FH_CARDS;TEAM_B_FH_CARDS;TEAM_A_2H_CARDS;TEAM_B_2H_CARDS;TOTAL_FH_CARDS;TOTAL_2H_CARDS;ATTACKS_RECORDED;TEAM_A_DANGEROUS_ATTACKS;TEAM_B_DANGEROUS_ATTACKS;TEAM_A_ATTACKS;TEAM_B_ATTACKS;TEAM_A_XG;TEAM_B_XG;TOTAL_XG;TEAM_A_PENALTIES_WON;TEAM_B_PENALTIES_WON;TEAM_A_PENALTY_GOALS;TEAM_B_PENALTY_GOALS;TEAM_A_PENALTY_MISSED;TEAM_B_PENALTY_MISSED;PENS_RECORDED;GOAL_TIMINGS_RECORDED;TEAM_A_0_10_MIN_GOALS;TEAM_B_0_10_MIN_GOALS;TEAM_A_CORNERS_0_10_MIN;TEAM_B_CORNERS_0_10_MIN;TEAM_A_CARDS_0_10_MIN;TEAM_B_CARDS_0_10_MIN;THROWINS_RECORDED;TEAM_A_THROWINS;TEAM_B_THROWINS;FREEKICKS_RECORDED;TEAM_A_FREEKICKS;TEAM_B_FREEKICKS;GOALKICKS_RECORDED;TEAM_A_GOALKICKS;TEAM_B_GOALKICKS;O45_POTENTIAL;O35_POTENTIAL;O25_POTENTIAL;O15_POTENTIAL;O05_POTENTIAL;O15HT_POTENTIAL;O05HT_POTENTIAL;O05_2H_POTENTIAL;O15_2H_POTENTIAL;CORNERS_POTENTIAL;OFFSIDES_POTENTIAL;CARDS_POTENTIAL;AVG_POTENTIAL;HOME_NAME;AWAY_NAME;HOME_PPG;AWAY_PPG;PRE_MATCH_HOME_PPG;PRE_MATCH_AWAY_PPG;PRE_MATCH_TEAMA_OVERALL_PPG;PRE_MATCH_TEAMB_OVERALL_PPG;U45_POTENTIAL;U35_POTENTIAL;U25_POTENTIAL;U15_POTENTIAL;U05_POTENTIAL;CORNERS_O85_POTENTIAL;CORNERS_O95_POTENTIAL;CORNERS_O105_POTENTIAL;TEAM_A_XG_PREMATCH;TEAM_B_XG_PREMATCH;TOTAL_XG_PREMATCH;COMPETITION_ID;MATCHES_COMPLETED_MINIMUM;OVER05;OVER15;OVER25;OVER35;OVER45;OVER55;BTTS
1253824;4395;4360;2021;complete;69042;1;-1;62;4,86;1;2;3;5;4;9;-1;-1;7;4;0;0;4;6;3;5;7;11;-1;-1;48;52;7;4;2.35;2.88;1.53;0;0;2.35;0;0;0;0;1.57;0;0;2.2;1.6;0;0;0;0;0;0;0;4;1.95;2.75;3.64;2.27;2.53;0;0;0;0;2.38;0;0;0;0;0;0;0;0;0;0;2.6;0;1.8;0;0;0;0;0;0;0;0;0;0;0;0;0;0;0;0;0;0;0;0;0;0;3;0;1;1;1;2;1;2021-06-01 22:30:00;4360;0;0;0;0;0;1;1;2;1;3;3;3;6;2;2;5;2;4;7;1;81;93;115;126;1.32;1.79;3.11;0;0;0;0;0;0;1;1;0;1;0;0;0;0;-1;-1;-1;-1;-1;-1;-1;-1;-1;0;0;0;0;0;0;0;0;0;0;0;0;0;Albion;Cerro;1.82;1.92;0;0;0;0;0;0;0;0;0;0;0;0;0;0;0;5908;22;Y;Y;Y;N;N;N;Y
1253825;4367;4365;2021;complete;69042;1;-1;69;5,38,64;1;3;4;6;3;9;-1;-1;3;2;0;0;8;11;4;3;12;14;-1;-1;55;45;3;2;2.4;2.55;1.5;0;0;2.88;0;0;0;0;1.4;0;0;2.2;1.6;0;0;0;0;0;0;0;4.5;1.8;3;3.88;2.2;2.62;0;0;0;0;2.4;0;0;0;0;0;0;0;0;0;0;2.75;0;1.83;0;0;0;0;0;0;0;0;0;0;0;0;0;0;0;0;0;0;0;0;0;0;4;0;2;1;1;2;2;2021-06-01 20:15:00;4365;0;0;0;0;0;1;1;1;2;5;1;3;6;1;1;2;1;2;3;1;103;83;154;122;2.07;2.26;4.33;1;1;1;1;0;0;1;1;0;1;0;2;0;0;-1;-1;-1;-1;-1;-1;-1;-1;-1;0;0;0;0;0;0;0;0;0;0;0;0;0;Villa Teresa;Juventud;0.27;1.18;0;0;0;0;0;0;0;0;0;0;0;0;0;0;0;5908;22;Y;Y;Y;Y;N;N;Y
1253826;4354;4388;2021;complete;69042;1;-1;40;;1;0;1;6;1;7;-1;-1;0;0;0;1;6;0;3;6;9;6;-1;-1;52;48;0;1;1.18;3.4;4.33;0;0;2.5;0;0;0;0;1.5;0;0;2.45;1.48;1.71;2;4;1.19;0;0;0;2.25;2;6.5;2;2.4;5.7;0;0;0;0;0;0;0;0;0;0;0;0;0;0;0;1.44;0;4;2.2;7.5;0;0;0;0;0;0;0;0;0;0;0;0;0;0;0;0;0;0;0;0;1;1;0;0;0;0;1;2021-06-02 00:45:00;4354;0;0;0;0;0;1;1;4;0;2;1;4;3;0;0;0;1;0;1;1;85;71;122;132;1.61;0.91;2.52;0;0;0;0;0;0;1;1;0;0;1;0;0;0;-1;-1;-1;-1;-1;-1;-1;-1;-1;0;0;0;0;0;0;0;0;0;0;0;0;0;Racing;Uruguay Montevideo FC;2;1.27;0;0;0;0;0;0;0;0;0;0;0;0;0;0;0;5908;22;Y;N;N;N;N;N;N
1253827;4369;4355;2021;complete;69042;1;-1;24;38;1;1;2;-1;-1;-1;-1;-1;0;0;1;0;-1;-1;-1;-1;-1;-1;-1;-1;-1;-1;2;0;2.1;3;1.65;0;0;2.4;0;0;0;0;1.53;0;0;2;1.77;0;0;0;0;0;0;0;3.75;2;2.88;3.68;2.27;2.62;0;0;0;0;0;0;0;0;0;0;0;0;0;0;0;2.63;0;1.67;0;0;0;0;0;0;0;0;0;0;0;0;0;0;0;0;0;0;0;0;0;0;2;1;1;0;0;0;2;2021-06-03 15:15:00;-1;0;0;0;0;0;-1;1;-1;-1;-1;-1;-1;-1;0;0;1;0;0;1;-1;0;0;0;0;0;0;0;1;0;1;0;0;0;1;1;0;0;-1;-1;0;0;-1;-1;-1;-1;-1;-1;-1;-1;-1;0;0;0;0;0;0;0;0;0;0;0;0;0;Atenas;Rampla Juniors;0.91;0.73;0;0;0;0;0;0;0;0;0;0;0;0;0;0;0;5908;22;Y;Y;N;N;N;N;Y
1253828;4377;4356;2021;complete;69042;1;-1;;;0;0;0;5;10;15;-1;-1;0;1;0;0;5;7;2;3;7;10;-1;-1;46;54;0;1;3.5;3.5;1.24;0;0;2.25;0;0;0;0;1.62;0;0;2.05;1.7;0;0;0;0;0;0;0;5.5;2.1;2.2;4.56;2.55;2.1;0;0;0;0;0;0;0;0;0;0;0;0;0;0;0;3.5;0;1.44;0;0;0;0;0;0;0;0;0;0;0;0;0;0;0;0;0;0;0;0;0;0;0;0;0;0;0;0;0;2021-06-02 15:15:00;-1;0;0;0;0;0;1;1;1;4;4;6;5;10;0;0;0;1;0;1;1;69;87;117;125;1.3;1.76;3.06;0;0;0;0;0;0;1;1;0;0;0;0;0;0;-1;-1;-1;-1;-1;-1;-1;-1;-1;0;0;0;0;0;0;0;0;0;0;0;0;0;Central Español;Danubio;1.58;1.91;0;0;0;0;0;0;0;0;0;0;0;0;0;0;0;5908;22;N;N;N;N;N;N;N
1253829;4361;4381;2021;complete;69042;1;-1;64,75;86;2;1;3;8;0;8;-1;-1;3;4;0;0;6;4;10;4;16;8;-1;-1;61;39;3;4;1.18;3.6;4.33;0;0;2.1;0;0;0;0;1.7;0;0;2.08;1.72;0;0;0;0;0;0;0;2.2;2.1;5;1.95;2.6;5.25;0;0;0;0;0;0;0;0;0;0;0;0;0;0;0;1.44;0;3.4;0;0;0;0;0;0;0;0;0;0;0;0;0;0;0;0;0;0;0;0;0;0;3;0;0;2;1;3;0;2021-06-03 17:30:00;4361;0;0;0;0;0;1;1;6;0;2;0;6;2;2;1;1;3;3;4;1;103;52;168;115;2.18;1.17;3.36;0;1;0;1;0;0;1;1;0;0;0;0;0;1;-1;-1;-1;-1;-1;-1;-1;-1;-1;0;0;0;0;0;0;0;0;0;0;0;0;0;Defensor Sporting;Rocha;1.46;0.45;0;0;0;0;0;0;0;0;0;0;0;0;0;0;0;5908;22;Y;Y;Y;N;N;N;Y
1253830;4388;4367;2021;complete;69042;2;-1;61,90;35,49,61;2;3;5;7;4;11;-1;-1;2;3;0;0;7;7;3;2;10;9;-1;-1;49;51;2;3;1.95;3;1.75;0;0;0;0;0;0;0;0;0;0;2.08;1.71;0;0;0;0;0;0;0;3.4;2;3.2;3.2;2.27;2.9;0;0;0;0;0;0;0;0;0;0;0;0;0;0;0;2.25;0;1.91;0;0;0;0;0;0;0;0;0;0;0;0;0;0;0;0;0;0;0;0;0;0;5;0;1;2;2;4;1;2021-06-09 22:30:00;4367;0;0;0;0;0;1;1;3;4;4;0;7;4;0;1;2;2;1;4;1;83;78;118;114;1.73;1.63;3.35;1;0;1;0;0;0;1;1;0;0;0;1;0;0;-1;-1;-1;-1;-1;-1;-1;-1;-1;0;0;0;0;0;0;0;0;0;0;0;0;0;Uruguay Montevideo FC;Villa Teresa;1;1.36;0;0;0;0;0;0;0;0;0;0;0;0;0;0;0;5908;22;Y;Y;Y;Y;Y;N;Y
1253831;4355;4354;2021;complete;69042;2;-1;32,50;10,82;2;2;4;3;4;7;-1;-1;4;2;0;0;5;6;5;1;10;7;-1;-1;47;53;4;2;3.05;3.2;1.32;0;0;0;0;0;0;0;0;0;0;1.9;1.83;0;0;0;0;0;0;0;4.5;2.05;2.5;4.04;2.42;2.22;0;0;0;0;0;0;0;0;0;0;0;0;0;0;0;2.38;0;1.83;0;0;0;0;0;0;0;0;0;0;0;0;0;0;0;0;0;0;0;0;0;0;4;1;1;1;1;2;2;2021-06-10 18:15:00;-1;0;0;0;0;0;1;1;2;1;1;3;3;4;2;1;2;1;3;3;1;69;97;117;127;1.49;1.57;3.06;0;0;0;0;0;0;1;1;0;1;0;0;1;1;-1;-1;-1;-1;-1;-1;-1;-1;-1;0;0;0;0;0;0;0;0;0;0;0;0;0;Rampla Juniors;Racing;1.18;1.15;0;0;1;3;0;0;0;0;0;0;0;0;0;0;0;5908;22;Y;Y;Y;Y;N;N;Y
1253832;4365;4395;2021;complete;69042;2;-1;26;50,89;1;2;3;0;6;6;-1;-1;3;4;0;0;3;3;3;10;6;13;-1;-1;57;43;3;4;1.83;3.2;4;0;0;0;0;0;0;0;0;0;0;0;0;0;0;0;0;0;0;0;2.4;2.2;4.33;0;0;0;0;0;0;0;0;0;0;0;0;0;0;0;0;0;0;1.57;0;2.75;0;0;0;0;0;0;0;0;0;0;0;0;0;0;0;0;0;0;0;0;0;0;3;1;0;0;2;2;1;2021-06-09 20:15:00;4395;0;0;0;0;0;1;1;0;3;0;3;3;3;3;1;0;3;4;3;1;64;70;140;128;1.07;1.54;2.62;0;0;0;0;0;0;1;1;0;0;0;1;0;0;-1;-1;-1;-1;-1;-1;-1;-1;-1;0;0;0;0;0;0;0;0;0;0;0;0;0;Juventud;Albion;1.45;2.18;0;0;3;0;0;0;0;0;0;0;0;0;0;0;0;5908;22;Y;Y;Y;N;N;N;Y
1253833;4381;4377;2021;complete;69042;2;-1;19,28,34;69,78;3;2;5;8;10;18;-1;-1;-1;-1;-1;-1;6;4;0;0;6;4;-1;-1;41;59;-1;-1;2.15;3;1.61;0;0;0;0;0;0;0;0;0;0;1.98;1.75;0;0;0;0;0;0;0;4;1.95;2.88;3.56;2.34;2.62;0;0;0;0;0;0;0;0;0;0;0;0;0;0;0;2.5;0;1.8;0;0;0;0;0;0;0;0;0;0;0;0;0;0;0;0;0;0;0;0;0;0;5;3;0;0;2;2;3;2021-06-10 20:30:00;4381;0;0;0;0;0;1;-1;5;3;3;7;8;10;-1;-1;-1;-1;-1;-1;1;20;21;25;41;0.94;0.69;1.63;-1;-1;-1;-1;-1;-1;-1;1;0;0;3;0;-1;-1;-1;-1;-1;-1;-1;-1;-1;-1;-1;0;0;0;0;0;0;0;0;0;0;0;0;0;Rocha;Central Español;0.91;1.33;0;0;0;1;0;0;0;0;0;0;0;0;0;0;0;5908;22;Y;Y;Y;Y;Y;N;Y
1253834;4360;4361;2021;complete;69042;2;-1;;;0;0;0;2;8;10;-1;-1;-1;-1;-1;-1;3;4;3;5;6;9;-1;-1;49;51;-1;-1;2.32;3.2;1.52;0;0;0;0;0;0;0;0;0;0;1.78;1.95;0;0;0;0;0;0;0;3.5;2.1;2.88;3.46;2.48;2.49;0;0;0;0;0;0;0;0;0;0;0;0;0;0;0;2.3;0;1.8;0;0;0;0;0;0;0;0;0;0;0;0;0;0;0;0;0;0;0;0;0;0;0;0;0;0;0;0;0;2021-06-10 22:45:00;-1;0;0;0;0;0;1;-1;1;3;1;5;4;6;-1;-1;-1;-1;-1;-1;1;68;92;116;121;1.09;1.52;2.61;0;0;0;0;0;0;1;1;0;0;0;0;-1;-1;-1;-1;-1;-1;-1;-1;-1;-1;-1;0;0;0;0;0;0;0;0;0;0;0;0;0;Cerro;Defensor Sporting;1.42;1.92;0;0;3;3;0;0;0;0;0;0;0;0;0;0;0;5908;24;N;N;N;N;N;N;N
1253835;4356;4369;2021;complete;69042;2;-1;56,72;41;2;1;3;6;3;9;-1;-1;-1;-1;-1;-1;5;5;11;5;16;10;-1;-1;54;46;-1;-1;1.87;3.05;3.55;1.08;1.36;2;3.25;6;6.75;2.7;1.62;1.25;1.09;1.87;1.77;0;0;0;0;1.08;1.25;2.35;2.75;2.05;3.75;2.57;2.42;3.46;0;0;1.4;1.73;2.25;3.1;0;2.8;2.02;1.58;1.33;0;0;0;0;1.73;6.5;2.5;0;0;1.37;2.7;6.5;15;2.85;1.4;1.08;1.02;1.21;2.05;4.3;10;3.9;1.69;1.18;1.03;0;0;0;0;3;0;1;2;0;2;1;2021-06-15 22:00:00;4356;0;0;0;0;0;1;-1;3;1;3;2;4;5;-1;-1;-1;-1;-1;-1;1;46;36;84;69;1.69;1.24;2.93;-1;-1;-1;-1;-1;-1;-1;1;0;0;1;1;-1;-1;-1;-1;-1;-1;-1;-1;-1;-1;-1;0;0;0;0;0;0;0;0;0;0;0;0;0;Danubio;Atenas;1.82;1.27;0;0;1;1;0;0;0;0;0;0;0;0;0;0;0;5908;22;Y;Y;Y;N;N;N;Y
1253836;4365;4388;2021;complete;69042;3;-1;83;;1;0;1;6;3;9;-1;-1;-1;-1;-1;-1;5;3;12;6;17;9;-1;-1;61;39;-1;-1;1.25;3.4;3.6;1.08;1.35;2.1;3.35;6.25;6.75;2.7;1.7;1.25;1.09;2.08;1.72;0;0;0;0;1.17;1.27;1.91;2.3;2.1;5;2.15;2.55;4.36;0;0;1.28;1.52;2;2.55;0;3.4;2.38;1.8;1.47;0;0;0;0;1.5;7.5;3.1;0;0;1.4;3.1;7.9;15;2.7;1.3;1.05;1.02;1.29;2.38;5.5;12;3.24;1.53;1.12;1.02;0;0;0;0;1;0;0;1;0;1;0;2021-06-16 00:15:00;4365;0;50;0;0;0;1;-1;4;2;2;1;6;3;-1;-1;-1;-1;-1;-1;1;85;61;156;137;2.05;1.24;3.28;-1;-1;-1;-1;-1;-1;-1;1;0;0;1;2;-1;-1;-1;-1;-1;-1;-1;-1;-1;-1;-1;0;0;50;50;100;0;100;50;50;1;0;4;2;Juventud;Uruguay Montevideo FC;1.45;1.27;0;0;1.5;0;100;100;50;50;0;0;0;0;1.07;0.91;1.98;5908;22;Y;N;N;N;N;N;N
1253837;4354;4356;2021;complete;69042;3;-1;2,13;71;2;1;3;2;2;4;-1;-1;0;0;1;1;3;2;0;1;3;3;-1;-1;39;61;2;2;1.83;3;1.87;1.08;1.44;2.4;4;7.5;7;2.63;1.53;1.22;1.07;2.1;1.67;0;0;0;0;1.62;1.31;1.27;3.25;2;3.25;2.88;2.33;2.88;0;0;0;0;2;0;0;0;0;1.8;0;0;0;0;0;2.05;6.25;2.05;0;0;1.54;3.4;8.5;26;2.36;1.27;1.04;1.01;1.33;2.38;5.5;15;3.25;1.53;1.14;1.03;0;0;0;0;3;2;0;0;1;1;2;2021-06-20 15:45:00;4354;0;0;0;0;0;1;1;0;1;2;1;1;3;0;0;1;1;0;2;-1;0;0;0;0;0;0;0;0;0;0;0;0;0;1;1;1;0;0;0;0;0;-1;-1;-1;-1;-1;-1;-1;-1;-1;0;0;0;0;50;0;50;0;0;16;0;1;0.5;Racing;Danubio;2;1.91;3;1;2;2;100;100;100;100;50;50;50;50;1.61;1.76;3.37;5908;22;Y;Y;Y;N;N;N;Y
1253838;4395;4361;2021;complete;69042;3;-1;54,88;7,78;2;2;4;3;8;11;-1;-1;-1;-1;-1;-1;5;8;3;1;8;9;-1;-1;48;52;-1;-1;3.8;3.25;1.74;1.05;1.25;1.69;2.6;4.45;8.25;3.35;1.95;1.38;1.15;1.62;2.05;0;0;0;0;1.96;1.24;1.17;4.75;2;2.5;4.38;2.55;2.12;0;0;1.28;1.52;1.91;2.55;0;3.4;2.38;1.81;1.47;0;0;0;0;2.63;7.25;1.57;0;0;1.44;2.98;7.5;15;2.68;1.36;1.06;1.02;1.25;2.16;4.9;10;3.6;1.64;1.14;1.04;0;0;0;0;4;0;1;2;1;3;1;2021-06-16 20:15:00;-1;0;50;0;50;0;1;-1;1;5;2;3;6;5;-1;-1;-1;-1;-1;-1;1;80;94;119;132;1.44;1.82;3.26;-1;-1;-1;-1;-1;-1;-1;1;0;1;0;1;-1;-1;-1;-1;-1;-1;-1;-1;-1;-1;-1;0;0;50;50;50;0;50;50;50;13;0;7;1.5;Albion;Defensor Sporting;1.82;1.92;0;1;1.5;2;100;100;50;50;50;100;50;0;1.32;1.52;2.84;5908;22;Y;Y;Y;Y;N;N;Y
1253839;4377;4360;2021;complete;69042;3;-1;9,44,68;22,90;3;2;5;2;12;14;-1;-1;2;5;0;0;7;11;2;13;9;24;-1;-1;38;62;2;5;3.45;3;1.91;1.1;1.43;2.2;3.75;7.25;6;2.4;1.53;1.2;1.07;2;1.65;0;0;0;0;1.57;1.29;1.33;4;2.05;2.6;3.96;2.4;2.38;0;0;0;0;0;0;0;0;0;0;0;0;0;0;0;2.6;6;1.67;0;0;1.39;2.8;7.2;15;2.75;1.38;1.06;1.02;1.24;2.17;4.8;10.5;3.6;1.61;1.15;1.02;0;0;0;0;5;2;1;1;1;2;3;2021-06-16 22:30:00;4377;0;50;0;50;0;1;1;2;4;0;8;6;8;1;2;1;3;3;4;1;65;110;96;122;1.53;3.06;4.6;1;0;1;0;0;0;1;1;1;0;1;1;1;1;-1;-1;-1;-1;-1;-1;-1;-1;-1;0;0;50;50;50;0;50;50;50;9;0;4;1.5;Central Español;Cerro;1.58;1.92;1;3;0.5;2;100;100;50;50;50;100;50;50;1.3;1.79;3.09;5908;24;Y;Y;Y;Y;Y;N;Y
1253840;4369;4381;2021;complete;69042;3;-1;;;0;0;0;8;2;10;-1;-1;-1;-1;-1;-1;6;4;8;1;14;5;-1;-1;58;42;-1;-1;2.65;2.95;2.55;1.1;1.39;2.25;3.45;6.5;6;2.5;1.57;1.24;1.08;1.91;1.74;0;0;0;0;1.43;1.31;1.43;3.1;2;3.4;2.75;2.36;3;0;0;0;0;0;0;0;0;0;0;0;0;0;0;0;1.91;6;2.25;0;0;1.5;3.05;7.6;23;2.4;1.33;1.05;1.01;1.3;2.38;5.5;13;3.4;1.53;1.14;1.04;0;0;0;0;0;0;0;0;0;0;0;2021-06-20 13:30:00;-1;0;100;50;50;0;1;-1;2;1;6;1;3;7;-1;-1;-1;-1;-1;-1;1;66;72;100;121;1.78;1.13;2.91;0;0;0;0;0;0;1;1;0;0;0;0;-1;-1;-1;-1;-1;-1;-1;-1;-1;-1;-1;0;0;50;100;100;50;50;50;50;0;0;6;2.5;Atenas;Rocha;0.91;0.45;1;0;0.5;1.5;100;100;50;0;0;0;0;0;0;1.17;1.17;5908;22;N;N;N;N;N;N;N
1253841;4367;4355;2021;complete;69042;3;-1;;18;0;1;1;4;5;9;-1;-1;-1;-1;-1;-1;7;8;5;4;12;12;-1;-1;48;52;-1;-1;1.84;3;1.84;1.08;1.33;2;3;5.5;6.5;2.8;1.8;1.29;1.11;1.78;1.98;0;0;0;0;1.44;1.35;1.36;3.25;2.1;3;3.15;2.45;2.85;0;0;0;0;2;0;0;0;0;1.8;0;0;0;0;0;2.2;6.75;1.91;0;0;1.38;3;7.5;15;2.7;1.37;1.07;1.02;1.3;2.25;4.74;10;3.4;1.6;1.16;1.04;0;0;0;0;1;0;1;0;0;0;1;2021-06-16 15:30:00;4355;0;100;50;50;0;1;-1;0;2;4;3;2;7;-1;-1;-1;-1;-1;-1;1;78;91;136;121;1.82;1.98;3.8;-1;-1;-1;-1;-1;-1;-1;1;0;0;0;1;-1;-1;-1;-1;-1;-1;-1;-1;-1;-1;-1;0;50;50;100;100;100;100;50;50;6;0;3;3;Villa Teresa;Rampla Juniors;0.27;0.73;0;1;1.5;1;100;50;50;0;0;50;0;0;2.07;0;2.07;5908;22;Y;N;N;N;N;N;N
1253842;4355;4365;2021;complete;69042;4;-1;;20,45;0;2;2;4;5;9;-1;-1;-1;-1;-1;-1;7;8;3;7;10;15;-1;-1;53;47;-1;-1;2.2;3.25;2.95;1.09;1.39;2.3;3.45;6.5;6;2.55;1.53;1.24;1.08;2;1.73;0;0;0;0;1.36;1.3;1.57;3.1;2.05;3.4;2.75;2.4;3;0;0;1.3;1.58;2;2.7;0;3.2;2.25;1.73;1.42;0;0;0;0;1.83;6;2.2;0;0;1.43;3;8;23;2.6;1.34;1.05;1.01;1.29;2.25;5;13;3.5;1.57;1.17;1.04;0;0;0;0;2;0;2;0;0;0;2;2021-06-25 17:15:00;4365;0;100;50;100;0;1;-1;1;2;3;3;3;6;-1;-1;-1;-1;-1;-1;1;90;75;151;126;1.79;2.05;3.84;-1;-1;-1;-1;-1;-1;-1;1;0;0;0;1;-1;-1;-1;-1;-1;-1;-1;-1;-1;-1;-1;0;100;100;100;100;100;100;100;100;6;0;6;4;Rampla Juniors;Juventud;1.18;1.18;1;3;1.67;2;100;0;0;0;0;50;0;0;1.49;2.26;3.75;5908;22;Y;Y;N;N;N;N;N
1253843;4388;4395;2021;complete;69042;4;-1;4,90;24,70;2;2;4;6;6;12;-1;-1;-1;-1;-1;-1;7;9;8;6;15;15;-1;-1;48;52;-1;-1;2.55;3.2;1.45;1.08;1.36;2.15;3.3;6;6.5;2.65;1.61;1.25;1.09;2;1.73;0;0;0;0;1.67;1.28;1.28;4;2.05;2.75;3.5;2.44;2.4;0;0;1.3;1.55;2;2.63;0;3.3;2.32;1.8;1.44;0;0;0;0;2.5;6.75;1.73;0;0;1.42;2.99;7.8;21;2.66;1.34;1.05;1.02;1.29;2.25;5;13;3.5;1.57;1.17;1.04;0;0;0;0;4;1;1;1;1;2;2;2021-06-25 15:00:00;-1;0;100;0;50;0;1;-1;3;3;3;3;6;6;-1;-1;-1;-1;-1;-1;1;42;40;72;73;1.74;1.86;3.6;-1;-1;-1;-1;-1;-1;-1;1;1;0;0;0;-1;-1;-1;-1;-1;-1;-1;-1;-1;-1;-1;50;50;100;100;100;0;100;100;100;13;0;6;4;Uruguay Montevideo FC;Albion;1;2.18;0;3;0;1.33;50;50;0;0;0;50;50;50;1.73;1.54;3.27;5908;22;Y;Y;Y;Y;N;N;Y
1253844;4356;4367;2021;complete;69042;4;-1;15;;1;0;1;6;3;9;-1;-1;-1;-1;-1;-1;6;3;6;10;12;13;-1;-1;51;49;-1;-1;1.25;3.3;3.6;1.07;1.32;2;3.05;5.75;7;2.85;1.8;1.28;1.1;2;1.73;0;0;0;0;1.14;1.25;2.04;2.3;2.2;4.75;2.05;2.55;4.33;0;0;1.4;1.73;2.28;3.1;0;2.75;2;1.58;1.33;0;0;0;0;1.5;7.25;3;0;0;1.41;2.9;7.6;21;2.7;1.36;1.05;1.02;1.25;2.1;4.33;11;3.75;1.67;1.2;1.05;0;0;0;0;1;1;0;0;0;0;1;2021-06-26 15:30:00;4356;0;100;0;50;0;1;-1;3;1;3;2;4;5;-1;-1;-1;-1;-1;-1;1;43;41;100;101;1.5;1.33;2.83;-1;-1;-1;-1;-1;-1;-1;1;0;0;2;0;-1;-1;-1;-1;-1;-1;-1;-1;-1;-1;-1;50;50;100;100;100;0;100;100;100;10;0;3;4;Danubio;Villa Teresa;1.82;1.36;3;3;1.33;1;50;50;0;0;0;100;50;50;1.69;1.63;3.32;5908;22;Y;N;N;N;N;N;N
1253845;4381;4354;2021;complete;69042;4;-1;55,59;51,60,64;2;3;5;5;4;9;-1;-1;0;0;1;0;4;7;5;8;9;15;-1;-1;52;48;2;0;2.95;3.25;2.2;1.1;1.39;2.15;3.4;6.25;6;2.55;1.61;1.24;1.09;1.93;1.83;0;0;0;0;1.56;1.3;1.33;3.75;2;2.88;3.36;2.4;2.62;0;0;1.3;1.58;2;2.7;0;3.2;2.25;1.73;1.42;0;0;0;0;2.38;6.5;1.8;0;0;1.43;3;8;17;2.6;1.34;1.05;1.01;1.28;2.3;5.3;12;3.3;1.54;1.12;1.02;0;0;0;0;5;0;0;2;3;5;0;2021-06-25 19:30:00;4354;0;100;50;50;0;1;1;3;1;2;3;4;5;1;0;0;0;1;0;1;80;70;126;109;1.44;1.94;3.38;0;0;0;0;0;0;1;1;0;0;0;0;0;0;-1;-1;-1;-1;-1;-1;-1;-1;-1;50;100;100;100;100;100;100;100;100;12;0;2;4.5;Rocha;Racing;0.91;1.15;3;1;1.33;2.33;50;0;0;0;0;50;50;50;0.94;1.57;2.51;5908;22;Y;Y;Y;Y;Y;N;Y
1253846;4361;4377;2021;complete;69042;4;-1;35,68,90,90;;4;0;4;4;5;9;-1;-1;0;0;0;1;9;4;8;4;17;8;-1;-1;52;48;0;1;1.25;3.6;3.6;1.07;1.32;2;3.1;5.75;7.25;2.85;1.8;1.27;1.1;2;1.73;0;0;0;0;1.21;1.27;1.83;2.25;2.2;4.75;2.05;2.55;4.33;0;0;1.4;1.73;2.28;3.1;0;2.75;2;1.58;1.33;0;0;0;0;1.5;7.25;3;0;0;1.41;2.9;7.6;21;2.7;1.36;1.05;1.02;1.25;2.1;4.33;11;3.75;1.67;1.2;1.05;0;0;0;0;4;1;0;3;0;3;1;2021-06-26 00:00:00;4361;0;100;0;50;0;1;1;2;3;2;2;5;4;0;0;0;1;0;1;1;78;60;125;135;2.27;1.24;3.5;1;0;1;0;0;0;1;1;0;0;1;0;0;0;-1;-1;-1;-1;-1;-1;-1;-1;-1;50;50;100;100;100;50;50;100;100;18;0;3;4;Defensor Sporting;Central Español;1.46;1.33;3;0;1.67;1.33;50;50;0;0;0;50;50;50;2.18;0.69;2.87;5908;24;Y;Y;Y;Y;N;N;N
1253847;4360;4369;2021;complete;69042;4;-1;71;67;1;1;2;4;6;10;-1;-1;-1;-1;-1;-1;4;9;3;0;7;9;-1;-1;42;58;-1;-1;1.91;3.25;3.25;1.07;1.33;1.95;3.1;5.75;7;2.8;1.69;1.27;1.1;1.87;1.77;0;0;0;0;1.22;1.26;1.81;2.75;2.1;3.75;2.5;2.5;3.46;0;0;1.29;1.54;1.98;2.6;0;3.35;2.35;1.83;1.45;0;0;0;0;1.8;7;2.25;0;0;1.39;2.8;7.2;15;2.75;1.38;1.06;1.02;1.24;2.16;4.7;10.5;3.6;1.62;1.15;1.02;0;0;0;0;2;0;0;1;1;2;0;2021-06-25 21:45:00;-1;0;50;0;0;0;1;-1;2;2;2;4;4;6;-1;-1;-1;-1;-1;-1;1;77;97;108;135;1.29;1.91;3.19;-1;-1;-1;-1;-1;-1;-1;1;0;0;1;0;-1;-1;-1;-1;-1;-1;-1;-1;-1;-1;-1;0;0;50;50;50;0;50;50;50;5;0;0;1.5;Cerro;Atenas;1.42;1.27;1;0;1.33;0.67;100;100;50;50;50;100;50;0;1.09;1.24;2.33;5908;22;Y;Y;N;N;N;N;Y
1253848;4395;4377;2021;complete;69042;5;-1;69;11,50;1;2;3;6;2;8;-1;-1;3;4;1;0;7;7;1;3;8;10;-1;-1;50;50;4;4;2.55;3.1;2.35;1.06;1.27;1.74;2.7;4.75;8;3.15;1.83;1.34;1.13;1.67;2;0;0;0;0;0;0;0;3.4;2.2;2.88;0;0;0;0;0;0;0;0;0;0;0;0;0;0;0;0;0;0;2.25;0;1.73;0;0;0;0;0;0;0;0;0;0;0;0;0;0;0;0;0;0;0;0;0;0;3;0;1;1;1;2;1;2021-06-30 21:00:00;4377;0;75;0;50;0;1;1;2;2;4;0;4;4;0;2;4;2;2;6;1;90;67;113;101;1.65;1.61;3.26;0;0;0;0;0;0;1;1;0;0;0;1;0;0;-1;-1;-1;-1;-1;-1;-1;-1;-1;25;75;100;100;100;25;100;100;100;11.5;0;8;4;Albion;Central Español;1.82;1.33;0.5;0;1.25;1;75;25;0;0;0;100;50;50;1.38;0.96;2.34;5908;22;Y;Y;Y;N;N;N;Y
1253849;4388;4355;2021;complete;69042;5;-1;25,90;;2;0;2;2;7;9;-1;-1;-1;-1;-1;-1;4;3;4;4;8;7;-1;-1;52;48;-1;-1;2.25;3.1;1.57;1.1;1.4;2.25;3.45;6.5;6;2.5;1.62;1.24;1.08;1.9;1.86;0;0;0;0;1.66;1.29;1.27;3.6;2.05;2.88;3.56;2.47;2.48;0;0;1.3;1.58;2;2.7;0;3.2;2.25;1.73;1.42;0;0;0;0;2.38;6.5;1.8;0;0;1.42;3.15;8;17;2.65;1.3;1.05;1.01;1.29;2.36;5.5;12;3.24;1.54;1.12;1.02;0;0;0;0;2;1;0;1;0;1;1;2021-07-01 23:45:00;4388;0;75;50;50;0;1;-1;1;3;1;4;4;5;-1;-1;-1;-1;-1;-1;1;74;79;118;115;1.33;1.23;2.56;-1;-1;-1;-1;-1;-1;-1;1;0;0;0;0;-1;-1;-1;-1;-1;-1;-1;-1;-1;-1;-1;25;50;50;75;100;50;100;50;50;11.5;0;2;3;Uruguay Montevideo FC;Rampla Juniors;1;0.73;0.5;2;0.25;1.25;75;50;50;25;0;100;50;50;1.73;1.98;3.71;5908;22;Y;Y;N;N;N;N;N
1253850;4365;4356;2021;complete;69042;5;-1;;63;0;1;1;4;4;8;-1;-1;-1;-1;-1;-1;5;6;11;10;16;16;-1;-1;57;43;-1;-1;2.75;3.05;2.25;1.08;1.33;1.95;3.1;5.75;7;2.8;1.69;1.27;1.1;1.8;1.83;0;0;0;0;1.32;1.3;1.56;4.33;2.2;2.38;4.06;2.47;2.29;0;0;1.28;1.52;1.98;2.55;0;3.4;2.38;1.83;1.47;0;0;0;0;2.75;6.5;1.53;0;0;1.43;3;8;15;2.6;1.34;1.05;1.02;1.28;2.3;5.3;11;3.3;1.54;1.12;1.02;0;0;0;0;1;0;0;0;1;1;0;2021-07-01 21:30:00;4356;0;50;0;0;0;1;-1;2;3;2;1;5;3;-1;-1;-1;-1;-1;-1;1;77;81;152;125;1.93;2.02;3.94;-1;-1;-1;-1;-1;-1;-1;1;0;0;0;0;-1;-1;-1;-1;-1;-1;-1;-1;-1;-1;-1;0;0;50;50;75;25;50;75;25;9;0;4.5;1.75;Juventud;Danubio;1.45;1.91;1.5;0.5;2.25;1.75;100;100;50;50;25;50;25;25;1.56;1.76;3.32;5908;22;Y;N;N;N;N;N;N
1253851;4367;4381;2021;complete;69042;5;-1;40,58;65,73;2;2;4;2;10;12;-1;-1;3;4;0;0;6;6;1;5;7;11;-1;-1;37;63;3;4;2.54;3.16;2.65;1.1;1.42;2.12;3.5;6.5;5.75;2.5;1.63;1.22;1.08;2.1;1.67;0;0;0;0;1.57;1.3;1.36;3.25;2;3.25;2.88;2.42;2.88;0;0;1.28;1.52;1.98;2.55;0;3.4;2.38;1.83;1.47;0;0;0;0;2.05;6;2.05;0;0;1.43;3;7.9;23;2.6;1.34;1.05;1.01;1.33;2.38;5.5;15;3.25;1.53;1.14;1.03;0;0;0;0;4;1;0;1;2;3;1;2021-07-01 19:15:00;-1;0;50;0;50;0;1;1;1;3;1;7;4;8;1;0;2;4;1;6;1;59;90;93;111;1.29;1.77;3.06;0;0;0;0;0;0;1;1;0;0;0;0;0;0;-1;-1;-1;-1;-1;-1;-1;-1;-1;0;25;50;50;75;25;50;50;50;6;0;7;2;Villa Teresa;Rocha;0.27;0.45;0;0.5;0.75;1;100;75;50;50;25;75;25;0;1.95;1.15;3.1;5908;22;Y;Y;Y;Y;N;N;Y
1253852;4354;4360;2021;complete;69042;5;-1;;;0;0;0;4;11;15;-1;-1;-1;-1;-1;-1;2;8;6;15;8;23;-1;-1;44;56;-1;-1;1.87;3.3;1.83;1.07;1.31;1.95;3;5.25;7.25;2.9;1.85;1.29;1.11;1.78;1.93;0;0;0;0;1.38;1.29;1.51;3.1;2.2;3.1;3;2.5;2.7;0;0;0;1.49;2.38;2.45;3.35;0;2.48;1.93;1.5;1.29;0;0;0;2.1;7.25;1.83;0;0;1.38;2.85;6.7;0;2.8;1.37;1.07;0;1.22;2.16;5;10.5;3.74;1.64;1.14;1.02;0;0;0;0;0;0;0;0;0;0;0;2021-06-30 23:15:00;-1;0;75;25;50;0;1;-1;2;7;2;4;9;6;-1;-1;-1;-1;-1;-1;1;65;87;107;140;1.12;2.64;3.76;0;0;0;0;0;0;1;1;0;0;1;0;-1;-1;-1;-1;-1;-1;-1;-1;-1;-1;-1;25;25;75;75;100;50;100;75;50;12;0;5.5;3;Racing;Cerro;2;1.92;3;1.5;2.5;1.25;75;75;25;25;0;50;25;25;1.61;2.43;4.04;5908;24;N;N;N;N;N;N;N
1253853;4369;4361;2021;complete;69042;5;-1;61,90;;2;0;2;6;1;7;-1;-1;-1;-1;-1;-1;7;3;6;4;13;7;-1;-1;53;47;-1;-1;3.82;3.36;1.92;1.07;1.34;2.07;3.25;6;7;2.75;1.67;1.26;1.1;2;1.73;0;0;0;0;1.8;1.29;1.25;4.33;2.1;2.5;3.75;2.5;2.25;0;0;1.36;1.66;2.14;2.9;0;2.95;2.12;1.64;1.37;0;0;0;0;2.75;6.75;1.62;0;0;1.4;3;7.3;15;2.7;1.35;1.06;1.02;1.29;2.2;5;13;3.5;1.62;1.17;1.04;0;0;0;0;2;0;0;2;0;2;0;2021-07-01 17:00:00;4369;0;50;25;25;0;1;-1;4;1;2;0;5;2;-1;-1;-1;-1;-1;-1;1;77;81;112;120;1.87;1.25;3.12;-1;-1;-1;-1;-1;-1;-1;1;0;0;0;1;-1;-1;-1;-1;-1;-1;-1;-1;-1;-1;-1;0;25;25;50;50;25;50;25;25;16;0;2;1.5;Atenas;Defensor Sporting;0.91;1.92;1;1;0.75;2;100;75;75;50;50;100;100;25;1.78;1.67;3.45;5908;22;Y;Y;N;N;N;N;N
1253854;4355;4395;2021;complete;69042;6;-1;;33;0;1;1;5;4;9;-1;-1;-1;-1;-1;-1;2;5;7;5;9;10;-1;-1;53;47;-1;-1;2.41;3.08;2.87;1.08;1.33;2.11;3.05;5.5;6.75;2.8;1.65;1.28;1.11;1.91;1.8;0;0;0;0;1.4;1.36;1.53;3;2.05;3.4;2.63;2.38;3;0;0;1.3;1.58;2;2.7;0;3.2;2.25;1.73;1.42;0;0;0;0;1.83;6;2.25;0;0;1.5;3.25;9;23;2.5;1.33;1.07;1.01;1.29;2.2;5;13;3.5;1.62;1.17;1.04;0;0;0;0;1;0;1;0;0;0;1;2021-07-08 19:15:00;4395;0;75;50;50;0;1;-1;0;3;5;1;3;6;-1;-1;-1;-1;-1;-1;1;80;60;142;128;1.3;1.43;2.73;-1;-1;-1;-1;-1;-1;-1;1;0;0;0;0;-1;-1;-1;-1;-1;-1;-1;-1;-1;-1;-1;0;50;75;100;100;75;100;75;75;9.5;0;8;3.25;Rampla Juniors;Albion;1.18;2.18;0.5;2;1;1;100;50;25;0;0;50;25;25;1.64;1.7;3.34;5908;22;Y;N;N;N;N;N;N
1253855;4356;4388;2021;complete;69042;6;-1;90;;1;0;1;8;4;12;-1;-1;-1;-1;-1;-1;8;4;9;2;17;6;-1;-1;58;42;-1;-1;1.73;3.42;4.61;1.09;1.41;2.07;3.7;7;6;2.5;1.67;1.2;1.07;2.5;1.5;0;0;0;0;1.2;1.25;1.91;2.3;2;5.5;2.05;2.4;5;0;0;1.3;1.55;2;2.63;0;3.3;2.32;1.8;1.44;0;0;0;0;1.5;6;3.5;0;0;1.42;3.1;8;26;2.65;1.32;1.05;1.01;1.33;2.5;6;15;3.25;1.5;1.13;1.03;0;0;0;0;1;0;0;1;0;1;0;2021-07-08 17:00:00;4356;0;25;0;0;0;1;-1;2;0;6;4;2;10;-1;-1;-1;-1;-1;-1;1;82;63;139;113;2.23;1.13;3.36;-1;-1;-1;-1;-1;-1;-1;1;0;0;0;0;-1;-1;-1;-1;-1;-1;-1;-1;-1;-1;-1;0;0;25;25;100;0;75;50;25;8;0;1;1.5;Danubio;Uruguay Montevideo FC;1.82;1.27;3;0;2;0.8;100;100;75;75;0;75;0;0;1.59;1.07;2.66;5908;22;Y;N;N;N;N;N;N
1253856;4381;4365;2021;complete;69042;6;-1;22,45;38;2;1;3;3;5;8;-1;-1;-1;-1;-1;-1;3;3;2;4;5;7;-1;-1;32;68;-1;-1;3.05;2.8;2.2;1.1;1.43;2.15;3.6;6.75;5.75;2.45;1.54;1.21;1.08;1.95;1.71;0;0;0;0;1.68;1.29;1.26;4;2;2.88;3.5;2.34;2.5;0;0;1.3;1.55;2;2.63;0;3.3;2.32;1.8;1.44;0;0;0;0;2.5;6.5;1.73;0;0;1.43;3;7.9;15;2.6;1.34;1.05;1.02;1.33;2.5;5.5;15;3.25;1.5;1.14;1.03;0;0;0;0;3;2;1;0;0;0;3;2021-07-08 21:30:00;4381;0;75;0;50;0;1;-1;2;4;1;1;6;2;-1;-1;-1;-1;-1;-1;1;59;108;72;139;0.95;1.44;2.4;-1;-1;-1;-1;-1;-1;-1;1;0;0;0;1;-1;-1;-1;-1;-1;-1;-1;-1;-1;-1;-1;50;75;75;100;100;75;75;75;75;10.5;0;4;4;Rocha;Juventud;0.91;1.18;1.5;3;1;1.8;50;25;25;0;0;100;25;25;1.19;2.15;3.34;5908;22;Y;Y;Y;N;N;N;Y
1253857;4361;4354;2021;complete;69042;6;-1;56;4,26,48,52;1;4;5;10;4;14;-1;-1;3;2;0;0;4;5;4;2;8;7;-1;-1;62;38;3;2;1.4;3.4;2.75;1.08;1.35;2.08;3.2;5.75;6.75;2.7;1.73;1.26;1.1;2;1.73;0;0;0;0;1.3;1.29;1.61;2.6;2.1;4;2.25;2.5;3.75;0;0;1.3;1.55;2;2.63;0;3.3;2.32;1.8;1.44;0;0;0;0;1.57;6.75;2.75;0;0;1.41;2.9;7.6;15;2.7;1.36;1.05;1.02;1.29;2.2;5;13;3.5;1.62;1.17;1.04;0;0;0;0;5;0;2;1;2;3;2;2021-07-08 23:45:00;4354;0;75;25;75;0;1;1;2;3;8;1;5;9;0;1;3;1;1;4;1;85;73;101;102;1.4;1.33;2.73;1;0;1;0;0;0;1;1;0;1;0;0;0;0;-1;-1;-1;-1;-1;-1;-1;-1;-1;25;75;100;100;100;25;50;100;100;10;0;2.5;4;Defensor Sporting;Racing;1.46;1.15;3;2;1.6;2.2;75;25;0;0;0;50;0;0;2.23;1.76;3.99;5908;26;Y;Y;Y;Y;Y;N;Y
1253858;4360;4367;2021;complete;69042;6;-1;18;90;1;1;2;3;6;9;-1;-1;-1;-1;-1;-1;5;9;3;3;8;12;-1;-1;45;55;-1;-1;1.33;3;3.1;1.08;1.32;2;3.05;5.5;6.75;2.85;1.8;1.28;1.11;1.87;1.83;0;0;0;0;1.11;1.28;1.9;2.38;2.05;5;2.07;2.46;5;0;0;0;0;0;0;0;0;0;0;0;0;0;0;0;1.57;6.5;2.88;0;0;1.5;3.06;7.6;0;2.4;1.33;1.05;0;1.22;2.11;5;10.5;3.74;1.67;1.14;1.02;0;0;0;0;2;1;0;0;1;1;1;2021-07-07 23:15:00;-1;0;50;0;50;0;1;-1;2;4;1;2;6;3;-1;-1;-1;-1;-1;-1;1;73;96;113;116;1.39;2.08;3.47;-1;-1;-1;-1;-1;-1;-1;1;0;0;1;1;-1;-1;-1;-1;-1;-1;-1;-1;-1;-1;-1;25;25;25;50;75;0;50;50;50;6.5;0;3;2;Cerro;Villa Teresa;1.42;1.36;1;1.5;1.2;0.8;75;75;75;50;25;100;75;25;1.19;1.48;2.67;5908;22;Y;Y;N;N;N;N;Y
1253859;4377;4369;2021;complete;69042;6;-1;;21,66,90;0;3;3;2;4;6;-1;-1;-1;-1;-1;-1;0;10;3;5;3;15;-1;-1;49;51;-1;-1;2.85;3.1;2.15;1.06;1.27;1.8;2.8;4.8;8;3.1;1.8;1.33;1.13;1.67;2;0;0;0;0;1.6;1.22;1.3;3.25;2.1;3;3;2.5;2.7;0;0;1.47;1.9;2.48;3.45;0;2.5;1.9;1.49;1.27;0;0;0;0;2.1;7.75;1.83;0;0;1.35;2.85;6.6;15;3;1.37;1.08;1.02;1.22;2.16;4.5;10;3.74;1.64;1.17;1.03;0;0;0;0;3;0;1;0;2;2;1;2021-07-07 21:00:00;4369;0;75;25;50;0;1;-1;1;2;1;2;3;3;-1;-1;-1;-1;-1;-1;1;76;73;136;114;0.76;2.18;2.93;-1;-1;-1;-1;-1;-1;-1;1;0;0;0;1;-1;-1;-1;-1;-1;-1;-1;-1;-1;-1;-1;25;25;50;75;75;25;50;75;75;8;0;1;2.5;Central Español;Atenas;1.58;1.27;2;0.5;1.4;1.2;75;75;50;25;25;100;75;50;1.42;1.58;3;5908;22;Y;Y;Y;N;N;N;N
1253860;4395;4369;2021;complete;69042;7;-1;45;;1;0;1;7;1;8;-1;-1;-1;-1;-1;-1;3;4;4;3;7;7;-1;-1;41;59;-1;-1;2.4;2.9;1.5;1.09;1.53;2.7;3.05;5.5;6.5;2.35;1.44;1.28;1.11;2.2;1.6;0;0;0;0;1.6;1.33;1.28;4;1.91;3;3.88;2.22;2.62;0;0;0;0;0;0;0;0;0;0;0;0;0;0;0;2.6;6.5;1.8;0;0;1.48;2.65;6.9;17;2.65;1.43;1.07;1.01;1.26;2.26;5;11;3.5;1.58;1.13;1.03;0;0;0;0;1;1;0;0;0;0;1;2021-07-15 14:45:00;4395;0;84;0;67;0;1;-1;5;0;2;1;5;3;-1;-1;-1;-1;-1;-1;1;85;97;102;163;1.27;1.44;2.71;-1;-1;-1;-1;-1;-1;-1;1;0;0;0;0;-1;-1;-1;-1;-1;-1;-1;-1;-1;-1;-1;0;17;84;100;100;0;84;100;100;9;0;5.5;3;Albion;Atenas;1.82;1.27;0.33;1.33;1.33;1.5;100;84;17;0;0;67;33;17;1.47;1.78;3.25;5908;22;Y;N;N;N;N;N;N
1253861;4388;4381;2021;complete;69042;7;-1;24,67;57;2;1;3;3;4;7;-1;-1;1;3;0;0;6;4;6;9;12;13;-1;-1;48;52;1;3;2.85;2.75;2.35;1.11;1.43;2.15;3.55;6.75;5.5;2.45;1.54;1.22;1.08;1.95;1.71;0;0;0;0;1.57;1.33;1.33;3.4;2;3.1;3.56;2.35;2.62;0;0;1.28;1.52;2;2.55;0;3.4;2.38;1.8;1.47;0;0;0;0;2.3;6;1.91;0;0;1.43;3.05;8;17;2.6;1.33;1.05;1.01;1.27;2.3;5.2;12;3.4;1.55;1.13;1.02;0;0;0;0;3;1;0;1;1;2;1;2021-07-14 21:00:00;4388;0;67;17;67;0;1;1;1;2;2;2;3;4;0;1;1;2;1;3;1;76;72;101;104;1.73;1.62;3.35;0;0;0;0;0;0;1;1;0;0;1;0;0;1;-1;-1;-1;-1;-1;-1;-1;-1;-1;17;50;67;84;84;17;67;84;67;9;0;6;3;Uruguay Montevideo FC;Rocha;1;0.45;1.33;0.67;0.67;1.33;84;50;33;17;17;84;67;50;1.6;1.36;2.96;5908;22;Y;Y;Y;N;N;N;Y
1253862;4367;4361;2021;complete;69042;7;-1;;64,82;0;2;2;7;7;14;-1;-1;-1;-1;-1;-1;4;5;5;6;9;11;-1;-1;54;46;-1;-1;2.75;3.3;2.3;1.08;1.38;2.06;3.45;6.5;6.5;2.55;1.68;1.22;1.08;1.99;1.78;0;0;0;0;1.53;1.3;1.4;4;2.05;2.6;3.76;2.38;2.48;0;0;0;0;2.4;0;0;0;0;1.9;0;0;0;0;0;2.63;7.5;1.62;0;0;1.4;3.1;7.9;0;2.7;1.32;1.05;0;1.29;2.31;5.5;11;3.24;1.56;1.12;1.02;0;0;0;0;2;0;0;0;2;2;0;2021-07-15 17:15:00;4361;0;50;0;50;0;1;-1;4;5;3;2;9;5;-1;-1;-1;-1;-1;-1;1;32;34;61;53;1.08;1.29;2.37;-1;-1;-1;-1;-1;-1;-1;1;0;0;2;2;-1;-1;-1;-1;-1;-1;-1;-1;-1;-1;-1;0;50;50;67;84;17;67;67;67;9.67;0;3;2.5;Villa Teresa;Defensor Sporting;0.27;1.92;0.33;0.67;0.83;1.33;100;50;50;33;17;84;50;33;1.73;1.53;3.26;5908;22;Y;Y;N;N;N;N;N
1253863;4365;4360;2021;complete;69042;7;-1;24,45,86;21;3;1;4;5;4;9;-1;-1;-1;-1;-1;-1;5;4;3;4;8;8;-1;-1;50;50;-1;-1;2;3;1.72;1.1;1.39;2.2;3.4;6.5;5.75;2.5;1.65;1.24;1.09;1.88;1.87;0;0;0;0;1.36;1.33;1.5;3.4;2.05;3;3.46;2.38;2.62;0;0;0;1.49;2.38;2.45;3.35;0;2.48;1.93;1.5;1.29;0;0;0;2.25;6.25;1.83;0;0;1.45;3.3;9;17;2.5;1.3;1.04;1.01;1.31;2.46;5.8;12;3.1;1.48;1.1;1.02;0;0;0;0;4;2;1;1;0;1;3;2021-07-14 23:30:00;4365;0;50;17;34;0;1;-1;2;3;3;1;5;4;-1;-1;-1;-1;-1;-1;1;61;83;125;149;1.31;1.4;2.71;-1;-1;-1;-1;-1;-1;-1;1;0;0;0;2;-1;-1;-1;-1;-1;-1;-1;-1;-1;-1;-1;17;17;50;50;84;17;50;84;50;12.33;0;7.5;2.17;Juventud;Cerro;1.45;1.92;1;1.33;1.5;1.17;84;84;50;50;17;67;34;34;1.68;2.5;4.18;5908;22;Y;Y;Y;Y;N;N;Y
1253864;4354;4377;2021;complete;69042;7;-1;78;;1;0;1;8;4;12;-1;-1;2;1;0;0;6;2;16;9;22;11;-1;-1;50;50;2;1;1.69;3.15;4.2;1.08;1.34;1.95;3.2;6;7;2.75;1.67;1.26;1.1;1.91;1.74;0;0;0;0;1.13;1.24;2.12;2.5;2.05;4.5;2.2;2.48;4.28;0;0;1.36;1.66;2.14;2.9;0;2.95;2.12;1.64;1.37;0;0;0;0;1.57;6.75;2.88;0;0;1.42;2.9;7.7;17;2.65;1.35;1.05;1.01;1.26;2.26;5;11;3.5;1.58;1.13;1.02;0;0;0;0;1;0;0;1;0;1;0;2021-07-15 19:45:00;4354;0;50;0;17;0;1;1;4;0;4;4;4;8;0;1;2;0;1;2;1;101;49;149;122;2.54;1.2;3.74;0;0;0;0;0;0;1;1;0;0;2;0;0;0;-1;-1;-1;-1;-1;-1;-1;-1;-1;17;34;67;67;84;33;84;67;50;9.67;0;3.5;2.67;Racing;Central Español;2;1.33;2.33;1;2.33;1.17;84;67;34;34;17;50;33;33;1.37;1.18;2.55;5908;24;Y;N;N;N;N;N;N
1253865;4355;4356;2021;complete;69042;7;-1;;;0;0;0;5;6;11;-1;-1;-1;-1;-1;-1;4;6;1;3;5;9;-1;-1;42;58;-1;-1;4.2;3.15;1.69;1.08;1.35;2;3.3;6;6.75;2.7;1.62;1.25;1.09;1.95;1.71;0;0;0;0;1.67;1.28;1.27;4.33;2.1;2.5;4.38;2.38;2.26;0;0;1.36;1.66;2.14;2.9;0;2.95;2.12;1.64;1.37;0;0;0;0;2.88;6.5;1.57;0;0;1.42;3;7.8;15;2.65;1.35;1.05;1.02;1.27;2.26;5.1;12;3.4;1.58;1.13;1.02;0;0;0;0;0;0;0;0;0;0;0;2021-07-15 22:15:00;-1;0;33;17;17;0;1;-1;3;2;2;4;5;6;-1;-1;-1;-1;-1;-1;1;65;90;94;128;1.07;1.65;2.72;0;0;0;0;0;0;1;1;0;0;1;0;-1;-1;-1;-1;-1;-1;-1;-1;-1;-1;-1;0;17;33;50;84;50;67;50;17;9.33;0;5.5;1.83;Rampla Juniors;Danubio;1.18;1.91;0.33;1.33;0.83;2.17;100;84;67;50;17;50;17;17;1.52;1.89;3.41;5908;22;N;N;N;N;N;N;N
1253866;4361;4365;2021;complete;69042;8;-1;31;58,81;1;2;3;5;1;6;-1;-1;-1;-1;-1;-1;4;5;4;8;8;13;-1;-1;50;50;-1;-1;1.47;3.3;2.5;1.09;1.36;2.15;3.35;6.5;6.5;2.65;1.67;1.25;1.08;1.89;1.86;0;0;0;0;1.38;1.29;1.5;2.63;2.05;4;2.32;2.44;3.98;0;0;1.28;1.52;2;2.55;0;3.4;2.38;1.8;1.47;0;0;0;0;1.67;6.25;2.6;0;0;1.39;2.8;7.2;0;2.75;1.38;1.06;0;1.24;2.17;4.8;10.5;3.6;1.61;1.15;1.02;0;0;0;0;3;1;0;0;2;2;1;2021-07-21 23:30:00;4365;0;67;17;50;0;1;-1;3;0;2;1;3;3;-1;-1;-1;-1;-1;-1;1;78;77;162;156;1.37;1.74;3.11;-1;-1;-1;-1;-1;-1;-1;1;0;0;0;0;-1;-1;-1;-1;-1;-1;-1;-1;-1;-1;-1;17;50;84;100;100;67;84;67;67;11.66;0;4;3.5;Defensor Sporting;Juventud;1.46;1.18;2;2;1.57;1.71;84;50;17;0;0;67;17;17;1.95;1.92;3.87;5908;22;Y;Y;Y;N;N;N;Y
1253867;4377;4367;2021;complete;69042;8;-1;54,59;27;2;1;3;6;5;11;-1;-1;-1;-1;-1;-1;7;3;1;3;8;6;-1;-1;47;53;-1;-1;1.63;2.9;2.1;1.1;1.38;2.15;3.3;6.25;6;2.6;1.67;1.25;1.09;1.9;1.85;0;0;0;0;1.25;1.25;1.77;2.88;2;3.75;2.57;2.37;3.56;0;0;1.28;1.52;1.98;2.55;0;3.4;2.38;1.83;1.47;0;0;0;0;1.8;5.75;2.38;0;0;1.4;3.1;7;0;2.7;1.32;1.07;0;1.25;2.25;5.5;11;3.5;1.57;1.12;1.02;0;0;0;0;3;0;1;2;0;2;1;2021-07-24 15:45:00;4377;0;50;17;33;0;1;-1;1;3;5;2;4;7;-1;-1;-1;-1;-1;-1;1;72;109;109;115;1.52;1.38;2.9;-1;-1;-1;-1;-1;-1;-1;1;0;0;0;0;-1;-1;-1;-1;-1;-1;-1;-1;-1;-1;-1;33;33;50;67;84;17;84;67;50;7.33;0;4;2.67;Central Español;Villa Teresa;1.58;1.36;1.33;1.33;1;0.71;67;67;50;33;17;84;50;50;1.2;1.68;2.88;5908;22;Y;Y;Y;N;N;N;Y
1253868;4360;4388;2021;complete;69042;8;-1;;69;0;1;1;5;7;12;-1;-1;-1;-1;-1;-1;5;5;3;5;8;10;-1;-1;48;52;-1;-1;1.95;2.75;3.75;1.1;1.38;2.05;3.35;6.25;6;2.6;1.61;1.25;1.09;1.83;1.8;0;0;0;0;1.37;1.29;1.51;2.63;2.05;4;2.38;2.45;3.86;0;0;1.28;1.52;2;2.55;0;3.4;2.38;1.8;1.47;0;0;0;0;1.67;6.75;2.6;0;0;1.39;2.8;7.2;15;2.75;1.38;1.06;1.02;1.24;2.17;4.8;11;3.6;1.61;1.15;1.02;0;0;0;0;1;0;0;0;1;1;0;2021-07-21 21:00:00;4388;0;34;0;17;0;1;-1;2;4;3;3;6;6;-1;-1;-1;-1;-1;-1;1;100;71;130;105;1.59;1.5;3.08;-1;-1;-1;-1;-1;-1;-1;1;0;0;1;0;-1;-1;-1;-1;-1;-1;-1;-1;-1;-1;-1;0;0;0;34;84;0;33;67;17;5.67;0;1;1.17;Cerro;Uruguay Montevideo FC;1.42;1.27;1;0;1;1;100;100;100;67;17;84;50;17;1.26;1.09;2.35;5908;22;Y;N;N;N;N;N;N
1253869;4381;4355;2021;complete;69042;8;-1;21,73;;2;0;2;1;3;4;-1;-1;1;5;0;0;5;2;11;8;16;10;-1;-1;43;57;1;5;3;3.05;2.1;1.1;1.42;2.15;3.6;7;6;2.45;1.54;1.21;1.08;2;1.65;0;0;0;0;1.3;1.3;1.65;3.75;2.05;2.88;3.36;2.4;2.67;0;0;1.3;1.58;2;2.7;0;3.2;2.25;1.73;1.42;0;0;0;0;2.5;6.25;1.73;0;0;1.43;3;8;17;2.6;1.34;1.05;1.01;1.28;2.3;5.3;11;3.3;1.54;1.12;1.02;0;0;0;0;2;1;0;1;0;1;1;2021-07-22 22:15:00;4381;0;67;33;17;0;1;1;0;2;1;1;2;2;1;1;0;4;2;4;1;56;99;133;168;1.77;1.5;3.28;0;0;0;0;0;0;1;1;0;0;0;0;0;0;-1;-1;-1;-1;-1;-1;-1;-1;-1;34;34;50;84;100;50;84;50;34;11.33;0;2;3;Rocha;Rampla Juniors;0.91;0.73;2;1.33;1.14;0.86;67;67;50;17;0;84;17;17;1.11;1.6;2.71;5908;22;Y;Y;N;N;N;N;N
1253870;4369;4354;2021;complete;69042;8;-1;;;0;0;0;5;6;11;-1;-1;6;0;0;0;7;0;4;4;11;4;-1;-1;52;48;6;0;2.2;3.2;1.58;1.07;1.35;2.08;3.7;7;7.5;3.01;1.73;1.24;1.08;1.9;1.86;0;0;0;0;1.7;1.27;1.25;3.5;2.1;2.88;3.36;2.47;2.57;0;0;1.4;1.73;2.25;3.1;0;2.8;2.02;1.58;1.33;0;0;0;0;2.3;6.5;1.8;0;0;1.42;3.15;7.8;15;2.65;1.3;1.05;1.02;1.27;2.28;5.2;11;3.4;1.56;1.13;1.02;0;0;0;0;0;0;0;0;0;0;0;2021-07-22 17:15:00;-1;0;67;33;50;0;1;1;2;2;3;4;4;7;1;0;5;0;1;5;1;84;85;120;105;1.8;0.87;2.67;0;0;0;0;0;0;1;1;0;0;0;0;0;0;-1;-1;-1;-1;-1;-1;-1;-1;-1;34;50;50;84;84;50;50;67;67;11;0;3.33;3;Atenas;Racing;0.91;1.15;1.67;2.33;1.29;2.43;67;50;50;17;17;59;42;17;1.82;1.61;3.43;5908;22;N;N;N;N;N;N;N
1253871;4356;4395;2021;complete;69042;8;-1;;23,72;0;2;2;5;7;12;-1;-1;2;1;1;0;0;3;5;1;5;4;-1;-1;57;43;3;1;2.4;2.95;2.6;1.09;1.38;2.1;3.4;6.5;6;2.55;1.57;1.24;1.09;1.91;1.74;0;0;0;0;1.17;1.28;1.91;3.25;2.05;3.25;2.72;2.4;3.26;0;0;1.28;1.52;1.91;2.55;0;3.4;2.38;1.81;1.47;0;0;0;0;1.8;7;2.3;0;0;1.5;3.3;8.1;15;2.4;1.3;1.04;1.02;1.28;2.4;5.3;12;3.3;1.51;1.12;1.03;0;0;0;0;2;0;1;0;1;1;1;2021-07-22 19:45:00;4395;0;50;17;17;0;1;1;1;6;4;1;7;5;1;1;2;0;2;2;1;89;70;123;101;0.97;0.98;1.95;0;0;0;0;0;0;1;1;0;0;0;2;0;0;-1;-1;-1;-1;-1;-1;-1;-1;-1;0;17;50;50;100;17;84;67;50;12;0;4;2.17;Danubio;Albion;1.82;2.18;3;2.33;2;1.57;100;84;50;50;0;84;33;33;1.8;1.61;3.41;5908;22;Y;Y;N;N;N;N;N
1253872;4395;4354;2021;complete;69042;9;-1;;;0;0;0;6;6;12;-1;-1;0;0;0;1;3;5;6;9;9;14;-1;-1;48;52;0;2;2.08;3.2;1.64;1.08;1.35;2.08;3.25;6;6.75;2.7;1.73;1.25;1.1;1.8;1.91;0;0;0;0;1.61;1.25;1.39;3.75;2.1;2.75;3.24;2.47;2.67;0;0;1.28;1.52;1.91;2.55;0;3.4;2.38;1.81;1.47;0;0;0;0;2.3;7.25;1.8;0;0;1.37;2.88;7.5;0;2.8;1.35;1.06;0;1.25;2.2;4.9;11;3.6;1.59;1.14;1.02;0;0;0;0;0;0;0;0;0;0;0;2021-07-28 23:30:00;-1;0;75;13;75;0;1;1;4;0;2;6;4;8;0;0;0;1;0;1;1;71;78;122;113;1.3;1.8;3.1;0;0;0;0;0;0;1;1;0;0;0;0;0;0;-1;-1;-1;-1;-1;-1;-1;-1;-1;25;50;75;75;88;25;75;75;75;9.75;0;6.5;3.13;Albion;Racing;1.82;1.15;1;2;1.75;2.25;75;50;25;25;13;63;38;38;1.42;1.43;2.85;5908;22;N;N;N;N;N;N;N
1253873;4388;4361;2021;complete;69042;9;-1;;8,51;0;2;2;6;2;8;-1;-1;3;5;0;0;4;5;4;4;8;9;-1;-1;51;49;3;5;3.95;3.1;1.77;1.09;1.38;2.1;3.5;6.75;6.25;2.55;1.57;1.22;1.08;2;1.65;0;0;0;0;1.36;1.3;1.57;4.75;2.1;2.4;4.36;2.45;2.22;0;0;1.28;1.52;2;2.55;0;3.4;2.38;1.8;1.47;0;0;0;0;3;6.5;1.53;0;0;1.4;3;8;17;2.75;1.35;1.05;1.01;1.28;2.25;5.5;12;3.3;1.57;1.12;1.02;0;0;0;0;2;0;1;0;1;1;1;2021-07-28 21:00:00;4361;0;50;13;50;0;1;1;1;1;5;1;2;6;0;2;3;3;2;6;1;82;75;108;113;1.38;1.47;2.85;0;1;0;1;0;0;1;1;0;1;0;0;0;0;-1;-1;-1;-1;-1;-1;-1;-1;-1;13;38;50;88;88;13;63;88;75;10.5;0;1.5;2.75;Uruguay Montevideo FC;Defensor Sporting;1;1.92;1.75;1.25;1.25;1.38;88;63;50;13;13;75;63;50;1.63;1.47;3.1;5908;22;Y;Y;N;N;N;N;N
1253874;4356;4381;2021;complete;69042;9;-1;25;;1;0;1;3;2;5;-1;-1;3;3;0;0;8;2;8;1;16;3;-1;-1;56;44;3;3;1.33;3.4;2.95;1.1;1.4;2.25;3.55;6.75;6;2.5;1.62;1.22;1.08;2.11;1.69;0;0;0;0;1.33;1.33;1.62;2.5;2.05;4.5;2.17;2.53;4.34;0;0;1.3;1.56;2;2.63;0;3.25;2.3;1.8;1.44;0;0;0;0;1.57;6.25;2.88;0;0;1.43;3.15;8;17;2.6;1.3;1.05;1.01;1.3;2.4;5.5;12;3.2;1.51;1.11;1.02;0;0;0;0;1;1;0;0;0;0;1;2021-07-29 18:30:00;4356;0;50;0;38;0;1;1;1;1;2;1;2;3;2;1;1;2;3;3;1;102;68;136;111;2.31;0.84;3.14;0;0;0;0;0;0;1;1;0;0;0;0;0;0;-1;-1;-1;-1;-1;-1;-1;-1;-1;0;13;50;63;88;0;63;75;50;10.25;0;6.67;2.13;Danubio;Rocha;1.82;0.45;2.25;0.5;1.75;1.38;100;88;50;38;13;75;50;38;1.6;1.42;3.02;5908;22;Y;N;N;N;N;N;N
1253875;4367;4369;2021;complete;69042;9;-1;;39,44,83;0;3;3;2;5;7;-1;-1;1;1;0;0;2;8;1;5;3;13;-1;-1;48;52;1;1;3;3.1;2.05;1.09;1.39;2.05;3.45;6.5;6.25;2.55;1.59;1.24;1.08;1.95;1.69;0;0;0;0;1.75;1.28;1.23;4;2.05;2.63;3.46;2.43;2.57;0;0;1.3;1.56;2;2.63;0;3.25;2.3;1.8;1.44;0;0;0;0;2.5;6.5;1.73;0;0;1.43;3;8;0;2.6;1.34;1.05;0;1.28;2.3;5.3;11;3.3;1.54;1.12;1.02;0;0;0;0;3;0;2;0;1;1;2;2021-07-29 23:30:00;4369;0;50;0;38;0;1;1;1;4;1;1;5;2;0;0;1;1;0;2;1;79;107;149;153;0.92;2.16;3.08;0;0;0;0;0;0;1;1;0;0;0;0;0;0;-1;-1;-1;-1;-1;-1;-1;-1;-1;0;25;50;75;100;13;75;75;75;8.25;0;3;2.5;Villa Teresa;Atenas;0.27;1.27;0.25;1;0.63;1.25;100;75;50;25;0;75;38;25;1.57;1.69;3.26;5908;22;Y;Y;Y;N;N;N;N
1253876;4365;4377;2021;complete;69042;9;-1;20;79;1;1;2;3;6;9;-1;-1;-1;-1;-1;-1;4;2;6;9;10;11;-1;-1;51;49;-1;-1;1.49;3.35;5.5;1.09;1.36;2.05;3.45;6.5;6.5;2.65;1.61;1.24;1.08;2.1;1.61;0;0;0;0;1.14;1.25;2.2;2.2;2.1;5.5;2.09;2.5;4.68;0;0;0;0;0;0;0;0;0;0;0;0;0;0;0;1.4;7;3.6;0;0;1.39;2.8;7.2;17;2.75;1.38;1.06;1.01;1.24;2.17;4.8;11;3.6;1.61;1.15;1.02;0;0;0;0;2;1;0;0;1;1;1;2021-07-29 21:00:00;-1;0;50;13;13;0;1;-1;0;2;3;4;2;7;-1;-1;-1;-1;-1;-1;1;77;65;132;144;1.48;1.32;2.8;-1;-1;-1;-1;-1;-1;-1;1;0;0;0;1;-1;-1;-1;-1;-1;-1;-1;-1;-1;-1;-1;13;38;63;63;100;25;63;100;50;9;0;5;2.75;Juventud;Central Español;1.45;1.33;1.5;0.75;1.88;1.25;88;63;38;38;0;63;25;25;1.59;1.18;2.77;5908;22;Y;Y;N;N;N;N;Y
1253877;4355;4360;2021;complete;69042;9;-1;;14;0;1;1;3;2;5;-1;-1;4;2;0;0;5;4;2;1;7;5;-1;-1;49;51;4;2;2.4;3.1;1.5;1.09;1.38;2.4;3.4;6.25;6.25;2.6;1.53;1.24;1.09;2.12;1.69;0;0;0;0;1.59;1.3;1.29;3.75;2.1;2.75;3.66;2.3;2.62;0;0;1.28;1.52;2;2.55;0;3.4;2.38;1.8;1.47;0;0;0;0;2.5;6.25;1.8;0;0;1.44;3.25;8;0;2.62;1.3;1.05;0;1.28;2.3;5.3;12;3.3;1.54;1.12;1.02;0;0;0;0;1;0;1;0;0;0;1;2021-07-31 14:45:00;4360;0;50;38;38;0;1;1;0;0;3;2;0;5;1;0;3;2;1;5;1;83;75;128;114;1.4;1.15;2.55;0;0;0;0;0;0;1;1;0;0;0;0;0;0;-1;-1;-1;-1;-1;-1;-1;-1;-1;13;38;50;63;75;50;75;50;38;12;0;8.5;2.38;Rampla Juniors;Cerro;1.18;1.92;0.5;1;0.75;0.88;88;63;50;38;25;88;38;38;1.41;2.22;3.63;5908;22;Y;N;N;N;N;N;N
1253878;4360;4356;2021;complete;69042;10;-1;10;70;1;1;2;3;6;9;-1;-1;-1;-1;-1;-1;4;6;4;3;8;9;-1;-1;44;56;-1;-1;2.08;3;1.65;1.11;1.48;2.6;3.8;7.5;5;2.25;1.48;1.18;1.06;2.05;1.71;0;0;0;0;1.49;1.31;1.38;3.75;1.91;3.2;3.56;2.24;2.77;0;0;0;0;2.38;0;0;0;0;1.95;0;0;0;0;0;2.38;6.75;1.91;0;0;1.48;3.1;8.3;17;2.5;1.32;1.04;1.01;1.29;2.37;5.4;12;3.3;1.53;1.12;1.03;0;0;0;0;2;1;0;0;1;1;1;2021-08-05 23:00:00;-1;0;38;0;13;0;1;-1;1;4;2;2;5;4;-1;-1;-1;-1;-1;-1;1;90;92;148;144;1.45;1.67;3.12;-1;-1;-1;-1;-1;-1;-1;1;1;0;0;1;-1;-1;-1;-1;-1;-1;-1;-1;-1;-1;-1;0;0;13;38;63;13;25;63;13;9;0;1.5;1.13;Cerro;Danubio;1.42;1.91;0.75;1.25;1.11;1.89;100;100;88;63;38;75;63;38;1.34;1.81;3.15;5908;22;Y;Y;N;N;N;N;Y
1253879;4361;4355;2021;complete;69042;10;-1;69;;1;0;1;7;2;9;-1;-1;2;3;0;0;4;5;9;3;13;8;-1;-1;53;47;2;3;1.62;3.6;4.6;1.09;1.38;2.1;3.45;6.5;6;2.5;1.56;1.21;1.08;1.95;1.62;0;0;0;0;1.17;1.27;1.89;2.4;2.1;4.75;2.2;2.44;4.38;0;0;1.36;1.66;2.14;2.9;0;2.95;2.12;1.64;1.37;0;0;0;0;1.53;7;3;0;0;1.41;3;8.1;17;2.63;1.33;1.04;1.01;1.28;2.36;5.3;12;3.3;1.54;1.12;1.02;0;0;0;0;1;0;0;1;0;1;0;2021-08-05 18:00:00;4361;0;50;13;25;0;1;1;3;0;4;2;3;6;1;2;1;1;3;2;1;80;74;138;144;1.69;1.41;3.09;0;0;0;0;0;0;1;1;0;0;2;0;0;0;-1;-1;-1;-1;-1;-1;-1;-1;-1;13;25;50;88;100;25;88;75;50;11.75;0;4.5;2.75;Defensor Sporting;Rampla Juniors;1.46;0.73;1.5;1;1.56;0.67;88;75;50;13;0;59;13;13;1.81;1.57;3.38;5908;22;Y;N;N;N;N;N;N
1253880;4369;4365;2021;complete;69042;10;-1;50,56,63,78;83;4;1;5;5;1;6;-1;-1;-1;-1;-1;-1;5;6;10;5;15;11;-1;-1;43;57;-1;-1;2.5;2.65;2.5;1.12;1.5;2.3;4;7.75;4.8;2.2;1.44;1.17;1.06;2.05;1.57;0;0;0;0;1.42;1.33;1.33;3.25;2.05;3.2;2.9;2.47;2.85;0;0;1.4;1.73;2.25;3.1;0;2.8;2.02;1.58;1.33;0;0;0;0;2.2;8.25;1.91;0;0;1.54;2.9;7.6;15;2.36;1.36;1.05;1.02;1.26;2.16;5;11;3.5;1.64;1.14;1.02;0;0;0;0;5;0;0;4;1;5;0;2021-08-05 20:30:00;4369;0;50;25;13;0;1;-1;4;1;1;0;5;1;-1;-1;-1;-1;-1;-1;1;64;101;113;172;1.76;1.86;3.62;-1;-1;-1;-1;-1;-1;-1;1;0;0;0;0;-1;-1;-1;-1;-1;-1;-1;-1;-1;-1;-1;0;13;38;75;75;50;63;38;38;9.83;0;6;2;Atenas;Juventud;0.91;1.18;1.5;2.25;1.44;1.78;100;88;63;25;25;59;34;17;1.81;1.87;3.68;5908;22;Y;Y;Y;Y;Y;N;Y
1253881;4381;4395;2021;complete;69042;10;-1;;23,54;0;2;2;2;6;8;-1;-1;-1;-1;-1;-1;5;9;4;4;9;13;-1;-1;48;52;-1;-1;2.7;2.7;2.5;1.1;1.43;2.3;3.55;6.75;5.25;2.35;1.53;1.2;1.07;1.91;1.67;0;0;0;0;0;0;0;3.5;2;3.1;0;0;0;0;0;0;0;0;0;0;0;0;0;0;0;0;0;0;2.3;0;1.83;0;0;0;0;0;0;0;0;0;0;0;0;0;0;0;0;0;0;0;0;0;0;2;0;1;0;1;1;1;2021-08-04 20:30:00;4395;0;63;25;25;0;1;-1;1;2;1;4;3;5;-1;-1;-1;-1;-1;-1;1;82;91;123;136;1.52;2.11;3.63;-1;-1;-1;-1;-1;-1;-1;1;0;0;0;0;-1;-1;-1;-1;-1;-1;-1;-1;-1;-1;-1;25;38;63;88;100;38;88;75;50;10;0;4;3.13;Rocha;Albion;0.91;2.18;2.25;2.5;1.22;1.67;75;63;38;13;0;63;38;38;1.28;1.45;2.73;5908;22;Y;Y;N;N;N;N;N
1253882;4354;4367;2021;complete;69042;10;-1;34,59;;2;0;2;2;2;4;-1;-1;1;4;0;0;4;3;4;9;8;12;-1;-1;50;50;1;4;1.67;2.7;5;1.08;1.33;1.95;3.1;5.75;6;2.7;1.65;1.26;1.1;1.8;1.77;0;0;0;0;1.1;1.28;2.06;2.38;2.05;5;2.15;2.5;4.38;0;0;0;1.49;1.86;2.45;3.35;0;2.48;1.86;1.5;1.29;0;0;0;1.5;7.25;3.25;0;0;1.4;3.09;8;0;2.7;1.33;1.05;0;1.28;2.11;5.3;11;3.3;1.67;1.12;1.02;0;0;0;0;2;1;0;1;0;1;1;2021-08-07 20:15:00;4354;0;50;0;13;0;1;1;1;1;1;1;2;2;0;2;1;2;2;3;1;38;37;61;83;1.06;1.24;2.3;0;0;0;0;0;0;1;1;0;0;0;0;0;0;-1;-1;-1;-1;-1;-1;-1;-1;-1;13;13;38;50;88;13;75;63;25;9.5;0;4.33;2;Racing;Villa Teresa;2;1.36;2.5;1;2.11;0.56;88;88;63;50;13;75;50;50;1.76;1.61;3.37;5908;22;Y;Y;N;N;N;N;N
1253883;4377;4388;2021;complete;69042;10;-1;44;16,37,54;1;3;4;4;7;11;-1;-1;-1;-1;-1;-1;7;9;2;6;9;15;-1;-1;46;54;-1;-1;2.3;2.8;2.6;1.11;1.48;2.3;3.95;7.5;5.25;2.25;1.45;1.17;1.06;2.05;1.56;0;0;0;0;1.38;1.25;1.44;3.2;1.95;3.5;2.92;2.24;3.36;0;0;1.3;1.58;2;2.7;0;3.2;2.25;1.73;1.42;0;0;0;0;1.91;6.75;2.3;0;0;1.45;3.1;8.2;17;2.6;1.33;1.04;1.01;1.28;2.4;5.4;12;3.3;1.51;1.12;1.02;0;0;0;0;4;1;2;0;1;1;3;2021-08-05 15:30:00;4388;0;25;13;13;0;1;-1;3;0;1;7;3;8;-1;-1;-1;-1;-1;-1;1;78;85;140;147;1.64;2.2;3.84;-1;-1;-1;-1;-1;-1;-1;1;0;0;0;0;-1;-1;-1;-1;-1;-1;-1;-1;-1;-1;-1;13;13;38;38;88;13;50;75;38;7.5;0;2;1.88;Central Español;Uruguay Montevideo FC;1.58;1.27;1.75;0.75;1.22;1.11;88;88;63;63;13;75;63;63;1.28;1.19;2.47;5908;22;Y;Y;Y;Y;N;N;Y
1253884;4381;4360;2021;complete;69042;11;-1;70;12,60,90;1;3;4;2;7;9;-1;-1;0;0;1;0;6;11;2;7;8;18;-1;-1;43;57;2;0;4.25;3.15;1.62;1.1;1.45;2.25;4.05;8.25;5.5;2.3;1.47;1.17;1.05;2.25;1.48;0;0;0;0;1.38;1.32;1.6;4.75;2.1;2.38;4.02;2.4;2.34;0;0;1.28;1.52;1.98;2.55;0;3.4;2.38;1.83;1.47;0;0;0;0;3.1;6.75;1.5;0;0;1.44;3;8.1;17;2.6;1.33;1.04;1.01;1.28;2.32;5.3;12;3.3;1.54;1.12;1.02;0;0;0;0;4;0;1;1;2;3;1;2021-08-12 21:00:00;4360;0;60;30;30;0;1;1;0;2;2;5;2;7;1;0;0;0;1;0;1;79;90;144;136;1.51;2.56;4.07;0;0;0;0;0;0;1;1;0;0;0;0;1;0;-1;-1;-1;-1;-1;-1;-1;-1;-1;30;40;60;80;90;40;80;70;40;10.4;0;5.17;3;Rocha;Cerro;0.91;1.92;1.8;1.4;1.1;1.1;70;60;40;20;10;60;30;30;1.32;2.01;3.33;5908;22;Y;Y;Y;Y;N;N;Y
1253885;4356;4361;2021;complete;69042;11;-1;;90;0;1;1;1;2;3;-1;-1;-1;-1;-1;-1;0;2;4;2;4;4;-1;-1;48;52;-1;-1;1.95;2.75;1.7;1.11;1.43;2.3;3.45;6.5;5.25;2.4;1.6;1.21;1.08;1.91;1.8;0;0;0;0;1.38;1.34;1.5;3.5;1.95;3.2;3.2;2.3;2.85;0;0;1.3;1.55;2;2.63;0;3.3;2.32;1.8;1.44;0;0;0;0;2.3;6.25;1.91;0;0;1.45;3;8.5;0;2.55;1.31;1.03;0;1.3;2.38;6;0;3.2;1.51;1.09;0;0;0;0;0;1;0;0;0;1;1;0;2021-08-14 19:00:00;4361;0;20;0;10;0;1;-1;0;1;1;1;1;2;-1;-1;-1;-1;-1;-1;1;75;91;154;158;0.82;1.07;1.89;-1;-1;-1;-1;-1;-1;-1;1;0;0;0;0;-1;-1;-1;-1;-1;-1;-1;-1;-1;-1;-1;0;10;20;60;90;0;60;70;40;10.8;0;8;1.8;Danubio;Defensor Sporting;1.82;1.92;2.4;1.6;1.8;1.7;100;90;80;40;10;70;50;40;1.74;1.47;3.21;5908;22;Y;N;N;N;N;N;N
1253886;4355;4377;2021;complete;69042;11;-1;11,67;6;2;1;3;4;2;6;-1;-1;-1;-1;-1;-1;10;4;7;5;17;9;-1;-1;49;51;-1;-1;2.1;2.9;2.85;1.09;1.4;2.1;3.5;6.75;5.75;2.45;1.53;1.21;1.07;1.95;1.62;0;0;0;0;1.44;1.32;1.51;2.88;2;3.75;2.57;2.36;3.56;0;0;1.4;1.73;2.25;3.1;0;2.75;2;1.58;1.33;0;0;0;0;1.73;6.75;2.5;0;0;1.43;3;8;17;2.6;1.34;1.05;1.01;1.28;2.3;5.3;12;3.3;1.54;1.12;1.02;0;0;0;0;3;1;1;1;0;1;2;2021-08-12 16:00:00;4355;0;40;10;20;0;1;-1;3;0;1;2;3;3;-1;-1;-1;-1;-1;-1;1;68;66;122;131;2.27;1.34;3.61;-1;-1;-1;-1;-1;-1;-1;1;0;1;0;0;-1;-1;-1;-1;-1;-1;-1;-1;-1;-1;-1;10;30;40;60;90;30;80;60;40;9.4;0;6;2.3;Rampla Juniors;Central Español;1.18;1.33;0.4;0.8;0.6;1.1;90;70;60;40;10;70;30;30;1.41;1.21;2.62;5908;22;Y;Y;Y;N;N;N;Y
1253887;4395;4367;2021;complete;69042;11;-1;72,86;;2;0;2;6;4;10;-1;-1;-1;-1;-1;-1;8;3;4;4;12;7;-1;-1;53;47;-1;-1;1.35;3.5;2.95;1.04;1.26;2;2.8;4.95;8.75;3.05;1.8;1.3;1.12;1.84;1.92;0;0;0;0;1.25;1.2;1.91;2.63;2.2;3.6;2.17;2.6;4.06;0;0;0;0;2.4;0;0;0;0;1.9;0;0;0;0;0;1.62;10;2.5;0;0;1.34;2.7;6.8;0;2.95;1.41;1.07;0;1.23;2.16;4.5;10;3.7;1.64;1.16;1.03;0;0;0;0;2;0;0;2;0;2;0;2021-08-14 16:15:00;4395;0;60;0;40;0;1;-1;1;1;5;3;2;8;-1;-1;-1;-1;-1;-1;1;96;70;137;123;2.02;1.17;3.19;-1;-1;-1;-1;-1;-1;-1;1;0;0;0;0;-1;-1;-1;-1;-1;-1;-1;-1;-1;-1;-1;10;20;50;70;90;0;90;70;50;9.4;0;7.17;2.4;Albion;Villa Teresa;1.82;1.36;1;0.8;1.8;0.5;90;80;50;30;10;70;40;40;1.4;1.53;2.93;5908;22;Y;Y;N;N;N;N;N
1253888;4388;4369;2021;complete;69042;11;-1;;;0;0;0;6;7;13;-1;-1;0;0;0;1;3;4;4;11;7;15;-1;-1;51;49;0;2;2.23;3.3;1.57;1.09;1.4;2.35;3.5;6.5;5.75;2.45;1.57;1.21;1.08;2.14;1.68;0;0;0;0;1.62;1.3;1.38;3.75;2.05;2.75;4.08;2.34;2.39;0;0;1.36;1.66;2.14;2.9;0;2.95;2.12;1.64;1.37;0;0;0;0;2.5;6.5;1.73;0;0;1.43;3;8;17;2.6;1.34;1.05;1.01;1.28;2.3;5.3;12;3.3;1.54;1.12;1.02;0;0;0;0;0;0;0;0;0;0;0;2021-08-12 18:30:00;-1;0;50;10;40;0;1;1;3;2;3;5;5;8;0;1;0;0;1;0;1;52;72;116;148;1.04;1.76;2.8;0;0;0;0;0;0;1;1;0;0;1;0;0;0;-1;-1;-1;-1;-1;-1;-1;-1;-1;10;20;60;90;100;20;90;90;60;8.6;0;3;2.8;Uruguay Montevideo FC;Atenas;1;1.27;1.4;1.4;1.3;1.6;90;80;40;10;0;50;30;20;1.58;1.79;3.37;5908;22;N;N;N;N;N;N;N
1253889;4365;4354;2021;complete;69042;11;-1;14,63;;2;0;2;4;4;8;-1;-1;-1;-1;-1;-1;4;3;2;6;6;9;-1;-1;40;60;-1;-1;2.2;2.9;2.65;1.09;1.42;2.15;3.6;6.75;5.75;2.4;1.51;1.2;1.07;2;1.62;0;0;0;0;1.45;1.25;1.4;2.88;2;4;2.72;2.3;3.46;0;0;1.36;1.66;2.14;2.9;0;2.95;2.12;1.64;1.37;0;0;0;0;1.73;8;2.5;0;0;1.39;3.03;7;15;2.8;1.34;1.07;1.02;1.23;2.21;4.6;10;3.7;1.61;1.16;1.04;0;0;0;0;2;1;0;1;0;1;1;2021-08-12 23:30:00;4365;0;60;20;30;0;1;-1;2;1;2;3;3;5;-1;-1;-1;-1;-1;-1;1;69;123;119;184;1.17;1.68;2.85;-1;-1;-1;-1;-1;-1;-1;1;0;0;1;0;-1;-1;-1;-1;-1;-1;-1;-1;-1;-1;-1;20;40;50;60;80;30;50;80;40;8.4;0;4.2;2.5;Juventud;Racing;1.45;1.15;1.4;1.8;1.6;2.2;80;60;50;40;20;70;30;30;1.57;1.5;3.07;5908;22;Y;Y;N;N;N;N;N
1253890;4360;4395;2021;complete;69042;12;-1;59;;1;0;1;7;2;9;-1;-1;0;0;0;1;8;2;7;5;15;7;-1;-1;59;41;0;2;2.45;3.2;2.4;1.08;1.35;2.08;3.2;6;6;2.6;1.67;1.25;1.09;1.77;1.8;0;0;0;0;0;0;0;3.2;2.05;3.2;2.75;0;3;0;0;0;0;0;0;0;0;0;0;0;0;0;0;0;2.05;0;2.05;0;0;1.44;3.25;8;21;2.63;1.33;1.08;1.02;1.29;2.25;5;13;3.5;1.57;1.17;1.04;0;0;0;0;1;0;0;1;0;1;0;2021-09-17 00:00:00;4360;0;50;10;20;0;1;1;5;0;2;2;5;4;0;1;0;0;1;0;1;74;49;114;83;2.04;0.94;2.98;0;0;0;0;0;0;1;1;0;0;1;0;0;0;-1;-1;-1;-1;-1;-1;-1;-1;-1;0;10;20;70;90;10;70;80;30;9.2;0;2.5;1.9;Cerro;Albion;1.42;2.18;0.8;2.6;1.27;1.91;100;90;80;30;10;80;50;30;1.36;1.59;2.95;5908;22;Y;N;N;N;N;N;N
1253891;4365;4367;2021;complete;69042;12;-1;67;47,63;1;2;3;6;4;10;-1;-1;3;1;0;0;6;5;4;4;10;9;-1;-1;60;40;3;1;1.69;3.05;4.1;1.07;1.31;1.87;3;5.5;7;2.8;1.71;1.28;1.1;1.8;1.77;0;0;0;0;1.11;1.2;2.5;2.3;2.2;4.5;2.1;2.5;4;0;0;0;0;0;0;0;0;0;0;0;0;0;0;0;1.5;8.25;3;0;0;1.35;2.65;6.5;15;2.9;1.42;1.08;1.02;1.25;2.1;4.5;11;3.75;1.67;1.18;1.05;0;0;0;0;3;0;0;1;2;3;0;2021-09-16 19:00:00;4367;0;50;9;9;0;1;1;2;2;4;2;4;6;1;1;2;0;2;2;1;40;42;87;72;1.35;1.22;2.57;0;1;0;1;0;0;1;1;0;0;0;1;0;0;-1;-1;-1;-1;-1;-1;-1;-1;-1;9;17;33;75;100;9;75;92;34;7.67;0;6.5;2.34;Juventud;Villa Teresa;1.45;1.36;1.67;0.67;1.73;0.45;92;83;67;25;0;67;25;17;1.5;1.47;2.97;5908;22;Y;Y;Y;N;N;N;Y
1253892;4388;4354;2021;complete;69042;12;-1;45;79,83;1;2;3;2;6;8;-1;-1;4;3;0;0;6;7;10;14;16;21;-1;-1;48;52;4;3;3.3;2.9;2.15;1.1;1.42;2.28;3.45;6.5;5.5;2.4;1.57;1.21;1.08;1.91;1.69;0;0;0;0;1.53;1.3;1.25;3.75;2;2.88;3.56;2.38;2.57;0;0;1.35;1.65;2.12;2.88;0;3;2.14;1.66;1.37;0;0;0;0;2.5;6.25;1.73;0;0;1.54;3.2;8.5;0;2.36;1.3;1.05;0;1.3;2.37;6;12;3.2;1.53;1.11;1.02;0;0;0;0;3;1;0;0;2;2;1;2021-09-16 00:00:00;4354;0;50;17;50;0;1;1;1;1;1;5;2;6;0;1;4;2;1;6;1;72;67;157;141;1.96;2.3;4.27;0;0;0;0;0;0;1;1;0;0;0;0;0;0;-1;-1;-1;-1;-1;-1;-1;-1;-1;25;42;50;75;75;25;67;75;50;9.67;0;2.7;2.67;Uruguay Montevideo FC;Racing;1;1.15;1.33;1.5;1.27;2;75;59;50;25;25;67;50;50;1.49;1.53;3.02;5908;22;Y;Y;Y;N;N;N;Y
1253893;4355;4369;2021;complete;69042;12;-1;81,87;85;2;1;3;4;3;7;-1;-1;4;0;0;0;5;3;10;5;15;8;-1;-1;46;54;4;0;2.55;3.3;2.1;1.05;1.29;1.83;2.95;5.25;7.75;2.9;1.71;1.28;1.11;1.77;1.8;0;0;0;0;1.53;1.3;1.35;3.2;2.1;3.1;2.85;2.5;2.85;0;0;1.47;1.86;2.48;3.45;0;2.5;1.86;1.49;1.27;0;0;0;0;2.1;6.75;1.91;0;0;1.43;3;8;15;2.6;1.34;1.05;1.02;1.28;2.3;5.3;12;3.3;1.54;1.12;1.02;0;0;0;0;3;0;0;2;1;3;0;2021-09-15 19:00:00;4355;0;33;17;17;0;1;1;3;0;1;3;3;4;2;0;2;0;2;2;1;67;70;138;148;1.79;1.24;3.03;0;0;0;0;0;0;1;1;0;0;1;0;1;0;-1;-1;-1;-1;-1;-1;-1;-1;-1;0;9;42;59;83;34;75;50;34;8.33;0;5.5;1.92;Rampla Juniors;Atenas;1.18;1.27;0.83;1.33;0.82;1.55;100;92;59;42;17;50;25;17;1.55;1.78;3.33;5908;22;Y;Y;Y;N;N;N;Y
1253894;4356;4377;2021;complete;69042;12;-1;13;10;1;1;2;6;2;8;-1;-1;0;0;1;1;8;4;5;6;13;10;-1;-1;51;49;1;1;1.61;3.1;4.6;1.09;1.39;2.1;3.6;7;6;2.45;1.53;1.2;1.07;2.1;1.54;0;0;0;0;1.25;1.33;1.67;2.3;2.05;5.5;2.1;2.45;4.88;0;0;1.35;1.65;2.12;2.88;0;3;2.14;1.66;1.37;0;0;0;0;1.44;6.75;3.4;0;0;1.48;3.15;8;0;2.5;1.3;1.05;0;1.3;2.4;6;12;3.2;1.5;1.11;1.02;0;0;0;0;2;1;1;0;0;0;2;2021-09-15 21:30:00;-1;0;42;9;9;0;1;1;5;0;1;2;5;3;0;0;1;1;0;2;1;69;50;115;104;1.88;1.28;3.16;0;0;0;0;0;0;1;1;0;1;0;0;0;0;-1;-1;-1;-1;-1;-1;-1;-1;-1;9;17;42;58;100;17;75;84;34;9.66;0;5;2.25;Danubio;Central Español;1.82;1.33;2;0.67;1.64;1;92;84;58;42;0;67;33;33;1.58;1.23;2.81;5908;22;Y;Y;N;N;N;N;Y
1253895;4381;4361;2021;complete;69042;12;-1;85;48,88;1;2;3;2;4;6;-1;-1;3;2;0;0;5;4;5;6;10;10;-1;-1;57;43;3;2;5.25;3.15;1.54;1.08;1.33;1.95;3.25;6;6.5;2.7;1.62;1.25;1.08;2;1.62;0;0;0;0;1.83;1.29;1.22;5.5;2.1;2.2;5;2.5;1.95;0;0;0;0;0;0;0;0;0;0;0;0;0;0;0;3.5;7.5;1.4;0;0;1.41;2.9;7.6;15;2.7;1.36;1.05;1.02;1.29;2.25;5;13;3.5;1.57;1.17;1.04;0;0;0;0;3;0;0;1;2;3;0;2021-09-16 21:30:00;4361;0;42;9;25;0;1;1;1;2;1;2;3;3;0;2;3;0;2;3;1;37;41;103;108;1.26;1.22;2.48;0;0;0;0;0;0;1;1;0;0;0;0;0;0;-1;-1;-1;-1;-1;-1;-1;-1;-1;17;34;42;84;92;17;58;83;50;8.17;0;6.67;2.67;Rocha;Defensor Sporting;0.91;1.92;1.5;1.83;1;1.82;84;67;58;17;9;50;34;25;1.36;1.4;2.76;5908;22;Y;Y;Y;N;N;N;Y
1253896;4367;4388;2021;complete;69042;13;-1;;67;0;1;1;7;2;9;-1;-1;0;0;1;0;3;4;9;6;12;10;-1;-1;54;46;2;0;1.88;3.2;1.78;1.06;1.29;1.95;2.85;5.25;7;2.9;1.85;1.3;1.11;1.75;2;0;0;0;0;1.38;1.28;1.51;3.2;2.2;3;2.9;2.55;2.75;0;0;1.35;1.65;2.12;2.88;0;3;2.14;1.66;1.37;0;0;0;0;2.1;7.75;1.83;0;0;1.42;2.88;6.5;0;2.47;1.27;1.08;0;1.22;2.2;5;10;3.74;1.62;1.14;1.03;0;0;0;0;1;0;0;0;1;1;0;2021-09-21 19:00:00;4388;0;30;10;20;0;1;1;4;1;3;1;5;4;0;0;1;0;0;1;1;77;53;148;120;1.54;1.31;2.84;0;0;0;0;0;0;1;1;0;0;1;0;0;0;-1;-1;-1;-1;-1;-1;-1;-1;-1;0;30;40;50;100;30;60;80;30;8.6;0;3.33;2.2;Villa Teresa;Uruguay Montevideo FC;0.27;1.27;0.2;1.2;0.67;1.17;100;70;60;50;0;80;50;50;1.44;1.39;2.83;5908;22;Y;N;N;N;N;N;N
1253897;4354;4355;2021;complete;69042;13;-1;69,76;;2;0;2;8;6;14;-1;-1;-1;-1;-1;-1;6;5;11;8;17;13;-1;-1;52;48;-1;-1;1.83;2.85;3.75;1.09;1.36;2;3.3;6;6;2.55;1.59;1.24;1.08;1.83;1.71;0;0;0;0;1.17;1.24;1.98;2.63;2;4.33;2.22;2.5;4.18;0;0;1.4;1.73;2.25;3.1;0;2.8;2.02;1.58;1.33;0;0;0;0;1.62;7.25;2.88;0;0;1.38;2.75;6.3;17;2.8;1.4;1.08;1.01;1.2;2.1;4.5;10;4;1.67;1.17;1.03;0;0;0;0;2;0;0;2;0;2;0;2021-09-22 00:00:00;4354;0;20;10;0;0;1;-1;5;4;3;2;9;5;-1;-1;-1;-1;-1;-1;1;85;95;153;134;2.11;1.86;3.98;-1;-1;-1;-1;-1;-1;-1;1;0;0;0;3;-1;-1;-1;-1;-1;-1;-1;-1;-1;-1;-1;0;0;10;50;90;20;70;60;0;8.65;0;3.92;1.5;Racing;Rampla Juniors;2;0.73;2.6;0.8;2.08;1;100;100;90;50;10;58;20;20;1.58;1.53;3.11;5908;22;Y;Y;N;N;N;N;N
1253898;4395;4365;2021;complete;69042;13;-1;52;;1;0;1;4;9;13;-1;-1;3;3;0;0;4;5;6;11;10;16;-1;-1;39;61;3;3;2.25;3.2;2.88;1.08;1.33;2.05;3;5.5;6.5;2.7;1.75;1.27;1.1;1.71;1.83;0;0;0;0;0;0;0;2.88;2.1;3.4;0;0;0;0;0;0;0;0;0;0;0;0;0;0;0;0;0;0;1.8;0;2.3;0;0;0;0;0;0;0;0;0;0;0;0;0;0;0;0;0;0;0;0;0;0;1;0;0;1;0;1;0;2021-09-22 19:00:00;4395;0;65;10;45;0;1;1;2;5;2;4;7;6;1;2;2;1;3;3;1;53;90;102;147;1.3;2.02;3.32;0;0;0;0;0;0;1;1;0;0;0;0;0;0;-1;-1;-1;-1;-1;-1;-1;-1;-1;10;29;65;84;92;30;74;64;64;8.5;0;5.67;2.79;Albion;Juventud;1.82;1.18;1.33;1.8;1.75;1.58;90;72;35;17;9;54;25;17;1.5;1.87;3.37;5908;22;Y;N;N;N;N;N;N
1253899;4377;4381;2021;complete;69042;13;-1;40;;1;0;1;7;1;8;-1;-1;3;3;0;0;5;0;17;6;22;6;-1;-1;49;51;3;3;2.55;3.15;2.15;1.06;1.32;1.91;3.05;5.5;7.25;2.75;1.69;1.26;1.1;1.8;1.77;0;0;0;0;1.37;1.37;1.47;3.4;2.1;3;3.24;2.5;2.62;0;0;0;0;0;0;0;0;0;0;0;0;0;0;0;2.2;6;1.8;0;0;1.43;3.1;8;15;2.55;1.32;1.05;1.02;1.3;2.5;6;12;3.2;1.5;1.11;1.02;0;0;0;0;1;1;0;0;0;0;1;2021-09-22 21:30:00;4377;0;60;20;40;0;1;1;4;1;3;0;5;3;1;1;2;2;2;4;1;78;52;116;115;2.29;0.77;3.07;0;0;0;0;0;0;1;1;0;0;2;0;0;0;-1;-1;-1;-1;-1;-1;-1;-1;-1;10;30;70;70;80;20;70;70;60;7.4;0;4.5;2.6;Central Español;Rocha;1.58;0.45;1.4;0.4;1;0.92;90;70;30;30;20;60;60;50;1.35;1.31;2.66;5908;22;Y;N;N;N;N;N;N
1253900;4361;4360;2021;complete;69042;13;-1;55,80;;2;0;2;3;4;7;-1;-1;3;1;0;0;6;4;9;6;15;10;-1;-1;46;54;3;1;1.93;3.06;3.65;1.08;1.33;1.7;3.05;5.75;6.25;2.7;2.1;1.26;1.1;1.74;1.8;0;0;0;0;1.3;1.3;1.55;2.88;2.1;3.6;2.52;2.46;3.46;0;0;0;1.49;1.9;2.45;3.35;0;2.48;1.9;1.5;1.29;0;0;0;1.73;7.75;2.5;0;0;1.48;3.2;8;0;2.5;1.3;1.05;0;1.29;2.38;5.5;12;3.24;1.53;1.12;1.02;0;0;0;0;2;0;0;2;0;2;0;2021-09-23 00:00:00;4361;0;64;17;45;0;1;1;2;3;1;1;5;2;2;1;1;0;3;1;1;86;71;127;125;1.99;1.43;3.42;0;0;0;0;0;0;1;1;0;0;0;0;1;0;-1;-1;-1;-1;-1;-1;-1;-1;-1;19;45;74;74;92;27;72;84;65;13.47;0;4.75;3.02;Defensor Sporting;Cerro;1.46;1.92;1.8;1.67;1.92;1.42;82;55;27;27;9;72;27;27;1.78;2.1;3.88;5908;24;Y;Y;N;N;N;N;N
1253901;4369;4356;2021;complete;69042;13;-1;;52,63;0;2;2;3;4;7;-1;-1;5;3;0;0;3;6;9;5;12;11;-1;-1;52;48;5;3;2.55;2.45;2.65;1.11;1.43;2.15;3.5;6.75;5;2.4;1.53;1.21;1.07;1.8;1.74;0;0;0;0;1.36;1.24;1.58;3.25;2;3.25;3;2.45;2.85;0;0;1.4;1.73;2.25;3.1;0;2.75;2;1.58;1.33;0;0;0;0;2.25;9.5;2;0;0;1.37;2.63;5.7;17;2.59;1.35;1.1;1.01;1.17;2;4;9.5;4.5;1.73;1.2;1.04;0;0;0;0;2;0;0;0;2;2;0;2021-09-21 21:30:00;4356;0;40;10;10;0;1;1;0;4;3;0;4;3;1;0;4;3;1;7;1;74;69;139;135;1.51;1.63;3.14;0;0;0;0;0;0;1;1;0;0;0;0;0;0;-1;-1;-1;-1;-1;-1;-1;-1;-1;10;10;20;50;60;20;30;50;20;11.6;0;5.5;1.5;Atenas;Danubio;0.91;1.91;1.8;1.2;1.42;1.58;90;90;80;50;40;55;45;33;1.8;1.77;3.57;5908;22;Y;Y;N;N;N;N;N
1253902;4388;4365;2021;complete;69042;14;-1;43;;1;0;1;4;7;11;-1;-1;-1;-1;-1;-1;4;3;8;8;12;11;-1;-1;37;63;-1;-1;2.3;3.1;1.55;1.06;1.37;2.2;3.8;7.3;7.5;2.77;1.65;1.21;1.06;2;1.78;0;0;0;0;1.76;1.32;1.25;4;2.05;2.75;3.96;2.42;2.36;0;0;1.36;1.66;2.14;2.9;0;2.95;2.12;1.64;1.37;0;0;0;0;2.6;6.75;1.67;0;0;1.45;3.3;8.5;0;2.55;1.28;1.04;0;1.3;2.5;6;12;3.2;1.5;1.11;1.02;0;0;0;0;1;1;0;0;0;0;1;2021-09-28 19:30:00;4388;0;62;16;38;0;1;-1;3;2;1;5;5;6;-1;-1;-1;-1;-1;-1;1;47;106;111;191;1.39;1.69;3.08;-1;-1;-1;-1;-1;-1;-1;1;0;0;0;1;-1;-1;-1;-1;-1;-1;-1;-1;-1;-1;-1;16;31;62;85;93;32;77;77;54;8.57;0;4.5;2.86;Uruguay Montevideo FC;Juventud;1;1.18;1.14;1.5;1.31;1.46;85;69;38;16;7;54;30;30;1.56;1.89;3.45;5908;22;Y;N;N;N;N;N;N
1253903;4356;4354;2021;complete;69042;14;-1;54,84;;2;0;2;4;5;9;-1;-1;-1;-1;-1;-1;5;4;13;13;18;17;-1;-1;48;52;-1;-1;1.91;3.09;3.43;1.05;1.47;1.53;3.7;6.85;8;2.5;2.4;1.22;1.07;2.06;1.73;0;0;0;0;1.33;1.3;1.62;3;1.95;3.75;2.67;2.3;3.48;0;0;1.36;1.66;2.14;2.9;0;2.95;2.12;1.64;1.37;0;0;0;0;1.8;7;2.5;0;0;1.46;3.1;8.5;0;2.5;1.31;1.04;0;1.3;2.4;5.5;11;3.2;1.51;1.11;1.02;0;0;0;0;2;0;0;2;0;2;0;2021-09-29 00:30:00;4356;0;43;14;22;0;1;-1;3;2;1;3;5;4;-1;-1;-1;-1;-1;-1;1;79;76;141;163;2.06;1.91;3.98;-1;-1;-1;-1;-1;-1;-1;1;0;0;0;0;-1;-1;-1;-1;-1;-1;-1;-1;-1;-1;-1;15;22;36;57;86;22;64;64;36;9.86;0;3.83;2.14;Danubio;Racing;1.82;1.15;1.86;1.71;1.69;2.15;86;79;65;43;15;57;36;36;1.63;1.64;3.27;5908;22;Y;Y;N;N;N;N;N
1253904;4361;4395;2021;complete;69042;14;-1;;68;0;1;1;7;3;10;-1;-1;-1;-1;-1;-1;4;4;10;5;14;9;-1;-1;55;45;-1;-1;1.8;3.3;4;0;0;2;0;6.5;0;0;1.8;0;1.1;0;0;0;0;0;0;0;0;0;2.5;2.2;4;0;0;0;0;0;0;0;0;0;0;0;0;0;0;0;0;0;0;1.57;0;2.75;0;0;0;0;0;0;0;0;0;0;0;0;0;0;0;0;0;0;0;0;0;0;1;0;0;0;1;1;0;2021-09-30 00:30:00;4395;0;42;9;25;0;1;-1;3;1;4;2;4;6;-1;-1;-1;-1;-1;-1;1;87;65;150;122;1.8;1.33;3.13;-1;-1;-1;-1;-1;-1;-1;1;0;0;2;0;-1;-1;-1;-1;-1;-1;-1;-1;-1;-1;-1;9;25;50;75;100;17;67;92;58;11.34;0;4.53;2.59;Defensor Sporting;Albion;1.46;2.18;2;2.17;2;1.85;92;75;50;25;0;59;25;25;1.82;1.48;3.3;5908;22;Y;N;N;N;N;N;N
1253905;4360;4377;2021;complete;69042;14;-1;;;0;0;0;4;0;4;-1;-1;-1;-1;-1;-1;5;0;4;6;9;6;-1;-1;49;51;-1;-1;1.22;3.4;3.75;1.11;1.44;2.25;3.95;7.75;6.75;2.65;1.62;1.22;1.08;2.15;1.63;0;0;0;0;1.11;1.22;2;2.3;2.05;5;2.08;2.46;4.9;0;0;1.28;1.52;1.91;2.55;0;3.4;2.38;1.81;1.47;0;0;0;0;1.44;6.75;3.4;0;0;1.48;3.1;8.4;0;2.5;1.32;1.04;0;1.29;2.4;5.5;12;3.3;1.5;1.11;1.02;0;0;0;0;0;0;0;0;0;0;0;2021-09-28 22:00:00;-1;0;61;15;16;0;1;-1;3;0;1;0;3;1;-1;-1;-1;-1;-1;-1;1;98;70;138;152;1.64;0.91;2.54;0;0;0;0;0;0;1;1;0;0;0;0;-1;-1;-1;-1;-1;-1;-1;-1;-1;-1;-1;7;15;29;68;92;22;60;85;30;8.43;0;1.75;2.1;Cerro;Central Español;1.42;1.33;1.17;0.71;1.31;1.15;93;86;72;32;9;79;40;23;1.47;1.24;2.71;5908;24;N;N;N;N;N;N;N
1253906;4381;4369;2021;complete;69042;14;-1;;48;0;1;1;3;8;11;-1;-1;0;0;1;0;3;9;1;5;4;14;-1;-1;37;63;2;0;2.55;3.25;1.45;1.09;1.47;2.4;4.9;7.75;7;2.58;1.53;1.15;1.08;2.05;1.68;0;0;0;0;1.53;1.33;1.25;4;1.95;2.88;3.78;2.32;2.52;0;0;1.4;1.73;2.25;3.1;0;2.8;2.02;1.58;1.33;0;0;0;0;2.6;6;1.73;0;0;1.55;3.4;9.1;0;2.3;1.29;1.03;0;1.32;2.5;6;13;3.1;1.48;1.09;1.02;0;0;0;0;1;0;0;0;1;1;0;2021-09-29 22:00:00;4369;0;57;7;36;0;1;1;2;1;1;7;3;8;1;0;0;0;1;0;1;65;111;104;166;0.94;2.32;3.27;0;1;0;1;0;0;1;1;0;0;0;1;0;0;-1;-1;-1;-1;-1;-1;-1;-1;-1;15;22;64;86;93;22;64;79;57;7.43;0;3;2.79;Rocha;Atenas;0.91;1.27;1.29;1.14;0.85;1.31;86;79;36;15;7;43;22;14;1.34;1.7;3.04;5908;22;Y;N;N;N;N;N;N
1253907;4355;4367;2021;complete;69042;14;-1;;;0;0;0;5;7;12;-1;-1;-1;-1;-1;-1;5;4;2;8;7;12;-1;-1;45;55;-1;-1;1.4;3.4;2.6;1.05;1.36;2.25;3.8;8;8;2.85;1.62;1.22;1.05;2.02;1.75;0;0;0;0;1.19;1.27;1.86;2.6;2.05;4.33;2.22;2.48;4.18;0;0;1.4;1.73;2.25;3.1;0;2.75;2;1.58;1.33;0;0;0;0;1.62;6.5;2.88;0;0;1.42;3;7.8;0;2.65;1.34;1.05;0;1.27;2.28;5.2;11;3.4;1.56;1.13;1.02;0;0;0;0;0;0;0;0;0;0;0;2021-09-29 19:30:00;-1;0;50;15;29;0;1;-1;2;4;3;3;6;6;-1;-1;-1;-1;-1;-1;1;78;85;105;115;1.36;1.65;3.02;0;0;0;0;0;0;1;1;0;0;1;0;-1;-1;-1;-1;-1;-1;-1;-1;-1;-1;-1;7;14;43;72;93;22;71;65;43;8;0;6.67;2.29;Rampla Juniors;Villa Teresa;1.18;1.36;1.14;1;0.92;0.62;93;86;57;29;7;65;36;22;1.59;1.44;3.03;5908;22;N;N;N;N;N;N;N
1253908;4365;4355;2021;complete;69042;15;-1;20;66;1;1;2;4;4;8;-1;-1;-1;-1;-1;-1;6;4;4;3;10;7;-1;-1;53;47;-1;-1;1.4;3.2;2.6;1.06;1.35;2.4;4.25;7.2;8.5;2.95;1.53;1.19;1.06;2;1.72;0;0;0;0;1.18;1.27;1.82;2.75;1.95;4.33;2.5;2.3;3.88;0;0;1.47;1.9;2.48;3.45;0;2.5;1.9;1.49;1.27;0;0;0;0;1.67;6.25;2.75;3;6;1.49;3.15;8.5;0;2.51;1.3;1.04;0;1.29;2.38;6;12;3.24;1.53;1.11;1.02;0;0;0;0;2;1;0;0;1;1;1;2021-10-05 19:00:00;-1;0;37;16;7;0;1;-1;1;1;3;3;2;6;-1;-1;-1;-1;-1;-1;1;109;102;150;159;1.85;1.48;3.32;-1;-1;-1;-1;-1;-1;-1;1;0;0;0;0;-1;-1;-1;-1;-1;-1;-1;-1;-1;-1;-1;0;7;22;69;100;16;62;84;23;8.6;0;5.67;1.98;Juventud;Rampla Juniors;1.45;0.73;1.43;0.67;1.36;0.93;100;93;79;31;0;69;17;10;1.48;1.6;3.08;5908;22;Y;Y;N;N;N;N;Y
1253909;4395;4388;2021;complete;69042;15;-1;84;;1;0;1;2;2;4;-1;-1;-1;-1;-1;-1;7;5;10;8;17;13;-1;-1;48;52;-1;-1;1.8;3.1;4.4;0;1.47;2.35;0;0;0;2.5;1.53;0;0;0;0;0;0;0;0;0;0;0;2.4;2;5;0;0;0;0;0;0;0;0;0;0;0;0;0;0;0;0;0;0;1.5;0;3.4;0;0;0;0;0;0;0;0;0;0;0;0;0;0;0;0;0;0;0;0;0;0;1;0;0;1;0;1;0;2021-10-04 19:00:00;4395;0;30;9;22;0;1;-1;0;0;2;2;0;4;-1;-1;-1;-1;-1;-1;1;77;68;139;137;2.12;1.67;3.8;-1;-1;-1;-1;-1;-1;-1;1;0;0;0;0;-1;-1;-1;-1;-1;-1;-1;-1;-1;-1;-1;0;16;30;37;93;9;45;77;29;9.29;0;4;1.75;Albion;Uruguay Montevideo FC;1.82;1.27;1.57;1.5;1.93;1.43;100;85;70;63;7;77;54;47;1.47;1.38;2.85;5908;22;Y;N;N;N;N;N;N
1253910;4367;4356;2021;complete;69042;15;-1;;42,42;0;2;2;5;4;9;-1;-1;-1;-1;-1;-1;5;4;5;3;10;7;-1;-1;52;48;-1;-1;2.7;3.1;1.4;1.06;1.35;2.2;4.2;6.85;8.5;2.95;1.6;1.2;1.07;2.25;1.57;0;0;0;0;2;1.25;1.11;4.33;1.95;2.75;4;2.3;2.38;0;0;1.4;1.73;2.28;3.1;0;2.75;2;1.58;1.33;0;0;0;0;2.88;6.75;1.67;6;2.9;1.5;3.23;8.5;23;2.4;1.19;1.04;1.01;1.33;2.5;6;15;3.25;1.5;1.13;1.03;0;0;0;0;2;0;2;0;0;0;2;2021-10-05 21:30:00;4356;0;33;0;17;0;1;-1;3;2;2;2;5;4;-1;-1;-1;-1;-1;-1;1;90;79;140;139;1.64;1.31;2.95;-1;-1;-1;-1;-1;-1;-1;1;0;0;0;0;-1;-1;-1;-1;-1;-1;-1;-1;-1;-1;-1;0;17;34;59;84;25;50;75;34;10;0;4.25;1.92;Villa Teresa;Danubio;0.27;1.91;0.17;1.5;0.64;1.79;100;84;67;42;17;67;33;33;1.45;1.74;3.19;5908;22;Y;Y;N;N;N;N;N
1253911;4354;4381;2021;complete;69042;15;-1;23,55,67;;3;0;3;11;5;16;-1;-1;-1;-1;-1;-1;8;2;12;7;20;9;-1;-1;65;35;-1;-1;1.14;4.2;5;1.04;1.36;1.85;3.8;7.7;8.3;2.9;1.95;1.22;1.05;2.2;1.62;0;0;0;0;1.11;1.22;2;1.95;2.3;6;1.73;2.38;5.5;0;0;1.36;1.66;2.14;2.9;0;2.95;2.12;1.64;1.37;0;0;0;0;1.33;6.5;3.75;2.3;8.5;1.45;3.13;8.5;23;2.6;1.32;1.04;1.01;1.22;2;4;10;4;1.73;1.22;1.06;0;0;0;0;3;1;0;2;0;2;1;2021-10-06 00:00:00;4354;0;34;0;25;0;1;-1;5;3;6;2;8;8;-1;-1;-1;-1;-1;-1;1;115;46;163;95;2.65;1.05;3.7;-1;-1;-1;-1;-1;-1;-1;1;0;0;2;0;-1;-1;-1;-1;-1;-1;-1;-1;-1;-1;-1;0;9;34;50;83;9;59;59;34;8.17;0;4.65;1.75;Racing;Rocha;2;0.45;2.67;0.33;2;0.79;100;92;67;50;17;42;42;34;1.69;1.22;2.91;5908;22;Y;Y;Y;N;N;N;N
1253912;4377;4361;2021;complete;69042;15;-1;74;;1;0;1;3;0;3;-1;-1;-1;-1;-1;-1;3;3;5;1;8;4;-1;-1;53;47;-1;-1;4.33;3.8;1.18;1.06;1.35;2.08;4.2;8.1;8.5;2.95;1.73;1.19;1.05;2.38;1.53;0;0;0;0;2;1.25;1.1;5.5;2.2;2.1;4.5;2.5;2;0;0;0;0;0;0;0;0;0;0;0;0;0;0;0;3.25;6.75;1.44;0;0;1.5;3.22;8;17;2.4;1.23;1.05;1.01;1.29;2.25;5;13;3.5;1.57;1.17;1.04;0;0;0;0;1;0;0;1;0;1;0;2021-10-05 00:00:00;4377;0;40;17;23;0;1;-1;1;0;2;0;1;2;-1;-1;-1;-1;-1;-1;1;83;96;152;147;1.33;1.17;2.51;-1;-1;-1;-1;-1;-1;-1;1;0;0;1;0;-1;-1;-1;-1;-1;-1;-1;-1;-1;-1;-1;9;24;48;69;85;17;56;77;54;8.9;0;5.17;2.34;Central Español;Defensor Sporting;1.58;1.92;1.67;2;1.14;1.86;92;77;52;31;16;55;55;48;1.51;1.38;2.89;5908;24;Y;N;N;N;N;N;N
1253913;4369;4360;2021;complete;69042;15;-1;75;33,90;1;2;3;2;4;6;-1;-1;1;2;0;0;5;7;2;0;7;7;-1;-1;60;40;1;2;2.2;2.9;1.55;1.09;1.65;2.7;5.3;11.5;6.2;2.15;1.44;1.12;1.01;2.3;1.59;0;0;0;0;1.36;1.34;1.45;4;1.91;3.1;3.56;2.2;2.82;0;0;1.35;1.65;2.12;2.88;0;3;2.14;1.66;1.37;0;0;0;0;2.6;6;1.83;0;0;1.55;3.6;10.5;0;2.3;1.24;1.02;0;1.37;2.7;6.8;15;2.85;1.4;1.07;1.01;0;0;0;0;3;0;1;1;1;2;1;2021-10-04 21:30:00;4360;0;45;23;30;0;1;1;0;3;2;1;3;3;0;0;1;2;0;3;1;105;80;202;125;1.58;1.52;3.1;0;0;0;0;0;0;1;1;0;0;0;2;0;0;-1;-1;-1;-1;-1;-1;-1;-1;-1;16;30;37;69;77;23;44;61;54;11.69;0;6.73;2.27;Atenas;Cerro;0.91;1.92;1.5;1.43;1.43;1.29;85;70;63;31;24;56;35;25;1.74;2;3.74;5908;22;Y;Y;Y;N;N;N;Y
1253914;4377;4395;2021;complete;69042;16;-1;4,38,77;16,27,45,83;3;4;7;9;7;16;-1;-1;1;3;0;0;11;7;7;2;18;9;-1;-1;59;41;1;3;1.95;3.2;1.68;1.05;1.5;2.2;4.1;8.6;7.6;2.4;1.65;1.19;1.04;1.87;1.83;0;0;0;0;1.42;1.38;1.32;3.4;2.05;3;3.7;2.2;2.5;0;0;1.35;1.65;2.12;2.88;0;3;2.14;1.66;1.37;0;0;0;0;2.3;6;1.83;4.75;3.75;1.61;3.19;8;15;2.2;1.32;1.06;1.02;1.36;2.31;5.5;12;3;1.56;1.12;1.02;0;0;0;0;7;2;3;1;1;2;5;2021-10-11 22:00:00;4395;0;36;22;14;0;1;1;6;3;3;4;9;7;1;0;0;3;1;3;1;85;76;118;97;2.52;1.61;4.13;0;0;0;0;0;0;1;1;1;0;0;0;0;0;-1;-1;-1;-1;-1;-1;-1;-1;-1;7;22;43;57;93;22;71;79;36;9;0;4;2.22;Central Español;Albion;1.58;2.18;1.86;2.29;1.27;2;93;79;57;43;7;64;50;43;1.48;1.46;2.94;5908;22;Y;Y;Y;Y;Y;Y;Y
1253915;4355;4388;2021;complete;69042;16;-1;90;88;1;1;2;2;6;8;-1;-1;-1;-1;-1;-1;4;5;6;11;10;16;-1;-1;46;54;-1;-1;1.7;3.1;2.05;1.11;1.46;2.3;3.95;7.75;6.25;2.55;1.6;1.23;1.09;1.95;1.75;0;0;0;0;1.22;1.28;1.65;2.88;2;3.75;2.77;2.33;3.26;0;0;1.36;1.66;2.14;2.9;0;2.95;2.12;1.64;1.37;0;0;0;0;1.73;6.25;2.5;3.4;5;1.5;3.24;8.5;26;2.4;1.3;1.05;1.01;1.3;2.5;6;12;3.2;1.48;1.11;1.02;0;0;0;0;2;0;0;1;1;2;0;2021-10-12 22:00:00;-1;0;26;20;13;0;1;-1;0;3;2;3;3;5;-1;-1;-1;-1;-1;-1;1;71;75;154;144;1.44;1.91;3.35;-1;-1;-1;-1;-1;-1;-1;1;0;0;0;0;-1;-1;-1;-1;-1;-1;-1;-1;-1;-1;-1;0;14;26;32;88;26;46;62;13;7.84;0;4.5;1.59;Rampla Juniors;Uruguay Montevideo FC;1.18;1.27;1.13;1.29;0.93;1.33;100;87;75;68;13;61;34;34;1.56;1.42;2.98;5908;22;Y;Y;N;N;N;N;Y
1253916;4356;4365;2021;complete;69042;16;-1;;37;0;1;1;6;0;6;-1;-1;-1;-1;-1;-1;3;2;11;2;14;4;-1;-1;58;42;-1;-1;1.89;3.24;4.12;1.1;1.5;2.31;4.48;8.3;6.4;2.4;1.54;1.17;1.04;2.25;1.57;0;0;0;0;1.3;1.35;1.48;3;1.95;4;2.63;2.3;3.4;0;0;1.36;1.66;2.14;2.9;0;2.95;2.12;1.64;1.37;0;0;0;0;1.8;5.75;2.6;3.7;4.4;1.54;3.44;9.4;26;2.39;1.27;1.03;1.01;1.36;2.63;6;17;3;1.44;1.13;1.03;0;0;0;0;1;0;1;0;0;0;1;2021-10-13 00:30:00;4365;0;41;14;15;0;1;-1;2;0;4;0;2;4;-1;-1;-1;-1;-1;-1;1;82;55;144;137;1.7;0.81;2.51;-1;-1;-1;-1;-1;-1;-1;1;0;0;0;0;-1;-1;-1;-1;-1;-1;-1;-1;-1;-1;-1;7;15;35;61;100;28;67;60;34;9.31;0;4.83;2.17;Danubio;Juventud;1.82;1.18;2;1.29;1.87;1.33;93;86;66;40;0;60;27;27;1.68;1.87;3.55;5908;22;Y;N;N;N;N;N;N
1253917;4381;4367;2021;complete;69042;16;-1;4;50;1;1;2;3;12;15;-1;-1;-1;-1;-1;-1;5;8;1;2;6;10;-1;-1;44;56;-1;-1;2.4;3.2;1.48;1.05;1.38;2.35;3.9;8.1;8;2.8;1.57;1.21;1.05;2.2;1.62;0;0;0;0;1.3;1.3;1.59;4;2;2.75;3.6;2.42;2.4;0;0;1.3;1.58;2;2.7;0;3.2;2.25;1.73;1.42;0;0;0;0;2.63;6.75;1.67;5.5;3;1.43;3;8;26;2.6;1.34;1.05;1.01;1.33;2.5;5.5;15;3.25;1.5;1.14;1.03;0;0;0;0;2;1;0;0;1;1;1;2021-10-13 22:00:00;-1;0;57;7;32;0;1;-1;1;6;2;6;7;8;-1;-1;-1;-1;-1;-1;1;70;112;124;157;1.25;2.01;3.26;-1;-1;-1;-1;-1;-1;-1;1;1;0;0;0;-1;-1;-1;-1;-1;-1;-1;-1;-1;-1;-1;19;26;51;82;94;13;63;82;50;7.63;0;4.67;2.69;Rocha;Villa Teresa;0.91;1.36;1.13;1;0.73;0.6;82;76;51;19;7;69;44;32;1.29;1.46;2.75;5908;22;Y;Y;N;N;N;N;Y
1253918;4360;4354;2021;complete;69042;16;-1;17;;1;0;1;2;6;8;-1;-1;-1;-1;-1;-1;3;5;3;6;6;11;-1;-1;41;59;-1;-1;1.75;3.1;1.95;1.06;1.44;2.25;4.5;9.5;7.1;2.6;1.57;1.16;1.03;2.1;1.67;0;0;0;0;1.57;1.28;1.25;3.1;2;3.4;2.88;2.33;3;0;0;0;1.49;2.38;2.45;3.35;0;2.48;1.93;1.5;1.29;0;0;0;1.91;6;2.25;3.9;4.2;1.51;3.3;9;26;2.4;1.29;1.03;1.01;1.3;2.38;5.5;13;3.4;1.53;1.14;1.04;0;0;0;0;1;1;0;0;0;0;1;2021-10-14 00:30:00;4360;0;47;7;26;0;1;-1;0;2;2;4;2;6;-1;-1;-1;-1;-1;-1;1;76;117;129;179;1.15;1.9;3.06;-1;-1;-1;-1;-1;-1;-1;1;0;0;0;0;-1;-1;-1;-1;-1;-1;-1;-1;-1;-1;-1;13;19;25;59;73;13;40;73;39;8.88;0;1.5;1.89;Cerro;Racing;1.42;1.15;1.14;1.5;1.4;2.07;88;82;75;41;27;75;41;26;1.5;1.68;3.18;5908;24;Y;N;N;N;N;N;N
1253919;4361;4369;2021;complete;69042;16;-1;45;62;1;1;2;1;2;3;-1;-1;-1;-1;-1;-1;3;3;5;9;8;12;-1;-1;43;57;-1;-1;1.57;3.2;2.25;1.1;1.45;2.35;3.95;7.5;7;2.6;1.57;1.23;1.09;2.15;1.66;0;0;0;0;1.25;1.27;1.76;2.75;2;4;2.52;2.38;3.66;0;0;1.4;1.73;2.25;3.1;0;2.8;2.02;1.58;1.33;0;0;0;0;1.67;7;2.63;3.1;5.5;1.45;3.1;8.4;0;2.6;1.32;1.04;0;1.29;2.5;5.5;12;3.3;1.48;1.11;1.02;0;0;0;0;2;1;0;0;1;1;1;2021-10-12 00:30:00;-1;0;41;0;27;0;1;-1;0;1;1;1;1;2;-1;-1;-1;-1;-1;-1;1;67;64;107;134;1.21;1.44;2.65;-1;-1;-1;-1;-1;-1;-1;1;0;0;0;1;-1;-1;-1;-1;-1;-1;-1;-1;-1;-1;-1;7;15;54;67;94;14;47;88;61;10.92;0;2.95;2.36;Defensor Sporting;Atenas;1.46;1.27;1.71;1.38;1.73;1.33;93;86;47;34;7;54;34;20;1.81;1.78;3.59;5908;22;Y;Y;N;N;N;N;Y
1253920;4395;4355;2021;complete;69042;17;-1;59,65;;2;0;2;3;5;8;-1;-1;-1;-1;-1;-1;6;5;10;7;16;12;-1;-1;50;50;-1;-1;1.9;3.07;3.74;0;0;2.25;0;0;0;0;1.57;0;0;0;0;0;0;0;0;0;0;0;2.3;2;5.5;0;0;0;0;0;0;0;0;0;0;0;0;0;0;0;0;0;0;1.44;0;3.75;0;0;0;0;0;0;0;0;0;0;0;0;0;0;0;0;0;0;0;0;0;0;2;0;0;2;0;2;0;2021-10-19 01:15:00;4395;0;34;7;19;0;1;-1;1;3;2;2;4;4;-1;-1;-1;-1;-1;-1;1;87;74;143;141;2.06;1.65;3.72;-1;-1;-1;-1;-1;-1;-1;1;0;0;0;0;-1;-1;-1;-1;-1;-1;-1;-1;-1;-1;-1;0;7;19;61;94;7;61;73;32;9.38;0;6.17;1.8;Albion;Rampla Juniors;1.82;0.73;1.75;0.71;2.06;0.94;100;94;82;40;7;65;34;28;1.55;1.58;3.13;5908;22;Y;Y;N;N;N;N;N
1253921;4388;4356;2021;complete;69042;17;-1;45,82;3,43,58;2;3;5;6;8;14;-1;-1;-1;-1;-1;-1;5;6;6;3;11;9;-1;-1;49;51;-1;-1;2.6;3.1;1.4;1.07;1.47;2.4;4.8;10;6.8;2.48;1.53;1.15;1.02;2.07;1.72;0;0;0;0;1.78;1.32;1.18;4.33;1.95;2.75;4.08;2.32;2.42;0;0;1.36;1.66;2.14;2.9;0;2.95;2.12;1.64;1.37;0;0;0;0;2.88;6.25;1.67;5.5;3;1.51;3.4;9.4;0;2.4;1.27;1.03;0;1.34;2.55;6.2;13;3;1.45;1.09;1.01;0;0;0;0;5;1;2;1;1;2;3;2021-10-18 22:45:00;4356;0;40;7;19;0;1;-1;1;6;5;2;7;7;-1;-1;-1;-1;-1;-1;1;61;73;133;109;1.5;1.52;3.02;-1;-1;-1;-1;-1;-1;-1;1;0;1;0;0;-1;-1;-1;-1;-1;-1;-1;-1;-1;-1;-1;7;13;32;66;80;21;66;66;32;9.64;0;4;1.97;Uruguay Montevideo FC;Danubio;1;1.91;1.38;1.71;1.31;1.75;94;88;68;34;21;60;40;40;1.54;1.67;3.21;5908;22;Y;Y;Y;Y;Y;N;Y
1253922;4365;4381;2021;complete;69042;17;-1;90;;1;0;1;10;1;11;-1;-1;-1;-1;-1;-1;5;3;11;2;16;5;-1;-1;69;31;-1;-1;1.33;3.25;3;1.06;1.43;2.15;4.4;9.2;7.3;2.6;1.67;1.17;1.03;1.95;1.75;0;0;0;0;1.28;1.28;1.52;2.4;2.1;4.5;2.28;2.5;3.96;0;0;1.36;1.66;2.14;2.9;0;2.95;2.12;1.64;1.37;0;0;0;0;1.53;6;3;2.62;7.5;1.54;3.2;8.8;0;2.36;1.3;1.03;0;1.31;2.5;5.8;12;3.1;1.48;1.1;1.02;0;0;0;0;1;0;0;1;0;1;0;2021-10-19 20:15:00;4365;0;53;7;28;0;1;-1;5;0;5;1;5;6;-1;-1;-1;-1;-1;-1;1;124;37;191;94;2.27;0.81;3.07;-1;-1;-1;-1;-1;-1;-1;1;0;0;3;0;-1;-1;-1;-1;-1;-1;-1;-1;-1;-1;-1;0;14;48;66;93;7;67;79;41;7.43;0;6.4;2.2;Juventud;Rocha;1.45;0.45;1.38;0.29;1.44;0.75;100;87;53;34;7;47;28;15;1.52;1.19;2.71;5908;22;Y;N;N;N;N;N;N
1253923;4354;4361;2021;complete;69042;17;-1;;90;0;1;1;6;2;8;-1;-1;1;2;0;0;0;6;5;3;5;9;-1;-1;48;52;1;2;2.8;2.88;2.4;1.11;1.44;2.2;3.9;8;6.5;2.6;1.62;1.23;1.08;1.72;2;0;0;0;0;2.15;1.2;1.09;3.25;2.1;3;3;2.55;2.65;0;0;1.36;1.66;2.14;2.9;0;2.95;2.12;1.64;1.37;0;0;0;0;2.2;6.5;1.83;4.4;4.33;1.43;2.7;7.1;0;2.65;1.41;1.06;0;1.24;2.16;4.7;10;3.6;1.64;1.15;1.03;0;0;0;0;1;0;0;0;1;1;0;2021-10-20 01:15:00;4361;0;20;0;13;0;1;1;3;1;3;1;4;4;1;1;0;1;2;1;1;67;102;123;148;0.82;1.74;2.55;0;0;0;0;0;0;1;1;0;0;0;0;0;0;-1;-1;-1;-1;-1;-1;-1;-1;-1;0;7;27;60;87;7;41;80;40;9.86;0;4.75;1.8;Racing;Defensor Sporting;2;1.92;2.71;1.75;1.94;1.69;100;94;73;41;14;48;48;41;1.85;1.35;3.2;5908;26;Y;N;N;N;N;N;N
1253924;4367;4360;2021;complete;69042;17;-1;71;37,52;1;2;3;5;3;8;-1;-1;-1;-1;-1;-1;8;6;5;1;13;7;-1;-1;53;47;-1;-1;2.35;3;1.53;1.05;1.39;2.35;4.1;8.4;7.8;2.75;1.57;1.2;1.04;1.9;1.8;0;0;0;0;1.47;1.33;1.25;3.75;2.05;2.75;3.88;2.4;2.4;0;0;1.28;1.52;1.98;2.55;0;3.4;2.38;1.83;1.47;0;0;0;0;2.5;6;1.8;5;3.25;1.5;3.1;8.3;0;2.42;1.32;1.04;0;1.29;2.4;5.4;12;3.3;1.51;1.12;1.02;0;0;0;0;3;0;1;1;1;2;1;2021-10-19 22:45:00;4360;0;46;13;40;0;1;-1;1;0;4;3;1;7;-1;-1;-1;-1;-1;-1;1;101;89;149;144;2.12;1.52;3.64;-1;-1;-1;-1;-1;-1;-1;1;0;0;0;0;-1;-1;-1;-1;-1;-1;-1;-1;-1;-1;-1;7;34;53;73;94;34;73;73;53;10.71;0;4.58;2.59;Villa Teresa;Cerro;0.27;1.92;0.14;1.63;0.63;1.5;94;67;48;27;7;75;27;27;1.48;1.94;3.42;5908;22;Y;Y;Y;N;N;N;Y
1253925;4369;4377;2021;complete;69042;17;-1;;28;0;1;1;9;3;12;-1;-1;-1;-1;-1;-1;4;3;5;3;9;6;-1;-1;54;46;-1;-1;1.52;3;2.3;1.08;1.51;2.4;5;11;6.4;2.4;1.53;1.13;1.01;2.05;1.73;0;0;0;0;1.36;1.34;1.47;2.88;2;3.75;2.62;2.33;3.56;0;0;1.47;1.93;2.48;3.45;0;2.5;1.88;1.49;1.27;0;0;0;0;1.73;6.25;2.6;3.1;5.5;1.53;3.5;9.9;0;2.34;1.26;1.02;0;1.36;2.65;6.5;12;2.9;1.42;1.08;1.02;0;0;0;0;1;0;1;0;0;0;1;2021-10-18 20:15:00;4377;0;53;20;21;0;1;-1;4;2;5;1;6;6;-1;-1;-1;-1;-1;-1;1;101;69;144;118;1.59;1.1;2.69;-1;-1;-1;-1;-1;-1;-1;1;0;0;0;1;-1;-1;-1;-1;-1;-1;-1;-1;-1;-1;-1;14;20;40;73;80;26;52;66;48;8.71;0;5.25;2.25;Atenas;Central Español;0.91;1.33;1.29;0.75;1.31;1.19;87;81;61;27;21;42;29;21;1.72;1.2;2.92;5908;22;Y;N;N;N;N;N;N
1253926;4369;4395;2021;complete;69042;18;-1;27;16,40;1;2;3;9;4;13;-1;-1;-1;-1;-1;-1;6;3;4;5;10;8;-1;-1;61;39;-1;-1;2.9;3.1;2.2;0;0;2.05;2.04;0;0;0;1.73;1.73;0;1.91;1.8;0;0;0;0;0;0;0;3.75;2.1;2.75;3.2;0;2.5;0;0;0;0;0;0;0;0;0;0;0;0;0;0;0;2.5;0;1.73;0;0;1.44;3;8;21;2.63;1.36;1.08;1.02;1.25;2.2;4.5;11;3.75;1.62;1.18;1.05;0;0;0;0;3;1;2;0;0;0;3;2021-10-28 01:15:00;4395;0;38;19;25;0;1;-1;4;3;5;1;7;6;-1;-1;-1;-1;-1;-1;1;82;65;137;130;1.66;1.2;2.86;-1;-1;-1;-1;-1;-1;-1;1;0;0;0;1;-1;-1;-1;-1;-1;-1;-1;-1;-1;-1;-1;13;19;32;63;88;19;57;69;44;10.56;0;6;2.26;Atenas;Albion;0.91;2.18;1.13;2.38;1.24;2.12;88;82;69;38;13;59;47;34;1.7;1.48;3.18;5908;22;Y;Y;Y;N;N;N;Y
1253927;4381;4388;2021;complete;69042;18;-1;63;32,90;1;2;3;5;7;12;-1;-1;-1;-1;-1;-1;5;10;3;3;8;13;-1;-1;52;48;-1;-1;2.4;3.25;1.48;1.04;1.35;2.4;3.7;7.5;8.5;2.9;1.53;1.23;1.06;2.25;1.57;0;0;0;0;1.66;1.28;1.28;3.75;1.95;3;3.4;2.3;2.6;0;0;1.36;1.66;2.14;2.9;0;2.95;2.12;1.64;1.37;0;0;0;0;2.5;6.75;1.8;0;0;1.41;2.9;7.6;26;2.7;1.36;1.05;1.01;1.33;2.63;6;17;3.25;1.44;1.13;1.03;0;0;0;0;3;0;1;1;1;2;1;2021-10-27 20:15:00;4388;0;46;12;23;0;1;-1;2;5;3;2;7;5;-1;-1;-1;-1;-1;-1;1;82;88;136;130;1.46;2.16;3.62;-1;-1;-1;-1;-1;-1;-1;1;0;0;1;0;-1;-1;-1;-1;-1;-1;-1;-1;-1;-1;-1;11;23;35;57;100;18;46;89;29;7.22;0;2.5;2.25;Rocha;Uruguay Montevideo FC;0.91;1.27;1.11;1.25;0.71;1.24;89;78;66;43;0;60;36;36;1.29;1.48;2.77;5908;22;Y;Y;Y;N;N;N;Y
1253928;4361;4367;2021;complete;69042;18;-1;86;4,82;1;2;3;9;2;11;-1;-1;-1;-1;-1;-1;4;4;12;5;16;9;-1;-1;63;37;-1;-1;1.42;3.9;5.8;1.01;1.2;1.73;2.65;4.9;12;4;2;1.41;1.14;2.27;1.56;0;0;0;0;1.04;1.15;2.94;2;2.3;6;1.74;2.75;6.55;0;0;1.35;1.65;2.12;2.88;0;3;2.14;1.66;1.37;0;0;0;0;1.33;13;4;2.15;11;1.3;2.4;5.6;0;3.2;1.51;1.11;0;1.17;2.01;3.7;10;4.4;1.73;1.23;1.03;0;0;0;0;3;0;1;1;1;2;1;2021-10-29 01:15:00;4367;0;53;0;24;0;1;-1;5;1;4;1;6;5;-1;-1;-1;-1;-1;-1;1;84;57;133;115;1.9;1.27;3.17;-1;-1;-1;-1;-1;-1;-1;1;0;1;1;0;-1;-1;-1;-1;-1;-1;-1;-1;-1;-1;-1;12;18;42;77;95;7;59;89;54;10.85;0;4.87;2.43;Defensor Sporting;Villa Teresa;1.46;1.36;1.63;1;1.76;0.59;89;82;59;24;6;70;46;29;1.74;1.52;3.26;5908;22;Y;Y;Y;N;N;N;Y
1253929;4360;4365;2021;complete;69042;18;-1;16,90;37;2;1;3;4;4;8;-1;-1;3;4;0;0;5;3;0;1;5;4;-1;-1;40;60;3;4;1.63;3.1;2.15;1.03;1.3;1.98;3.4;6.6;9.3;3.2;1.83;1.28;1.07;1.64;2.13;0;0;0;0;1.42;1.28;1.47;2.75;2.2;3.5;2.38;2.5;3.74;0;0;1.35;1.65;2.12;2.88;0;3;2.14;1.66;1.37;0;0;0;0;1.73;9.75;2.4;0;0;1.38;2.75;7;19.5;2.8;1.39;1.07;1.01;1.23;2.16;4.6;10;3.7;1.63;1.16;1.03;0;0;0;0;3;1;1;1;0;1;2;2021-10-28 22:45:00;4360;0;44;7;19;0;1;1;1;1;3;3;2;6;0;1;3;3;1;6;1;89;127;133;196;1.32;1.41;2.73;0;0;0;0;0;0;1;1;0;0;0;0;0;0;-1;-1;-1;-1;-1;-1;-1;-1;-1;7;13;25;51;88;19;57;57;26;7.63;0;2.5;1.82;Cerro;Juventud;1.42;1.18;1.38;1.5;1.59;1.53;94;88;75;51;13;63;32;19;1.45;1.73;3.18;5908;22;Y;Y;Y;N;N;N;Y
1253930;4377;4354;2021;complete;69042;18;-1;18;32;1;1;2;4;4;8;-1;-1;-1;-1;-1;-1;6;7;8;3;14;10;-1;-1;52;48;-1;-1;2.15;3.25;1.63;1.07;1.39;2.3;4;8;7.75;2.8;1.6;1.22;1.07;1.98;1.73;0;0;0;0;1.7;1.31;1.31;3.6;2;3;3.3;2.25;2.65;0;0;1.36;1.66;2.14;2.9;0;2.95;2.12;1.64;1.37;0;0;0;0;2.38;7.75;1.8;4.75;3.6;1.44;3.1;8.5;26;2.6;1.32;1.06;1;1.3;2.37;5.5;14.5;3.25;1.52;1.13;1.02;0;0;0;0;2;1;1;0;0;0;2;2021-10-28 20:15:00;-1;0;47;25;29;0;1;-1;2;2;2;2;4;4;-1;-1;-1;-1;-1;-1;1;59;72;131;120;1.74;1.65;3.39;-1;-1;-1;-1;-1;-1;-1;1;0;0;0;0;-1;-1;-1;-1;-1;-1;-1;-1;-1;-1;-1;24;36;54;65;83;30;66;71;53;9.75;0;3;2.72;Central Español;Racing;1.58;1.15;1.63;1.33;1.29;1.82;77;65;47;36;18;60;48;48;1.61;1.7;3.31;5908;24;Y;Y;N;N;N;N;Y
1253931;4356;4355;2021;complete;69042;18;-1;44,63;;2;0;2;6;2;8;-1;-1;-1;-1;-1;-1;5;3;7;4;12;7;-1;-1;56;44;-1;-1;1.32;3.3;2.9;1.01;1.22;2.15;2.75;5.1;11.5;3.8;1.67;1.39;1.13;2.1;1.67;0;0;0;0;1.16;1.22;2.06;2.5;2.1;4.33;2.2;2.75;4;0;0;1.47;1.85;2.48;3.45;0;2.5;1.95;1.49;1.27;0;0;0;0;1.57;11;2.88;2.4;9;1.31;2.45;5.8;19;3.1;1.48;1.1;1.02;1.29;2.25;5;13;3.5;1.57;1.17;1.04;0;0;0;0;2;1;0;1;0;1;1;2021-10-27 22:45:00;4356;0;24;12;0;0;1;-1;5;1;1;1;6;2;-1;-1;-1;-1;-1;-1;1;78;71;148;135;1.68;1.18;2.87;-1;-1;-1;-1;-1;-1;-1;1;0;0;4;0;-1;-1;-1;-1;-1;-1;-1;-1;-1;-1;-1;0;0;6;60;100;12;65;66;24;9.57;0;5;1.66;Danubio;Rampla Juniors;1.82;0.73;1.78;0.63;1.82;0.88;100;100;95;41;0;57;18;18;1.68;1.59;3.27;5908;22;Y;Y;N;N;N;N;N
1253932;4365;4361;2021;complete;69042;19;-1;5,89,90;26,45,56;3;3;6;4;9;13;-1;-1;-1;-1;-1;-1;7;7;2;5;9;12;-1;-1;47;53;-1;-1;1.57;3;2.25;1.05;1.36;2.1;4;8;7.5;2.88;1.7;1.2;1.05;1.87;1.89;0;0;0;0;1.3;1.29;1.55;2.88;2;3.6;2.37;2.48;3.76;0;0;1.47;1.85;2.48;3.45;0;2.5;1.95;1.49;1.27;0;0;0;0;1.73;8.5;2.5;3.4;5.5;1.45;3.1;8.3;15;2.55;1.32;1.04;1.02;1.29;2.36;5.5;12;3.3;1.52;1.11;1.02;0;0;0;0;6;1;2;2;1;3;3;2021-11-02 22:45:00;-1;0;39;6;17;0;1;-1;0;6;4;3;6;7;-1;-1;-1;-1;-1;-1;1;47;51;113;115;1.41;1.63;3.04;-1;-1;-1;-1;-1;-1;-1;1;1;0;0;2;-1;-1;-1;-1;-1;-1;-1;-1;-1;-1;-1;0;11;28;62;95;6;39;95;33;8.45;0;6;1.95;Juventud;Defensor Sporting;1.45;1.92;1.56;1.89;1.44;1.67;100;89;73;39;6;45;28;17;1.61;1.39;3;5908;22;Y;Y;Y;Y;Y;Y;Y
1253933;4367;4377;2021;complete;69042;19;-1;63;24,54;1;2;3;5;5;10;-1;-1;-1;-1;-1;-1;5;8;6;5;11;13;-1;-1;53;47;-1;-1;1.88;3;1.75;1.05;1.29;2.1;3.6;7.5;8;3.3;1.7;1.25;1.06;1.85;1.91;0;0;0;0;1.4;1.29;1.45;3.2;2.1;3.2;2.9;2.47;2.85;0;0;1.3;1.58;2;2.7;0;3.2;2.25;1.73;1.42;0;0;0;0;2;8;2;4;4.33;1.4;2.85;7.3;15;2.75;1.37;1.06;1.02;1.25;2.2;4.8;10.5;3.6;1.6;1.14;1.02;0;0;0;0;3;0;1;1;1;2;1;2021-11-02 20:15:00;4377;0;47;11;25;0;1;-1;0;3;5;2;3;7;-1;-1;-1;-1;-1;-1;1;45;38;95;84;1.38;1.66;3.03;-1;-1;-1;-1;-1;-1;-1;1;0;0;0;1;-1;-1;-1;-1;-1;-1;-1;-1;-1;-1;-1;6;24;47;71;95;36;77;71;42;8.53;0;4;2.42;Villa Teresa;Central Español;0.27;1.33;0.13;1;0.72;1.28;95;77;53;29;6;66;29;29;1.56;1.19;2.75;5908;22;Y;Y;Y;N;N;N;Y
1253934;4388;4360;2021;complete;69042;19;-1;36;30,90;1;2;3;8;3;11;-1;-1;-1;-1;-1;-1;9;5;2;4;11;9;-1;-1;50;50;-1;-1;3;3.15;2.31;1.07;1.46;2.38;4.24;7.8;7;2.53;1.52;1.17;1.05;2.05;1.73;0;0;0;0;1.53;1.29;1.3;3.75;2;2.88;3.56;2.27;2.72;0;0;1.36;1.66;2.14;2.9;0;2.95;2.12;1.64;1.37;0;0;0;0;2.5;7;1.73;5;3.3;1.49;3.3;9.2;0;2.44;1.28;1.03;0;1.33;2.5;6.1;12;3;1.46;1.09;1.02;0;0;0;0;3;1;1;0;1;1;2;2021-11-03 01:15:00;4360;0;62;22;50;0;1;-1;3;1;5;2;4;7;-1;-1;-1;-1;-1;-1;1;52;51;98;105;1.71;1.3;3;-1;-1;-1;-1;-1;-1;-1;1;0;0;0;0;-1;-1;-1;-1;-1;-1;-1;-1;-1;-1;-1;17;33;62;78;89;22;84;78;62;10.34;0;4.33;2.78;Uruguay Montevideo FC;Cerro;1;1.92;1.22;1.78;1.33;1.67;84;67;39;22;11;62;39;39;1.53;1.9;3.43;5908;22;Y;Y;Y;N;N;N;Y
1253935;4355;4381;2021;complete;69042;19;-1;2,6;58;2;1;3;3;6;9;-1;-1;3;1;0;0;6;3;6;7;12;10;-1;-1;46;54;3;1;1.57;3;2.25;1.04;1.35;2.15;3.7;7.5;8.6;2.9;1.67;1.23;1.06;1.91;1.85;0;0;0;0;1.28;1.3;1.62;3;2.05;3.4;2.5;2.45;3.56;0;0;1.4;1.73;2.25;3.1;0;2.8;2.02;1.58;1.33;0;0;0;0;1.83;7.75;2.3;3.4;5;1.41;2.9;7.6;0;2.7;1.36;1.05;0;1.26;2.24;5;11;3.5;1.58;1.14;1.02;0;0;0;0;3;2;0;0;1;1;2;2021-11-01 20:15:00;4355;0;41;11;36;0;1;1;0;4;3;2;4;5;1;1;2;0;2;2;1;53;37;99;85;1.56;1.11;2.68;0;0;0;0;0;0;1;1;2;0;0;0;0;0;-1;-1;-1;-1;-1;-1;-1;-1;-1;0;12;42;53;83;17;60;54;42;7.02;0;7.4;1.89;Rampla Juniors;Rocha;1.18;0.45;1.11;0.25;0.83;0.67;100;89;59;47;18;47;36;30;1.55;1.14;2.69;5908;22;Y;Y;Y;N;N;N;Y
1253936;4354;4369;2021;complete;69042;19;-1;;;0;0;0;8;3;11;-1;-1;-1;-1;-1;-1;6;5;10;3;16;8;-1;-1;50;50;-1;-1;1.47;3.1;2.5;1.07;1.47;2.4;4.8;10;6.9;2.48;1.53;1.15;1.02;2.21;1.64;0;0;0;0;1.16;1.31;1.85;2.63;2;4.5;2.44;2.34;3.98;0;0;1.47;1.85;2.48;3.45;0;2.5;1.95;1.49;1.27;0;0;0;0;1.62;7.25;3;2.9;5.8;1.51;3.4;9.4;29;2.4;1.27;1.03;0;1.34;2.55;6.2;13;3;1.45;1.09;1.01;0;0;0;0;0;0;0;0;0;0;0;2021-11-02 01:15:00;-1;0;29;0;11;0;1;-1;5;2;3;1;7;4;-1;-1;-1;-1;-1;-1;1;44;35;100;98;1.75;1.12;2.87;0;0;0;0;0;0;1;1;0;0;0;0;-1;-1;-1;-1;-1;-1;-1;-1;-1;-1;-1;0;0;35;59;89;12;53;77;35;10.21;0;1.95;1.82;Racing;Atenas;2;1.27;2.38;1.33;1.78;1.17;100;100;66;42;12;47;42;36;1.7;1.74;3.44;5908;22;N;N;N;N;N;N;N
1253937;4395;4356;2021;complete;69042;19;-1;58,66;47;2;1;3;3;6;9;-1;-1;-1;-1;-1;-1;6;8;6;6;12;14;-1;-1;52;48;-1;-1;2.6;3;2.6;0;0;2.2;0;0;0;0;1.65;0;0;0;0;0;0;0;0;0;0;0;3.25;2;3.25;0;0;0;0;0;0;0;0;0;0;0;0;0;0;0;0;0;0;2.2;0;1.95;0;0;0;0;0;0;0;0;0;0;0;0;0;0;0;0;0;0;0;0;0;0;3;0;0;2;1;3;0;2021-11-01 22:45:00;4395;0;36;7;23;0;1;-1;1;4;2;2;5;4;-1;-1;-1;-1;-1;-1;1;29;26;95;80;1.4;1.63;3.03;-1;-1;-1;-1;-1;-1;-1;1;0;0;1;0;-1;-1;-1;-1;-1;-1;-1;-1;-1;-1;-1;7;12;29;60;82;19;47;71;41;10.17;0;5.5;1.89;Albion;Danubio;1.82;1.91;1.89;1.88;2.17;1.89;94;89;71;41;18;60;41;36;1.61;1.65;3.26;5908;22;Y;Y;Y;N;N;N;Y
1253938;4354;4395;2021;complete;69042;20;-1;62;13;1;1;2;7;2;9;-1;-1;-1;-1;-1;-1;7;5;3;1;10;6;-1;-1;59;41;-1;-1;3;2.55;2.55;0;0;2.15;0;0;0;0;1.67;0;0;1.83;1.83;0;0;0;0;0;0;0;3.4;2.05;3;3;0;2.75;0;0;0;0;0;0;0;0;0;0;0;0;0;0;0;2.3;0;1.83;0;0;1.5;3.4;9;23;2.5;1.3;1.07;1.01;1.29;2.1;4.5;11;3.5;1.67;1.18;1.05;0;0;0;0;2;0;1;1;0;1;1;2021-11-09 20:15:00;-1;0;28;17;11;0;1;-1;0;0;7;2;0;9;-1;-1;-1;-1;-1;-1;1;66;39;133;101;1.61;1.03;2.64;-1;-1;-1;-1;-1;-1;-1;1;0;0;0;0;-1;-1;-1;-1;-1;-1;-1;-1;-1;-1;-1;6;11;33;56;89;22;61;73;28;11.11;0;3.7;2.06;Racing;Albion;2;2.18;2.22;2.44;1.74;2.21;95;89;67;45;11;67;56;50;1.71;1.45;3.16;5908;22;Y;Y;N;N;N;N;Y
1253939;4361;4388;2021;complete;69042;20;-1;57,87;;2;0;2;6;7;13;-1;-1;-1;-1;-1;-1;8;4;7;5;15;9;-1;-1;52;48;-1;-1;1.45;3.1;2.4;1.04;1.37;2.5;3.9;7.9;8.2;2.85;1.5;1.22;1.05;2.18;1.65;0;0;0;0;1.24;1.28;1.73;2.88;1.95;4;2.57;2.28;3.78;0;0;1.35;1.65;2.12;2.88;0;3;2.14;1.66;1.37;0;0;0;0;1.73;7.5;2.63;3.2;5;1.43;3;7.9;15;2.6;1.34;1.05;1.02;1.27;2.3;5.2;11;3.4;1.55;1.13;1.02;0;0;0;0;2;0;0;2;0;2;0;2021-11-10 21:00:00;4361;0;45;6;28;0;1;-1;3;4;3;3;7;6;-1;-1;-1;-1;-1;-1;1;71;63;104;112;2.02;1.31;3.33;-1;-1;-1;-1;-1;-1;-1;1;0;0;2;0;-1;-1;-1;-1;-1;-1;-1;-1;-1;-1;-1;6;17;39;56;100;11;45;95;45;10.33;0;2.7;2.17;Defensor Sporting;Uruguay Montevideo FC;1.46;1.27;1.44;1.44;1.63;1.26;95;84;61;45;0;62;39;33;1.76;1.56;3.32;5908;22;Y;Y;N;N;N;N;N
1253940;4381;4356;2021;complete;69042;20;-1;20;68,90;1;2;3;4;11;15;-1;-1;4;2;0;0;3;4;3;9;6;13;-1;-1;43;57;4;2;4;3.75;1.18;1.06;1.43;1.9;4.4;9.3;7.3;2.6;1.9;1.17;1.03;2.1;1.67;0;0;0;0;2.12;1.26;1.11;5.5;2.25;2.1;5;2.45;1.83;0;0;1.35;1.65;2.12;2.88;0;3;2.14;1.66;1.37;0;0;0;0;3.5;7.25;1.36;9.5;2.3;1.48;3.2;8.9;23;2.47;1.3;1.03;1.01;1.25;2;4.33;11;3.75;1.73;1.2;1.05;0;0;0;0;3;1;0;0;2;2;1;2021-11-10 01:15:00;4356;0;57;11;31;0;1;1;4;5;0;6;9;6;2;1;2;1;3;3;1;65;115;127;151;1.08;1.94;3.01;0;0;0;0;0;0;1;1;0;0;2;1;0;1;-1;-1;-1;-1;-1;-1;-1;-1;-1;16;21;47;79;89;27;57;79;42;8.96;0;4;2.5;Rocha;Danubio;0.91;1.91;1;1.67;0.63;1.79;85;80;54;22;11;64;37;37;1.3;1.65;2.95;5908;22;Y;Y;Y;N;N;N;Y
1253941;4369;4367;2021;complete;69042;20;-1;;47;0;1;1;1;2;3;-1;-1;-1;-1;-1;-1;3;2;5;5;8;7;-1;-1;64;36;-1;-1;1.36;3.2;2.9;1.07;1.48;2.28;4.8;10.5;6.7;2.45;1.57;1.14;1.02;2.1;1.67;0;0;0;0;1.12;1.25;1.95;2.6;2.05;4.33;2.25;2.32;4;0;0;1.35;1.65;2.12;2.88;0;3;2.14;1.66;1.37;0;0;0;0;1.62;8;2.88;2.75;6.5;1.5;3.4;9.6;23;2.4;1.27;1.02;1.01;1.3;2.25;5.5;13;3.4;1.57;1.14;1.04;0;0;0;0;1;0;0;0;1;1;0;2021-11-09 22:45:00;4367;0;52;11;26;0;1;-1;0;2;1;0;2;1;-1;-1;-1;-1;-1;-1;1;58;27;112;68;1.15;0.78;1.93;-1;-1;-1;-1;-1;-1;-1;1;0;0;0;1;-1;-1;-1;-1;-1;-1;-1;-1;-1;-1;-1;11;11;37;74;84;11;57;62;47;10.78;0;6.17;2.15;Atenas;Villa Teresa;0.91;1.36;1;1.2;1.16;0.68;90;90;64;27;16;70;60;44;1.69;1.5;3.19;5908;22;Y;N;N;N;N;N;N
1253942;4377;4365;2021;complete;69042;20;-1;89;79;1;1;2;9;4;13;-1;-1;-1;-1;-1;-1;5;7;8;10;13;17;-1;-1;59;41;-1;-1;2.4;3.1;2.65;1.07;1.41;2.23;4;7.3;7.85;2.68;1.58;1.19;1.06;1.99;1.78;0;0;0;0;1.4;1.29;1.45;3.2;2.1;3.1;3.36;2.35;2.72;0;0;1.4;1.73;2.25;3.1;0;2.8;2.02;1.58;1.33;0;0;0;0;2.1;7.25;1.91;0;0;1.45;3.1;8.3;17;2.55;1.32;1.04;1.01;1.29;2.36;5.5;12;3.3;1.52;1.11;1.02;0;0;0;0;2;0;0;1;1;2;0;2021-11-10 12:45:00;-1;0;56;33;22;0;1;-1;2;4;7;0;6;7;-1;-1;-1;-1;-1;-1;1;79;76;129;124;1.75;2.11;3.86;-1;-1;-1;-1;-1;-1;-1;1;0;0;0;1;-1;-1;-1;-1;-1;-1;-1;-1;-1;-1;-1;17;28;56;67;95;44;78;62;39;8.56;0;4.5;2.73;Central Español;Juventud;1.58;1.18;1.56;1.33;1.37;1.42;84;73;44;33;6;50;39;39;1.63;1.7;3.33;5908;22;Y;Y;N;N;N;N;Y
1253943;4360;4355;2021;complete;69042;20;-1;38;31,83;1;2;3;6;4;10;-1;-1;-1;-1;-1;-1;4;6;12;3;16;9;-1;-1;61;39;-1;-1;1.22;3.75;3.6;1.04;1.37;2.25;3.9;7.9;8.2;2.85;1.62;1.22;1.05;2.27;1.6;0;0;0;0;1.1;1.23;2.23;2.3;2.05;5.5;2.02;2.48;5.1;0;0;1.4;1.73;2.25;3.1;0;2.8;2.02;1.58;1.33;0;0;0;0;1.44;8.75;3.4;2.2;9.5;1.43;3;7.9;17;2.6;1.34;1.05;1.01;1.27;2.3;5.2;12;3.4;1.55;1.13;1.02;0;0;0;0;3;1;1;0;1;1;2;2021-11-10 23:30:00;4355;0;33;11;6;0;1;-1;3;3;3;1;6;4;-1;-1;-1;-1;-1;-1;1;102;55;153;97;2.03;1.39;3.42;-1;-1;-1;-1;-1;-1;-1;1;0;0;0;0;-1;-1;-1;-1;-1;-1;-1;-1;-1;-1;-1;0;0;6;61;89;11;56;73;17;8.03;0;4.17;1.56;Cerro;Rampla Juniors;1.42;0.73;1.56;0.56;1.74;0.95;100;100;95;39;11;59;23;12;1.44;1.54;2.98;5908;22;Y;Y;Y;N;N;N;Y
1253944;4356;4360;2021;complete;69042;21;-1;;;0;0;0;2;4;6;-1;-1;-1;-1;-1;-1;5;3;5;6;10;9;-1;-1;37;63;-1;-1;1.73;3.5;4;1.1;1.5;2.5;4.15;8.25;6.75;2.45;1.53;1.2;1.07;2.1;1.65;0;0;0;0;1.27;1.34;1.7;2.75;1.95;4.33;2.5;2.05;4.2;0;0;1.3;1.58;2;2.7;0;3.2;2.25;1.73;1.42;0;0;0;0;1.67;6.75;2.75;2.9;5.8;1.56;3.4;9.3;29;2.3;1.28;1.03;0;1.33;2.55;6.1;13;3;1.46;1.09;1.01;0;0;0;0;0;0;0;0;0;0;0;2021-11-18 01:15:00;-1;0;45;20;25;0;1;-1;1;4;1;0;5;1;-1;-1;-1;-1;-1;-1;1;57;91;124;186;1.41;1.46;2.87;0;0;0;0;0;0;1;1;0;0;0;2;-1;-1;-1;-1;-1;-1;-1;-1;-1;-1;-1;5;15;40;65;95;20;75;70;40;10.5;0;4.66;2.2;Danubio;Cerro;1.82;1.92;1.9;1.9;1.85;1.65;95;85;60;35;5;55;25;25;1.68;1.84;3.52;5908;22;N;N;N;N;N;N;N
1253945;4355;4361;2021;complete;69042;21;-1;;7,19,24,42,44;0;5;5;3;10;13;-1;-1;3;2;0;0;3;9;3;5;6;14;-1;-1;47;53;3;2;3.26;3.01;2.1;1.05;1.38;2.18;4;8.1;8;2.8;1.61;1.21;1.04;2;1.7;0;0;0;0;1.91;1.22;1.17;4.75;2.1;2.4;4.82;2.25;2.17;0;0;1.47;1.86;2.48;3.45;0;2.5;1.86;1.49;1.27;0;0;0;0;3;8.25;1.53;7;2.7;1.44;3.24;8;17;2.6;1.3;1.05;1.01;1.29;2.5;6;12;3.24;1.5;1.11;1.02;0;0;0;0;5;0;5;0;0;0;5;2021-11-18 12:45:00;4361;0;40;15;30;0;1;1;0;6;3;4;6;7;2;1;1;1;3;2;1;78;80;162;126;1.18;2.1;3.27;0;0;0;0;0;0;1;1;0;1;0;0;0;0;-1;-1;-1;-1;-1;-1;-1;-1;-1;5;15;35;60;85;25;45;70;40;8.1;0;6.75;2.05;Rampla Juniors;Defensor Sporting;1.18;1.92;1.3;1.8;1.05;1.7;95;85;65;40;15;45;30;25;1.55;1.42;2.97;5908;22;Y;Y;Y;Y;Y;N;N
1253946;4365;4369;2021;complete;69042;21;-1;;;0;0;0;2;4;6;-1;-1;-1;-1;-1;-1;7;0;5;9;12;9;-1;-1;55;45;-1;-1;1.45;3.1;2.4;1.05;1.27;1.85;3.1;5.65;10.5;3.38;1.95;1.32;1.11;1.75;1.95;0;0;0;0;1.28;1.28;1.62;2.63;2.2;3.6;2.37;2.55;3.56;0;0;1.45;1.85;2.4;3.35;0;2.6;1.95;1.52;1.29;0;0;0;0;1.67;9;2.5;3.5;5.8;1.51;2.7;6.7;20;2.4;1.41;1.07;1.01;1.22;2.06;5;10;3.74;1.69;1.14;1.03;0;0;0;0;0;0;0;0;0;0;0;2021-11-17 22:45:00;-1;0;50;10;20;0;1;-1;0;4;2;0;4;2;-1;-1;-1;-1;-1;-1;1;75;81;157;149;1.81;1.17;2.98;0;0;0;0;0;0;1;1;0;0;0;0;-1;-1;-1;-1;-1;-1;-1;-1;-1;-1;-1;5;10;40;65;90;15;55;85;35;8.8;0;3.75;2.15;Juventud;Atenas;1.45;1.27;1.5;1.3;1.4;1.1;95;90;60;35;10;55;35;25;1.59;1.68;3.27;5908;22;N;N;N;N;N;N;N
1253947;4395;4381;2021;complete;69042;21;-1;;46;0;1;1;1;7;8;-1;-1;-1;-1;-1;-1;8;4;7;4;15;8;-1;-1;50;50;-1;-1;1.22;3.5;3.75;1.02;1.28;1.95;3.2;6.2;10;3.4;1.85;1.31;1.09;1.98;1.7;0;0;0;0;1.13;1.17;2.75;2.2;2.2;5;1.95;2.38;5.5;0;0;1.28;1.52;1.91;2.55;0;3.4;2.38;1.81;1.47;0;0;0;0;1.4;13;3.4;2.15;13;1.41;2.7;7;15;2.7;1.41;1.08;1.02;1.29;2.11;4.5;10;3.5;1.67;1.17;1.04;0;0;0;0;1;0;0;0;1;1;0;2021-11-18 19:30:00;4381;0;42;0;37;0;1;-1;1;3;0;4;4;4;-1;-1;-1;-1;-1;-1;1;36;52;99;116;1.77;1.17;2.95;-1;-1;-1;-1;-1;-1;-1;1;0;0;0;2;-1;-1;-1;-1;-1;-1;-1;-1;-1;-1;-1;0;11;48;58;90;6;54;74;52;7.94;0;6.5;2.06;Albion;Rocha;1.82;0.45;2;0.22;2.15;0.6;100;90;52;42;11;58;42;32;1.59;1.14;2.73;5908;22;Y;N;N;N;N;N;N
1253948;4367;4354;2021;complete;69042;21;-1;;;0;0;0;1;4;5;-1;-1;-1;-1;-1;-1;4;5;1;3;5;8;-1;-1;44;56;-1;-1;2.7;3.4;1.38;1.08;1.4;2.1;4;7.45;7.45;2.74;1.7;1.2;1.06;1.9;1.8;0;0;0;0;1.68;1.3;1.23;4.5;2.1;2.4;4.2;2.25;2.3;0;0;1.28;1.52;2;2.55;0;3.4;2.38;1.8;1.47;0;0;0;0;3;7.5;1.53;7;2.9;1.5;3.05;8;15;2.4;1.33;1.05;1.02;1.3;2.36;6;12;3.2;1.54;1.11;1.02;0;0;0;0;0;0;0;0;0;0;0;2021-11-17 20:15:00;-1;0;47;10;37;0;1;-1;0;0;1;4;0;5;-1;-1;-1;-1;-1;-1;1;64;110;115;168;1.07;1.67;2.74;0;0;0;0;0;0;1;1;0;0;0;0;-1;-1;-1;-1;-1;-1;-1;-1;-1;-1;-1;10;26;48;74;90;32;69;69;53;9.68;0;3.75;2.48;Villa Teresa;Racing;0.27;1.15;0.11;1.3;0.8;1.7;90;74;52;26;10;64;32;26;1.54;1.7;3.24;5908;22;N;N;N;N;N;N;N
1253949;4388;4377;2021;complete;69042;21;-1;;43,56,82;0;3;3;9;2;11;-1;-1;0;0;1;0;4;8;3;2;7;10;-1;-1;55;45;2;0;1.83;3;1.87;1.04;1.35;2.15;3.7;7.5;8.6;2.9;1.67;1.23;1.06;1.87;1.83;0;0;0;0;1.4;1.3;1.47;3.2;2.05;3.25;3;2.15;3.1;0;0;1.35;1.65;2.12;2.88;0;3;2.14;1.66;1.37;0;0;0;0;1.91;7.5;2.2;4;4.5;1.41;2.9;7.1;17;2.7;1.35;1.06;1.01;1.25;2.25;5;11;3.5;1.57;1.14;1.02;0;0;0;0;3;0;1;0;2;2;1;2021-11-18 22:00:00;4377;0;60;25;30;0;1;1;5;1;4;1;6;5;0;0;1;0;0;1;1;59;37;117;101;1.16;1.47;2.63;0;0;0;0;0;0;1;1;0;0;0;1;0;0;-1;-1;-1;-1;-1;-1;-1;-1;-1;15;25;55;75;90;30;85;75;45;8.9;0;3.75;2.6;Uruguay Montevideo FC;Central Español;1;1.33;1.1;1.2;1.2;1.35;85;75;45;25;10;65;50;45;1.55;1.23;2.78;5908;22;Y;Y;Y;N;N;N;N
1253950;4360;4381;2021;complete;69042;22;-1;30,79,90;;3;0;3;2;10;12;-1;-1;1;3;0;0;6;4;4;9;10;13;-1;-1;48;52;1;3;1.36;3.2;2.88;1.07;1.4;2.35;4.7;8.5;8;2.75;1.53;1.16;1.06;2.06;1.73;0;0;0;0;1.12;1.25;2.1;2.63;2.05;4.33;2.28;2.42;4.18;0;0;0;0;1.98;0;0;0;0;1.83;0;0;0;0;0;1.62;8;2.88;2.62;7;1.51;3.1;8.5;19;2.47;1.31;1.04;1.02;1.18;1.83;3.75;10;4.5;1.83;1.25;1.06;0;0;0;0;3;1;0;2;0;2;1;2021-11-24 20:15:00;4360;0;45;10;20;0;1;1;1;3;1;7;4;8;1;0;0;3;1;3;1;37;64;94;121;1.33;1.57;2.9;0;0;0;0;0;0;1;1;0;0;1;1;0;0;-1;-1;-1;-1;-1;-1;-1;-1;-1;0;5;35;50;85;15;55;70;25;7.8;0;4.5;1.75;Cerro;Rocha;1.42;0.45;1.4;0.5;1.62;0.71;100;95;65;50;15;60;40;20;1.5;1.14;2.64;5908;22;Y;Y;Y;N;N;N;N
1253951;4361;4356;2021;complete;69042;22;-1;;11;0;1;1;2;3;5;-1;-1;-1;-1;-1;-1;2;4;2;6;4;10;-1;-1;56;44;-1;-1;2.37;2.95;2.7;1.06;1.36;2.15;3.5;6.75;8.25;2.85;1.61;1.25;1.1;1.76;1.95;0;0;0;0;1.47;1.32;1.39;3.25;2.05;3.1;3;2.44;2.8;0;0;1.35;1.65;2.12;2.88;0;3;2.14;1.66;1.37;0;0;0;0;2.2;8.25;1.91;4.5;4.2;1.44;3.09;7.7;23;2.59;1.32;1.05;1;1.26;2.26;5.1;11;3.5;1.57;1.13;1.02;0;0;0;0;1;0;1;0;0;0;1;2021-11-24 01:15:00;4356;0;50;5;25;0;1;-1;1;1;1;2;2;3;-1;-1;-1;-1;-1;-1;1;49;49;131;105;0.77;1.27;2.04;-1;-1;-1;-1;-1;-1;-1;1;0;0;1;0;-1;-1;-1;-1;-1;-1;-1;-1;-1;-1;-1;10;15;45;75;90;20;50;85;55;12.1;0;4.2;2.35;Defensor Sporting;Danubio;1.46;1.91;1.6;1.8;1.76;1.81;90;85;55;25;10;65;40;35;1.78;1.68;3.46;5908;22;Y;N;N;N;N;N;N
1253952;4377;4355;2021;complete;69042;22;-1;7,54,84;;3;0;3;2;8;10;-1;-1;-1;-1;-1;-1;6;2;3;9;9;11;-1;-1;48;52;-1;-1;1.83;3.34;4.26;1.07;1.34;2.19;4.2;9;8.25;3;1.6;1.2;1.06;1.91;1.85;0;0;0;0;1.17;1.27;1.9;2.6;2.1;4;2.42;2.45;3.68;0;0;1.4;1.73;2.25;3.1;0;2.75;2;1.58;1.33;0;0;0;0;1.62;8.5;2.63;3.3;5.5;1.48;3.17;8.1;17;2.55;1.31;1.04;1.01;1.28;2.33;5.3;12;3.3;1.53;1.12;1.03;0;0;0;0;3;1;0;2;0;2;1;2021-11-25 01:15:00;4377;0;45;30;15;0;1;-1;2;6;0;2;8;2;-1;-1;-1;-1;-1;-1;1;33;59;89;108;1.24;1.27;2.5;-1;-1;-1;-1;-1;-1;-1;1;1;0;0;0;-1;-1;-1;-1;-1;-1;-1;-1;-1;-1;-1;10;15;30;75;95;30;70;75;35;9.32;0;4.17;2.35;Central Español;Rampla Juniors;1.58;0.73;1.5;0.8;1.43;1;90;85;70;25;5;58;41;36;1.64;1.52;3.16;5908;22;Y;Y;Y;N;N;N;N
1253953;4367;4395;2021;complete;69042;22;-1;10;55;1;1;2;6;7;13;-1;-1;-1;-1;-1;-1;3;6;3;7;6;13;-1;-1;47;53;-1;-1;2.25;3;1.57;1.06;1.5;2.1;3.85;8;9;2.5;1.67;1.23;1.07;2.1;1.7;0;0;0;0;2.02;1.25;1.14;3.5;2;3.1;3.46;2.25;2.82;0;0;0;1.49;2.38;2.45;3.35;0;2.48;1.93;1.5;1.29;0;0;0;2.4;9;1.91;4.75;3.4;1.43;3.04;7.6;15;2.63;1.33;1.05;1.02;1.26;2.23;5;11;3.5;1.58;1.14;1.03;0;0;0;0;2;1;0;0;1;1;1;2021-11-24 22:45:00;-1;0;45;15;30;0;1;-1;5;1;1;6;6;7;-1;-1;-1;-1;-1;-1;1;53;64;102;122;0.98;1.71;2.69;-1;-1;-1;-1;-1;-1;-1;1;1;0;1;0;-1;-1;-1;-1;-1;-1;-1;-1;-1;-1;-1;5;20;45;70;95;30;75;75;40;9.1;0;4.75;2.45;Villa Teresa;Albion;0.27;2.18;0.2;2.3;0.81;2.05;95;80;55;30;5;75;40;30;1.49;1.4;2.89;5908;22;Y;Y;N;N;N;N;Y
1253954;4369;4388;2021;complete;69042;22;-1;;;0;0;0;6;1;7;-1;-1;-1;-1;-1;-1;8;3;5;5;13;8;-1;-1;53;47;-1;-1;1.76;2.88;1.95;1.09;1.43;2.4;4.2;8.75;7;2.6;1.53;1.2;1.06;1.86;1.83;0;0;0;0;1.25;1.32;1.71;3.2;1.95;3.4;2.9;2.32;3.1;0;0;1.35;1.65;2.12;2.88;0;3;2.14;1.66;1.37;0;0;0;0;1.91;7;2.3;3.3;5;1.54;3.2;8.9;0;2.25;1.3;1.03;0;1.31;2.46;5.8;12;3.1;1.48;1.1;1.02;0;0;0;0;0;0;0;0;0;0;0;2021-11-23 20:15:00;-1;0;35;15;20;0;1;-1;3;1;3;0;4;3;-1;-1;-1;-1;-1;-1;1;53;49;108;110;1.77;1.08;2.85;0;0;0;0;0;0;1;1;0;0;1;0;-1;-1;-1;-1;-1;-1;-1;-1;-1;-1;-1;5;10;25;50;90;15;35;70;35;9.93;0;4;1.8;Atenas;Uruguay Montevideo FC;0.91;1.27;0.9;1.3;1.1;1.14;95;90;75;50;10;57;47;42;1.63;1.53;3.16;5908;22;N;N;N;N;N;N;N
1253955;4354;4365;2021;complete;69042;22;-1;35,43,84;88;3;1;4;1;7;8;-1;-1;0;5;0;0;6;2;1;4;7;6;-1;-1;43;57;0;5;2.5;3.2;1.46;1.06;1.33;2.25;3.4;6.75;9;3;1.62;1.27;1.1;1.9;1.8;0;0;0;0;1.27;1.29;1.68;4;2;2.88;3.54;2.35;2.62;0;0;1.3;1.58;2;2.7;0;3.2;2.25;1.73;1.42;0;0;0;0;1.83;9;2.25;3.6;5.5;1.45;3.06;7.3;15;2.41;1.23;1.06;1.02;1.25;2.2;4.8;11;3.6;1.6;1.14;1.02;0;0;0;0;4;2;0;1;1;2;2;2021-11-23 22:45:00;4354;0;40;10;15;0;1;1;0;2;1;5;2;6;0;2;0;3;2;3;1;31;52;96;115;1.1;0.91;2.01;0;0;0;0;0;0;1;1;0;0;0;1;0;0;-1;-1;-1;-1;-1;-1;-1;-1;-1;5;10;35;60;90;25;60;65;30;10.1;0;4.2;2;Racing;Juventud;2;1.18;2.1;1.3;1.67;1.38;95;90;65;40;10;55;40;40;1.7;1.74;3.44;5908;22;Y;Y;Y;Y;N;N;Y
1465407;4361;4360;2021;complete;69041;0;-1;;58;0;1;1;4;4;8;-1;-1;-1;-1;-1;-1;6;3;5;5;11;8;-1;-1;38;62;-1;-1;2.25;3.15;2.87;1.07;1.41;2.23;4.2;7.6;7.9;2.7;1.58;1.19;1.05;1.96;1.8;0;0;0;0;1.38;1.3;1.61;2.88;2.1;3.6;2.72;2.36;3.36;0;0;0;0;0;0;0;0;0;0;0;0;0;0;0;1.73;7;2.38;3.5;5;1.46;3.1;8.5;17;2.5;1.31;1.04;1.01;1.3;2.4;5.5;12;3.2;1.51;1.11;1.02;0;0;0;0;1;0;0;0;1;1;0;2021-12-04 00:45:00;4360;1;48;14;36;0;1;-1;2;3;2;1;5;3;-1;-1;-1;-1;-1;-1;1;41;74;89;144;1.42;1.27;2.68;-1;-1;-1;-1;-1;-1;-1;1;0;0;1;0;-1;-1;-1;-1;-1;-1;-1;-1;-1;-1;-1;9;18;46;68;91;22;57;81;44;9.74;0;1;2.31;Defensor Sporting;Cerro;1.69;1.67;1.74;1.61;1.74;1.61;92;83;55;33;9;59;37;26;1.69;1.8;3.49;5908;24;Y;N;N;N;N;N;N
1465408;4360;4361;2021;complete;69041;0;-1;34;7,51;1;2;3;3;6;9;-1;-1;4;5;0;0;6;5;7;7;13;12;-1;-1;55;45;4;5;1.8;3;1.9;1.06;1.3;2.1;3.05;6;9;3.2;1.7;1.32;1.12;1.91;1.8;0;0;0;0;1.47;1.39;1.39;3.25;2.1;3.1;2.88;2.42;2.75;0;0;1.35;1.65;2.12;2.88;0;3;2.14;1.66;1.37;0;0;0;0;2.2;9;1.91;4.5;4;1.44;3.25;8;21;2.63;1.33;1.08;1.02;1.29;2.2;4.5;11;3.5;1.62;1.18;1.05;0;0;0;0;3;1;1;0;1;1;2;2021-11-30 22:00:00;4361;1;46;14;18;0;1;1;1;3;2;3;4;5;0;1;4;4;1;8;1;39;33;86;76;1.52;1.35;2.87;0;0;0;0;0;0;1;1;0;1;0;0;0;0;-1;-1;-1;-1;-1;-1;-1;-1;-1;10;19;43;66;87;19;55;80;46;9.78;0;0.64;2.27;Cerro;Defensor Sporting;1.67;1.69;1.68;1.68;1.68;1.68;91;82;57;34;14;57;39;28;1.48;1.48;2.96;5908;24;Y;Y;Y;N;N;N;Y
1465409;4354;4377;2021;complete;69041;0;-1;55;30;1;1;2;12;2;14;-1;-1;3;5;0;0;13;2;10;3;23;5;-1;-1;55;45;3;5;1.52;3.4;2.25;1.05;1.39;2.2;3.9;8;8;2.8;1.65;1.22;1.05;1.85;1.85;0;0;0;0;1.39;1.31;1.57;2.75;2.05;3.75;2.46;2.45;3.58;0;0;0;0;0;0;0;0;0;0;0;0;0;0;0;1.73;9;2.5;3.25;5.5;1.43;3;8;15;2.6;1.34;1.05;1.02;1.28;2.3;5.3;12;3.3;1.54;1.12;1.02;0;0;0;0;2;0;1;1;0;1;1;2021-12-03 22:00:00;-1;1;44;9;14;0;1;1;4;1;8;1;5;9;1;3;2;2;4;4;1;84;59;118;105;2.96;0.89;3.85;0;0;0;0;0;0;1;1;0;0;2;0;0;0;-1;-1;-1;-1;-1;-1;-1;-1;-1;11;20;41;64;87;26;63;66;42;9.43;0;0.13;2.2;Racing;Central Español;1.58;1.46;1.7;1.48;1.7;1.48;89;81;59;37;14;55;44;39;1.64;1.26;2.9;5908;24;Y;Y;N;N;N;N;Y
1465410;4377;4354;2021;complete;69041;0;-1;;;0;0;0;2;5;7;-1;-1;-1;-1;-1;-1;2;3;5;7;7;10;-1;-1;53;47;-1;-1;3.25;3.1;2.05;1.07;1.37;2.15;3.65;7;8;2.8;1.65;1.25;1.09;2;1.73;0;0;0;0;1.66;1.35;1.3;4;2.05;2.75;3.5;2.4;2.4;0;0;1.35;1.65;2.12;2.88;0;3;2.14;1.66;1.37;0;0;0;0;2.6;8;1.67;5.8;3.1;1.44;3;7;19;2.63;1.36;1.1;1.02;1.29;2.25;5;13;3.5;1.57;1.17;1.04;0;0;0;0;0;0;0;0;0;0;0;2021-12-01 00:45:00;-1;1;46;27;27;0;1;-1;0;1;2;4;1;6;-1;-1;-1;-1;-1;-1;1;32;39;85;86;0.82;1.13;1.95;0;0;0;0;0;0;1;1;0;0;0;0;-1;-1;-1;-1;-1;-1;-1;-1;-1;-1;-1;12;21;44;66;82;28;66;69;43;9.54;0;0.23;2.3;Central Español;Racing;1.46;1.58;1.5;1.73;1.5;1.73;89;80;57;34;18;57;46;41;1.6;1.69;3.29;5908;24;N;N;N;N;N;N;N
1496087;4361;4354;2021;complete;69040;0;-1;23,63,87;;3;0;3;2;4;6;-1;-1;2;4;0;1;6;4;4;6;10;10;-1;-1;50;50;2;6;0;0;0;0;0;0;0;0;0;0;0;0;0;0;0;0;0;0;0;0;0;0;0;0;0;0;0;0;0;0;0;0;0;0;0;0;0;0;0;0;0;0;0;0;0;0;0;0;0;0;0;0;0;0;0;0;0;0;0;0;0;0;0;0;0;0;0;0;3;1;0;2;0;2;1;2021-12-07 00:45:00;4361;1;38;9;25;0;-1;1;-1;-1;-1;-1;-1;-1;1;1;1;4;2;5;1;0;0;0;0;1.42;1.39;2.81;0;0;0;0;0;0;1;1;0;0;-1;-1;0;0;-1;-1;-1;-1;-1;-1;-1;-1;-1;11;19;36;63;84;19;50;76;42;10.75;0;0.83;2.15;Defensor Sporting;Racing;1.69;1.58;1.67;1.67;1.67;1.67;90;81;65;38;17;50;38;34;1.67;1.65;3.32;5908;26;Y;Y;Y;N;N;N;N
1496088;4354;4361;2021;complete;69040;0;-1;;;0;0;0;8;7;15;-1;-1;-1;-1;-1;-1;6;5;4;2;10;7;-1;-1;50;50;-1;-1;1.64;3.75;2.1;1.03;1.25;1.8;2.75;5.25;13;3.65;2;1.38;1.14;1.71;2;0;0;0;0;1.35;1.28;1.58;2.88;2.25;3.2;2.49;2.5;3.46;0;0;1.35;1.65;2.12;2.88;2.43;3;2.14;1.66;1.37;1.5;0;0;0;1.8;13;2.2;3.9;5;1.35;2.75;6.4;0;2.93;1.38;1.08;0;1.21;2;4.2;10;3.9;1.71;1.19;1.03;0;0;0;0;0;0;0;0;0;0;0;2021-12-09 23:30:00;-1;1;36;9;17;0;1;-1;5;2;3;5;7;8;-1;-1;-1;-1;-1;-1;1;65;42;115;113;1.53;1.11;2.64;0;0;0;0;0;0;1;1;0;0;1;0;-1;-1;-1;-1;-1;-1;-1;-1;-1;-1;-1;10;18;38;64;88;18;52;76;44;10.56;0;1.12;2.18;Racing;Defensor Sporting;1.58;1.69;1.6;1.72;1.6;1.72;90;82;62;36;13;48;36;32;1.76;1.47;3.23;5908;26;N;N;N;N;N;N;N
