ID;HOMEID;AWAYID;SEASON;STATUS;ROUNDID;GAME_WEEK;REVISED_GAME_WEEK;HOMEGOALS;AWAYGOALS;HOMEGOALCOUNT;AWAYGOALCOUNT;TOTALGOALCOUNT;TEAM_A_CORNERS;TEAM_B_CORNERS;TOTALCORNERCOUNT;TEAM_A_OFFSIDES;TEAM_B_OFFSIDES;TEAM_A_YELLOW_CARDS;TEAM_B_YELLOW_CARDS;TEAM_A_RED_CARDS;TEAM_B_RED_CARDS;TEAM_A_SHOTSONTARGET;TEAM_B_SHOTSONTARGET;TEAM_A_SHOTSOFFTARGET;TEAM_B_SHOTSOFFTARGET;TEAM_A_SHOTS;TEAM_B_SHOTS;TEAM_A_FOULS;TEAM_B_FOULS;TEAM_A_POSSESSION;TEAM_B_POSSESSION;TEAM_A_CARDS_NUM;TEAM_B_CARDS_NUM;ODDS_FT_1;ODDS_FT_X;ODDS_FT_2;ODDS_FT_OVER05;ODDS_FT_OVER15;ODDS_FT_OVER25;ODDS_FT_OVER35;ODDS_FT_OVER45;ODDS_FT_UNDER05;ODDS_FT_UNDER15;ODDS_FT_UNDER25;ODDS_FT_UNDER35;ODDS_FT_UNDER45;ODDS_BTTS_YES;ODDS_BTTS_NO;ODDS_TEAM_A_CS_YES;ODDS_TEAM_A_CS_NO;ODDS_TEAM_B_CS_YES;ODDS_TEAM_B_CS_NO;ODDS_DOUBLECHANCE_1X;ODDS_DOUBLECHANCE_12;ODDS_DOUBLECHANCE_X2;ODDS_1ST_HALF_RESULT_1;ODDS_1ST_HALF_RESULT_X;ODDS_1ST_HALF_RESULT_2;ODDS_2ND_HALF_RESULT_1;ODDS_2ND_HALF_RESULT_X;ODDS_2ND_HALF_RESULT_2;ODDS_DNB_1;ODDS_DNB_2;ODDS_CORNERS_OVER_75;ODDS_CORNERS_OVER_85;ODDS_CORNERS_OVER_95;ODDS_CORNERS_OVER_105;ODDS_CORNERS_OVER_115;ODDS_CORNERS_UNDER_75;ODDS_CORNERS_UNDER_85;ODDS_CORNERS_UNDER_95;ODDS_CORNERS_UNDER_105;ODDS_CORNERS_UNDER_115;ODDS_CORNERS_1;ODDS_CORNERS_X;ODDS_CORNERS_2;ODDS_TEAM_TO_SCORE_FIRST_1;ODDS_TEAM_TO_SCORE_FIRST_X;ODDS_TEAM_TO_SCORE_FIRST_2;ODDS_WIN_TO_NIL_1;ODDS_WIN_TO_NIL_2;ODDS_1ST_HALF_OVER05;ODDS_1ST_HALF_OVER15;ODDS_1ST_HALF_OVER25;ODDS_1ST_HALF_OVER35;ODDS_1ST_HALF_UNDER05;ODDS_1ST_HALF_UNDER15;ODDS_1ST_HALF_UNDER25;ODDS_1ST_HALF_UNDER35;ODDS_2ND_HALF_OVER05;ODDS_2ND_HALF_OVER15;ODDS_2ND_HALF_OVER25;ODDS_2ND_HALF_OVER35;ODDS_2ND_HALF_UNDER05;ODDS_2ND_HALF_UNDER15;ODDS_2ND_HALF_UNDER25;ODDS_2ND_HALF_UNDER35;ODDS_BTTS_1ST_HALF_YES;ODDS_BTTS_1ST_HALF_NO;ODDS_BTTS_2ND_HALF_YES;ODDS_BTTS_2ND_HALF_NO;OVERALLGOALCOUNT;HT_GOALS_TEAM_A;HT_GOALS_TEAM_B;GOALS_2HG_TEAM_A;GOALS_2HG_TEAM_B;GOALCOUNT_2HG;HTGOALCOUNT;DATE_UNIX;WINNINGTEAM;NO_HOME_AWAY;BTTS_POTENTIAL;BTTS_FHG_POTENTIAL;BTTS_2HG_POTENTIAL;GOALTIMINGDISABLED;CORNER_TIMINGS_RECORDED;CARD_TIMINGS_RECORDED;TEAM_A_FH_CORNERS;TEAM_B_FH_CORNERS;TEAM_A_2H_CORNERS;TEAM_B_2H_CORNERS;CORNER_FH_COUNT;CORNER_2H_COUNT;TEAM_A_FH_CARDS;TEAM_B_FH_CARDS;TEAM_A_2H_CARDS;TEAM_B_2H_CARDS;TOTAL_FH_CARDS;TOTAL_2H_CARDS;ATTACKS_RECORDED;TEAM_A_DANGEROUS_ATTACKS;TEAM_B_DANGEROUS_ATTACKS;TEAM_A_ATTACKS;TEAM_B_ATTACKS;TEAM_A_XG;TEAM_B_XG;TOTAL_XG;TEAM_A_PENALTIES_WON;TEAM_B_PENALTIES_WON;TEAM_A_PENALTY_GOALS;TEAM_B_PENALTY_GOALS;TEAM_A_PENALTY_MISSED;TEAM_B_PENALTY_MISSED;PENS_RECORDED;GOAL_TIMINGS_RECORDED;TEAM_A_0_10_MIN_GOALS;TEAM_B_0_10_MIN_GOALS;TEAM_A_CORNERS_0_10_MIN;TEAM_B_CORNERS_0_10_MIN;TEAM_A_CARDS_0_10_MIN;TEAM_B_CARDS_0_10_MIN;THROWINS_RECORDED;TEAM_A_THROWINS;TEAM_B_THROWINS;FREEKICKS_RECORDED;TEAM_A_FREEKICKS;TEAM_B_FREEKICKS;GOALKICKS_RECORDED;TEAM_A_GOALKICKS;TEAM_B_GOALKICKS;O45_POTENTIAL;O35_POTENTIAL;O25_POTENTIAL;O15_POTENTIAL;O05_POTENTIAL;O15HT_POTENTIAL;O05HT_POTENTIAL;O05_2H_POTENTIAL;O15_2H_POTENTIAL;CORNERS_POTENTIAL;OFFSIDES_POTENTIAL;CARDS_POTENTIAL;AVG_POTENTIAL;HOME_NAME;AWAY_NAME;HOME_PPG;AWAY_PPG;PRE_MATCH_HOME_PPG;PRE_MATCH_AWAY_PPG;PRE_MATCH_TEAMA_OVERALL_PPG;PRE_MATCH_TEAMB_OVERALL_PPG;U45_POTENTIAL;U35_POTENTIAL;U25_POTENTIAL;U15_POTENTIAL;U05_POTENTIAL;CORNERS_O85_POTENTIAL;CORNERS_O95_POTENTIAL;CORNERS_O105_POTENTIAL;TEAM_A_XG_PREMATCH;TEAM_B_XG_PREMATCH;TOTAL_XG_PREMATCH;COMPETITION_ID;MATCHES_COMPLETED_MINIMUM;OVER05;OVER15;OVER25;OVER35;OVER45;OVER55;BTTS
109153;1875;1885;2014/2015;complete;583;1;-1;9,17;;2;0;2;4;2;6;1;1;1;3;0;0;3;5;4;2;7;7;22;23;56;44;1;3;0;0;0;0;0;0;0;0;0;0;0;0;0;0;0;0;0;0;0;0;0;0;0;0;0;0;0;0;0;0;0;0;0;0;0;0;0;0;0;0;0;0;0;0;0;0;0;0;0;0;0;0;0;0;0;0;0;0;0;0;0;0;0;0;0;0;0;0;2;2;0;0;0;0;2;2014-08-15 16:00:00;1875;0;0;0;0;0;-1;1;-1;-1;-1;-1;-1;-1;0;0;1;3;0;4;-1;0;0;0;0;0;0;0;0;0;0;0;0;0;1;1;1;0;-1;-1;0;0;-1;-1;-1;-1;-1;-1;-1;-1;-1;0;0;0;0;0;0;0;0;0;0;0;0;0;Gorica;Bistra;1.5;0.69;0;0;0;0;0;0;0;0;0;0;0;0;0;0;0;408;30;Y;Y;N;N;N;N;N
109154;1862;1879;2014/2015;complete;583;1;-1;;3,90;0;2;2;6;1;7;0;3;2;4;0;0;4;2;7;6;11;8;14;20;60;40;2;4;0;0;0;0;0;0;0;0;0;0;0;0;0;0;0;0;0;0;0;0;0;0;0;0;0;0;0;0;0;0;0;0;0;0;0;0;0;0;0;0;0;0;0;0;0;0;0;0;0;0;0;0;0;0;0;0;0;0;0;0;0;0;0;0;0;0;0;0;2;0;1;0;1;1;1;2014-08-15 17:00:00;1879;0;0;0;0;0;-1;1;-1;-1;-1;-1;-1;-1;1;1;1;3;2;4;-1;0;0;0;0;0;0;0;0;0;0;0;0;0;1;1;0;1;-1;-1;0;0;-1;-1;-1;-1;-1;-1;-1;-1;-1;0;0;0;0;0;0;0;0;0;0;0;0;0;Inter Zaprešić;Dugopolje;2.4;0.88;0;0;0;0;0;0;0;0;0;0;0;0;0;0;0;408;30;Y;Y;N;N;N;N;N
109155;1871;1858;2014/2015;complete;583;1;-1;5,17,25;19,32;3;2;5;1;9;10;3;5;6;4;1;0;0;5;4;14;4;19;16;15;37;63;7;4;0;0;0;0;0;0;0;0;0;0;0;0;0;0;0;0;0;0;0;0;0;0;0;0;0;0;0;0;0;0;0;0;0;0;0;0;0;0;0;0;0;0;0;0;0;0;0;0;0;0;0;0;0;0;0;0;0;0;0;0;0;0;0;0;0;0;0;0;5;3;2;0;0;0;5;2014-08-16 16:00:00;1871;0;0;0;0;0;-1;1;-1;-1;-1;-1;-1;-1;6;1;1;3;7;4;-1;0;0;0;0;0;0;0;0;0;0;0;0;0;1;1;1;0;-1;-1;0;0;-1;-1;-1;-1;-1;-1;-1;-1;-1;0;0;0;0;0;0;0;0;0;0;0;0;0;Hrvatski Dragovoljac;Rudeš;1.47;0.93;0;0;0;0;0;0;0;0;0;0;0;0;0;0;0;408;30;Y;Y;Y;Y;Y;N;Y
109156;1882;1860;2014/2015;complete;583;1;-1;44;46,51;1;2;3;10;4;14;1;5;2;3;0;0;8;7;9;3;17;10;13;24;59;41;2;3;0;0;0;0;0;0;0;0;0;0;0;0;0;0;0;0;0;0;0;0;0;0;0;0;0;0;0;0;0;0;0;0;0;0;0;0;0;0;0;0;0;0;0;0;0;0;0;0;0;0;0;0;0;0;0;0;0;0;0;0;0;0;0;0;0;0;0;0;3;1;0;0;2;2;1;2014-08-16 16:00:00;1860;0;0;0;0;0;-1;1;-1;-1;-1;-1;-1;-1;0;1;2;2;1;4;-1;0;0;0;0;0;0;0;0;0;0;0;0;0;1;1;0;0;-1;-1;0;0;-1;-1;-1;-1;-1;-1;-1;-1;-1;0;0;0;0;0;0;0;0;0;0;0;0;0;Sesvete;Cibalia;2.31;1.07;0;0;0;0;0;0;0;0;0;0;0;0;0;0;0;408;30;Y;Y;Y;N;N;N;Y
109157;1874;1884;2014/2015;complete;583;1;-1;;20,84;0;2;2;3;7;10;1;2;2;2;0;0;4;6;5;5;9;11;20;22;57;43;2;2;0;0;0;0;0;0;0;0;0;0;0;0;0;0;0;0;0;0;0;0;0;0;0;0;0;0;0;0;0;0;0;0;0;0;0;0;0;0;0;0;0;0;0;0;0;0;0;0;0;0;0;0;0;0;0;0;0;0;0;0;0;0;0;0;0;0;0;0;2;0;1;0;1;1;1;2014-08-17 16:00:00;1884;0;0;0;0;0;-1;1;-1;-1;-1;-1;-1;-1;0;1;2;1;1;3;-1;0;0;0;0;0;0;0;0;0;0;0;0;0;1;1;0;0;-1;-1;0;0;-1;-1;-1;-1;-1;-1;-1;-1;-1;0;0;0;0;0;0;0;0;0;0;0;0;0;Lučko;Segesta Sisak;1.33;0.5;0;0;0;0;0;0;0;0;0;0;0;0;0;0;0;408;30;Y;Y;N;N;N;N;N
109158;1862;1871;2014/2015;complete;583;2;-1;35;;1;0;1;3;5;8;6;1;4;4;0;0;4;4;2;6;6;10;10;19;55;45;4;4;0;0;0;0;0;0;0;0;0;0;0;0;0;0;0;0;0;0;0;0;0;0;0;0;0;0;0;0;0;0;0;0;0;0;0;0;0;0;0;0;0;0;0;0;0;0;0;0;0;0;0;0;0;0;0;0;0;0;0;0;0;0;0;0;0;0;0;0;1;1;0;0;0;0;1;2014-08-22 17:00:00;1862;0;0;0;0;0;-1;1;-1;-1;-1;-1;-1;-1;2;2;2;2;4;4;-1;0;0;0;0;0;0;0;1;0;1;0;0;0;1;1;0;0;-1;-1;0;0;-1;-1;-1;-1;-1;-1;-1;-1;-1;0;0;0;50;50;0;50;50;0;6;0;2;1;Inter Zaprešić;Hrvatski Dragovoljac;2.4;0.73;0;0;0;3;50;50;50;0;0;0;0;0;0;0;0;408;30;Y;N;N;N;N;N;N
109159;1884;1875;2014/2015;complete;583;2;-1;;31,89;0;2;2;-1;-1;-1;-1;-1;3;3;0;0;-1;-1;-1;-1;-1;-1;-1;-1;-1;-1;3;3;0;0;0;0;0;0;0;0;0;0;0;0;0;0;0;0;0;0;0;0;0;0;0;0;0;0;0;0;0;0;0;0;0;0;0;0;0;0;0;0;0;0;0;0;0;0;0;0;0;0;0;0;0;0;0;0;0;0;0;0;0;0;0;0;0;0;0;0;2;0;1;0;1;1;1;2014-08-23 15:30:00;1875;0;0;0;0;0;-1;1;-1;-1;-1;-1;-1;-1;1;1;2;2;2;4;-1;0;0;0;0;0;0;0;0;0;0;0;0;0;1;1;0;0;-1;-1;1;1;-1;-1;-1;-1;-1;-1;-1;-1;-1;0;0;0;0;0;0;0;0;0;0;0;0;0;Segesta Sisak;Gorica;1.86;1.93;0;0;3;3;0;0;0;0;0;0;0;0;0;0;0;408;30;Y;Y;N;N;N;N;N
109160;1860;1874;2014/2015;complete;583;2;-1;15;;1;0;1;-1;-1;-1;-1;-1;4;4;0;1;-1;-1;-1;-1;-1;-1;-1;-1;-1;-1;4;5;0;0;0;0;0;0;0;0;0;0;0;0;0;0;0;0;0;0;0;0;0;0;0;0;0;0;0;0;0;0;0;0;0;0;0;0;0;0;0;0;0;0;0;0;0;0;0;0;0;0;0;0;0;0;0;0;0;0;0;0;0;0;0;0;0;0;0;0;1;1;0;0;0;0;1;2014-08-23 15:30:00;1860;0;0;0;0;0;-1;1;-1;-1;-1;-1;-1;-1;2;2;2;3;4;5;-1;0;0;0;0;0;0;0;1;0;1;0;0;0;1;1;0;0;-1;-1;0;0;-1;-1;-1;-1;-1;-1;-1;-1;-1;0;0;0;0;0;0;0;0;0;0;0;0;0;Cibalia;Lučko;1.47;0.87;0;0;3;0;0;0;0;0;0;0;0;0;0;0;0;408;30;Y;N;N;N;N;N;N
109161;1879;1885;2014/2015;complete;583;2;-1;37,67,90;;3;0;3;12;1;13;1;4;1;1;0;0;11;0;11;3;22;3;12;14;57;43;1;1;0;0;0;0;0;0;0;0;0;0;0;0;0;0;0;0;0;0;0;0;0;0;0;0;0;0;0;0;0;0;0;0;0;0;0;0;0;0;0;0;0;0;0;0;0;0;0;0;0;0;0;0;0;0;0;0;0;0;0;0;0;0;0;0;0;0;0;0;3;1;0;2;0;2;1;2014-08-24 15:30:00;1879;0;0;0;0;0;-1;1;-1;-1;-1;-1;-1;-1;0;0;1;1;0;2;-1;0;0;0;0;0;0;0;0;0;0;0;0;0;1;1;0;0;-1;-1;0;0;-1;-1;-1;-1;-1;-1;-1;-1;-1;0;0;0;50;50;50;50;0;0;2;1;3;1;Dugopolje;Bistra;1.43;0.69;0;0;3;0;50;50;50;0;0;0;0;0;0;0;0;408;30;Y;Y;Y;N;N;N;N
109162;1858;1883;2014/2015;complete;583;2;-1;22,45,66;7;3;1;4;4;3;7;3;2;3;2;0;0;4;6;7;2;11;8;18;18;52;48;3;2;0;0;0;0;0;0;0;0;0;0;0;0;0;0;0;0;0;0;0;0;0;0;0;0;0;0;0;0;0;0;0;0;0;0;0;0;0;0;0;0;0;0;0;0;0;0;0;0;0;0;0;0;0;0;0;0;0;0;0;0;0;0;0;0;0;0;0;0;4;2;1;1;0;1;3;2014-08-24 15:30:00;1858;0;0;0;0;0;-1;1;-1;-1;-1;-1;-1;-1;0;2;3;0;2;3;-1;0;0;0;0;0;0;0;0;0;0;0;0;0;1;1;0;1;-1;-1;0;0;-1;-1;-1;-1;-1;-1;-1;-1;-1;0;0;0;0;0;0;0;0;0;0;0;0;0;Rudeš;Imotski;1.87;1.14;0;0;0;0;0;0;0;0;0;0;0;0;0;0;0;408;30;Y;Y;Y;Y;N;N;Y
109163;1875;1860;2014/2015;complete;583;3;-1;18;81,83;1;2;3;5;1;6;3;1;4;6;1;0;0;3;7;4;7;7;20;22;50;50;5;6;0;0;0;0;0;0;0;0;0;0;0;0;0;0;0;0;0;0;0;0;0;0;0;0;0;0;0;0;0;0;0;0;0;0;0;0;0;0;0;0;0;0;0;0;0;0;0;0;0;0;0;0;0;0;0;0;0;0;0;0;0;0;0;0;0;0;0;0;3;1;0;0;2;2;1;2014-08-29 15:30:00;1860;0;50;0;0;0;-1;1;-1;-1;-1;-1;-1;-1;1;2;4;4;3;8;-1;0;0;0;0;0;0;0;0;1;0;1;0;0;1;1;0;0;-1;-1;0;0;-1;-1;-1;-1;-1;-1;-1;-1;-1;0;0;50;100;100;50;100;50;50;8;6;4;2.5;Gorica;Cibalia;1.5;1.07;3;3;3;3;100;100;50;0;0;50;50;50;0;0;0;408;30;Y;Y;Y;N;N;N;Y
109164;1871;1879;2014/2015;complete;583;3;-1;;21;0;1;1;4;3;7;0;0;5;3;0;0;2;3;8;7;10;10;19;24;57;43;5;3;0;0;0;0;0;0;0;0;0;0;0;0;0;0;0;0;0;0;0;0;0;0;0;0;0;0;0;0;0;0;0;0;0;0;0;0;0;0;0;0;0;0;0;0;0;0;0;0;0;0;0;0;0;0;0;0;0;0;0;0;0;0;0;0;0;0;0;0;1;0;1;0;0;0;1;2014-08-29 17:00:00;1879;0;50;50;0;0;-1;1;-1;-1;-1;-1;-1;-1;1;1;4;2;2;6;-1;0;0;0;0;0;0;0;0;0;0;0;0;0;1;1;0;0;-1;-1;0;0;-1;-1;-1;-1;-1;-1;-1;-1;-1;50;50;50;100;100;50;100;50;0;2;6;11;3.5;Hrvatski Dragovoljac;Dugopolje;1.47;0.88;3;3;1.5;3;50;50;50;0;0;50;50;0;0;0;0;408;30;Y;N;N;N;N;N;N
109165;1883;1862;2014/2015;complete;583;3;-1;47;14,53,86,89;1;4;5;-1;-1;-1;-1;-1;3;1;1;0;-1;-1;-1;-1;-1;-1;-1;-1;-1;-1;5;1;0;0;0;0;0;0;0;0;0;0;0;0;0;0;0;0;0;0;0;0;0;0;0;0;0;0;0;0;0;0;0;0;0;0;0;0;0;0;0;0;0;0;0;0;0;0;0;0;0;0;0;0;0;0;0;0;0;0;0;0;0;0;0;0;0;0;0;0;5;0;1;1;3;4;1;2014-08-30 15:30:00;1862;0;0;0;0;0;-1;1;-1;-1;-1;-1;-1;-1;2;0;2;1;2;3;-1;0;0;0;0;0;0;0;0;1;0;1;0;0;1;1;0;0;-1;-1;1;0;-1;-1;-1;-1;-1;-1;-1;-1;-1;0;0;0;0;0;0;0;0;0;0;0;0;0;Imotski;Inter Zaprešić;1.38;1.47;0;0;0;1.5;0;0;0;0;0;0;0;0;0;0;0;408;30;Y;Y;Y;Y;Y;N;Y
109166;1882;1858;2014/2015;complete;583;3;-1;36,63,70;;3;0;3;-1;-1;-1;-1;-1;3;2;0;1;-1;-1;-1;-1;-1;-1;-1;-1;-1;-1;3;4;0;0;0;0;0;0;0;0;0;0;0;0;0;0;0;0;0;0;0;0;0;0;0;0;0;0;0;0;0;0;0;0;0;0;0;0;0;0;0;0;0;0;0;0;0;0;0;0;0;0;0;0;0;0;0;0;0;0;0;0;0;0;0;0;0;0;0;0;3;1;0;2;0;2;1;2014-08-30 15:30:00;1882;0;100;50;0;0;-1;1;-1;-1;-1;-1;-1;-1;2;1;1;2;3;3;-1;0;0;0;0;0;0;0;1;0;1;0;0;0;1;1;0;0;-1;-1;1;0;-1;-1;-1;-1;-1;-1;-1;-1;-1;50;50;100;100;100;50;100;50;50;19;6;6;4;Sesvete;Rudeš;2.31;0.93;0;0;0;1.5;50;50;0;0;0;100;100;50;0;0;0;408;30;Y;Y;Y;N;N;N;N
109167;1885;1884;2014/2015;complete;583;3;-1;39,87;;2;0;2;1;5;6;4;5;1;4;0;0;5;5;6;4;11;9;18;20;50;50;1;4;0;0;0;0;0;0;0;0;0;0;0;0;0;0;0;0;0;0;0;0;0;0;0;0;0;0;0;0;0;0;0;0;0;0;0;0;0;0;0;0;0;0;0;0;0;0;0;0;0;0;0;0;0;0;0;0;0;0;0;0;0;0;0;0;0;0;0;0;2;1;0;1;0;1;1;2014-08-31 15:30:00;1885;0;0;0;0;0;-1;1;-1;-1;-1;-1;-1;-1;0;2;1;2;2;3;-1;0;0;0;0;0;0;0;1;0;1;0;0;0;1;1;0;0;-1;-1;0;0;-1;-1;-1;-1;-1;-1;-1;-1;-1;0;0;0;50;50;0;50;50;0;7;2;2;1;Bistra;Segesta Sisak;1.14;0.5;0;3;0;1.5;50;50;50;0;0;50;50;0;0;0;0;408;30;Y;Y;N;N;N;N;N
109168;1871;1883;2014/2015;complete;583;4;-1;;19,90;0;2;2;4;6;10;0;0;1;0;0;0;5;3;8;6;13;9;13;16;56;44;1;0;0;0;0;0;0;0;0;0;0;0;0;0;0;0;0;0;0;0;0;0;0;0;0;0;0;0;0;0;0;0;0;0;0;0;0;0;0;0;0;0;0;0;0;0;0;0;0;0;0;0;0;0;0;0;0;0;0;0;0;0;0;0;0;0;0;0;0;0;2;0;1;0;1;1;1;2014-09-05 15:00:00;1883;0;75;75;0;0;-1;1;-1;-1;-1;-1;-1;-1;1;0;0;0;1;0;-1;0;0;0;0;0;0;0;0;0;0;0;0;0;1;1;0;0;-1;-1;0;0;-1;-1;-1;-1;-1;-1;-1;-1;-1;25;75;75;75;100;75;100;50;0;5.5;3.5;8;3.5;Hrvatski Dragovoljac;Imotski;1.47;1.14;1.5;0;1;0;75;25;25;25;0;25;25;0;0;0;0;408;30;Y;Y;N;N;N;N;N
109169;1862;1882;2014/2015;complete;583;4;-1;6,25,36,78;81;4;1;5;2;5;7;2;1;2;3;0;0;4;8;3;7;7;15;19;15;48;52;2;3;0;0;0;0;0;0;0;0;0;0;0;0;0;0;0;0;0;0;0;0;0;0;0;0;0;0;0;0;0;0;0;0;0;0;0;0;0;0;0;0;0;0;0;0;0;0;0;0;0;0;0;0;0;0;0;0;0;0;0;0;0;0;0;0;0;0;0;0;5;3;0;1;1;2;3;2014-09-05 16:00:00;1862;0;0;0;0;0;-1;1;-1;-1;-1;-1;-1;-1;0;1;2;2;1;4;-1;0;0;0;0;0;0;0;1;0;1;0;0;0;1;1;1;0;-1;-1;0;0;-1;-1;-1;-1;-1;-1;-1;-1;-1;0;0;0;25;50;0;50;25;0;4.5;3;3;0.75;Inter Zaprešić;Sesvete;2.4;1.14;1.5;0;2;1.5;50;50;50;25;0;0;0;0;0;0;0;408;30;Y;Y;Y;Y;Y;N;Y
109170;1860;1885;2014/2015;complete;583;4;-1;19,41;90;2;1;3;-1;-1;-1;-1;-1;6;0;0;0;-1;-1;-1;-1;-1;-1;-1;-1;-1;-1;6;0;0;0;0;0;0;0;0;0;0;0;0;0;0;0;0;0;0;0;0;0;0;0;0;0;0;0;0;0;0;0;0;0;0;0;0;0;0;0;0;0;0;0;0;0;0;0;0;0;0;0;0;0;0;0;0;0;0;0;0;0;0;0;0;0;0;0;0;0;3;2;0;0;1;1;2;2014-09-06 15:00:00;1860;0;0;0;0;0;-1;1;-1;-1;-1;-1;-1;-1;1;0;5;0;1;5;-1;0;0;0;0;0;0;0;0;0;0;0;0;0;1;1;0;0;-1;-1;0;0;-1;-1;-1;-1;-1;-1;-1;-1;-1;0;0;25;50;100;25;100;25;25;1.5;1.5;6;1.75;Cibalia;Bistra;1.47;0.69;3;0;3;1;100;100;75;50;0;25;25;25;0;0;0;408;30;Y;Y;Y;N;N;N;Y
109171;1879;1884;2014/2015;complete;583;4;-1;;;0;0;0;-1;-1;-1;-1;-1;2;2;0;0;-1;-1;-1;-1;-1;-1;-1;-1;-1;-1;2;2;0;0;0;0;0;0;0;0;0;0;0;0;0;0;0;0;0;0;0;0;0;0;0;0;0;0;0;0;0;0;0;0;0;0;0;0;0;0;0;0;0;0;0;0;0;0;0;0;0;0;0;0;0;0;0;0;0;0;0;0;0;0;0;0;0;0;0;0;0;0;0;0;0;0;0;2014-09-07 15:00:00;-1;0;0;0;0;0;-1;1;-1;-1;-1;-1;-1;-1;1;1;1;1;2;2;-1;0;0;0;0;0;0;0;0;0;0;0;0;0;1;1;0;0;-1;-1;0;0;-1;-1;-1;-1;-1;-1;-1;-1;-1;0;0;50;100;100;0;100;100;50;18;4.5;4;2.5;Dugopolje;Segesta Sisak;1.43;0.5;3;1.5;3;1;100;100;50;0;0;75;75;50;0;0;0;408;30;N;N;N;N;N;N;N
109172;1858;1874;2014/2015;complete;583;4;-1;85;26,40,66,72;1;4;5;11;1;12;1;3;3;3;0;1;4;4;11;3;15;7;11;21;66;34;3;4;0;0;0;0;0;0;0;0;0;0;0;0;0;0;0;0;0;0;0;0;0;0;0;0;0;0;0;0;0;0;0;0;0;0;0;0;0;0;0;0;0;0;0;0;0;0;0;0;0;0;0;0;0;0;0;0;0;0;0;0;0;0;0;0;0;0;0;0;5;0;2;1;2;3;2;2014-09-07 15:00:00;1874;0;50;50;0;0;-1;1;-1;-1;-1;-1;-1;-1;2;2;1;2;4;3;-1;0;0;0;0;0;0;0;0;0;0;0;0;0;1;1;0;0;-1;-1;0;0;-1;-1;-1;-1;-1;-1;-1;-1;-1;0;50;50;50;100;50;100;50;0;4;2;8;2.5;Rudeš;Lučko;1.87;0.87;3;0;1;0;100;50;50;50;0;0;0;0;0;0;0;408;30;Y;Y;Y;Y;Y;N;Y
109173;1875;1858;2014/2015;complete;583;5;-1;60,89;40,60;2;2;4;9;7;16;4;2;2;2;0;0;5;4;2;7;7;11;13;18;54;46;2;2;0;0;0;0;0;0;0;0;0;0;0;0;0;0;0;0;0;0;0;0;0;0;0;0;0;0;0;0;0;0;0;0;0;0;0;0;0;0;0;0;0;0;0;0;0;0;0;0;0;0;0;0;0;0;0;0;0;0;0;0;0;0;0;0;0;0;0;0;4;0;1;2;1;3;1;2014-09-12 15:00:00;-1;0;50;25;0;0;-1;1;-1;-1;-1;-1;-1;-1;0;0;2;2;0;4;-1;0;0;0;0;0;0;0;1;0;1;0;0;0;1;1;0;0;-1;-1;0;0;-1;-1;-1;-1;-1;-1;-1;-1;-1;25;25;75;100;100;50;100;50;50;13.5;4;7;3.25;Gorica;Rudeš;1.5;0.93;1.5;0;2;0.75;75;75;25;0;0;50;50;0;0;0;0;408;30;Y;Y;Y;Y;N;N;Y
109174;1882;1871;2014/2015;complete;583;5;-1;36,45,51,81,84;37;5;1;6;-1;-1;-1;-1;-1;2;2;0;0;-1;-1;-1;-1;-1;-1;-1;-1;-1;-1;2;2;0;0;0;0;0;0;0;0;0;0;0;0;0;0;0;0;0;0;0;0;0;0;0;0;0;0;0;0;0;0;0;0;0;0;0;0;0;0;0;0;0;0;0;0;0;0;0;0;0;0;0;0;0;0;0;0;0;0;0;0;0;0;0;0;0;0;0;0;6;2;1;3;0;3;3;2014-09-12 15:00:00;1882;0;25;0;0;0;-1;1;-1;-1;-1;-1;-1;-1;1;1;1;1;2;2;-1;0;0;0;0;0;0;0;0;0;0;0;0;0;1;1;0;0;-1;-1;1;0;-1;-1;-1;-1;-1;-1;-1;-1;-1;0;0;50;50;100;0;100;50;50;15;1;6.5;2;Sesvete;Hrvatski Dragovoljac;2.31;0.73;1.5;0;1;0.75;100;100;50;50;0;50;50;50;0;0;0;408;30;Y;Y;Y;Y;Y;Y;Y
109175;1883;1879;2014/2015;complete;583;5;-1;;44,62;0;2;2;-1;-1;-1;-1;-1;2;3;1;0;-1;-1;-1;-1;-1;-1;-1;-1;-1;-1;4;3;0;0;0;0;0;0;0;0;0;0;0;0;0;0;0;0;0;0;0;0;0;0;0;0;0;0;0;0;0;0;0;0;0;0;0;0;0;0;0;0;0;0;0;0;0;0;0;0;0;0;0;0;0;0;0;0;0;0;0;0;0;0;0;0;0;0;0;0;2;0;1;0;1;1;1;2014-09-13 15:00:00;1879;0;50;0;50;0;-1;1;-1;-1;-1;-1;-1;-1;1;1;2;2;2;4;-1;0;0;0;0;0;0;0;0;1;0;1;0;0;1;1;0;0;-1;-1;0;0;-1;-1;-1;-1;-1;-1;-1;-1;-1;50;50;50;75;100;0;100;75;50;2;0.5;8.5;3.25;Imotski;Dugopolje;1.38;0.88;0;3;1;2.5;50;50;50;25;0;0;0;0;0;0;0;408;30;Y;Y;N;N;N;N;N
109176;1884;1860;2014/2015;complete;583;5;-1;10,59;37;2;1;3;-1;-1;-1;-1;-1;4;3;0;0;-1;-1;-1;-1;-1;-1;-1;-1;-1;-1;4;3;0;0;0;0;0;0;0;0;0;0;0;0;0;0;0;0;0;0;0;0;0;0;0;0;0;0;0;0;0;0;0;0;0;0;0;0;0;0;0;0;0;0;0;0;0;0;0;0;0;0;0;0;0;0;0;0;0;0;0;0;0;0;0;0;0;0;0;0;3;1;1;1;0;1;2;2014-09-13 15:00:00;1884;0;50;0;0;0;-1;1;-1;-1;-1;-1;-1;-1;0;3;4;0;3;4;-1;0;0;0;0;0;0;0;0;0;0;0;0;0;1;1;1;0;-1;-1;0;0;-1;-1;-1;-1;-1;-1;-1;-1;-1;0;0;50;100;100;0;100;100;50;2.5;2;7.5;2.5;Segesta Sisak;Cibalia;1.86;1.07;0;3;1;3;100;100;50;0;0;25;25;25;0;0;0;408;30;Y;Y;Y;N;N;N;Y
109177;1874;1862;2014/2015;complete;583;5;-1;;78;0;1;1;9;7;16;1;3;3;1;0;0;6;0;6;6;12;6;22;15;45;55;3;1;0;0;0;0;0;0;0;0;0;0;0;0;0;0;0;0;0;0;0;0;0;0;0;0;0;0;0;0;0;0;0;0;0;0;0;0;0;0;0;0;0;0;0;0;0;0;0;0;0;0;0;0;0;0;0;0;0;0;0;0;0;0;0;0;0;0;0;0;1;0;0;0;1;1;0;2014-09-14 15:00:00;1862;0;50;0;50;0;-1;1;-1;-1;-1;-1;-1;-1;2;0;1;1;2;2;-1;0;0;0;0;0;0;0;0;0;0;0;0;0;1;1;0;0;-1;-1;0;0;-1;-1;-1;-1;-1;-1;-1;-1;-1;50;50;50;100;100;0;100;100;50;3;0;3;3.5;Lučko;Inter Zaprešić;1.33;1.47;0;3;1;2.25;50;50;50;0;0;50;50;0;0;0;0;408;30;Y;N;N;N;N;N;N
109178;1874;1871;2014/2015;complete;583;6;-1;;61,90;0;2;2;12;3;15;2;1;0;0;0;0;4;3;6;5;10;8;19;18;53;47;0;0;0;0;0;0;0;0;0;0;0;0;0;0;0;0;0;0;0;0;0;0;0;0;0;0;0;0;0;0;0;0;0;0;0;0;0;0;0;0;0;0;0;0;0;0;0;0;0;0;0;0;0;0;0;0;0;0;0;0;0;0;0;0;0;0;0;0;0;0;2;0;0;0;2;2;0;2014-09-17 14:00:00;1871;0;25;25;0;0;-1;-1;-1;-1;-1;-1;-1;-1;0;0;0;0;0;0;-1;0;0;0;0;0;0;0;0;1;0;1;0;0;1;1;0;0;-1;-1;-1;-1;-1;-1;-1;-1;-1;-1;-1;-1;-1;25;25;25;50;100;25;75;75;25;11;1;5.5;2.5;Lučko;Hrvatski Dragovoljac;1.33;0.73;0;0;0.75;0.6;75;75;75;50;0;50;50;25;0;0;0;408;30;Y;Y;N;N;N;N;N
109179;1879;1860;2014/2015;complete;583;6;-1;;53;0;1;1;7;2;9;2;2;1;2;0;1;3;3;5;3;8;6;14;22;62;38;1;4;0;0;0;0;0;0;0;0;0;0;0;0;0;0;0;0;0;0;0;0;0;0;0;0;0;0;0;0;0;0;0;0;0;0;0;0;0;0;0;0;0;0;0;0;0;0;0;0;0;0;0;0;0;0;0;0;0;0;0;0;0;0;0;0;0;0;0;0;1;0;0;0;1;1;0;2014-09-17 14:30:00;1860;0;50;17;0;0;-1;1;-1;-1;-1;-1;-1;-1;1;0;0;3;1;3;-1;0;0;0;0;0;0;0;0;0;0;0;0;0;1;1;0;0;-1;-1;0;0;-1;-1;-1;-1;-1;-1;-1;-1;-1;0;0;75;75;75;17;75;75;59;14.5;1.67;5.5;2.25;Dugopolje;Cibalia;1.43;1.07;2;2;2.6;2.4;100;100;25;25;25;75;75;75;0;0;0;408;30;Y;N;N;N;N;N;N
109180;1858;1885;2014/2015;complete;583;6;-1;;;0;0;0;8;3;11;2;5;2;3;0;0;5;2;7;2;12;4;20;17;57;43;2;3;0;0;0;0;0;0;0;0;0;0;0;0;0;0;0;0;0;0;0;0;0;0;0;0;0;0;0;0;0;0;0;0;0;0;0;0;0;0;0;0;0;0;0;0;0;0;0;0;0;0;0;0;0;0;0;0;0;0;0;0;0;0;0;0;0;0;0;0;0;0;0;0;0;0;0;2014-09-17 14:30:00;-1;0;67;25;25;0;-1;1;-1;-1;-1;-1;-1;-1;0;0;2;3;0;5;-1;0;0;0;0;0;0;0;0;0;0;0;0;0;1;1;0;0;-1;-1;0;0;-1;-1;-1;-1;-1;-1;-1;-1;-1;25;50;84;100;100;84;100;84;42;9;3.33;4.33;3.59;Rudeš;Bistra;1.87;0.69;1.5;0;0.8;0.75;75;50;17;0;0;50;50;50;0;0;0;408;30;N;N;N;N;N;N;N
109181;1883;1882;2014/2015;complete;583;6;-1;;32;0;1;1;4;6;10;2;3;1;6;0;0;5;4;5;6;10;10;14;22;54;46;1;6;0;0;0;0;0;0;0;0;0;0;0;0;0;0;0;0;0;0;0;0;0;0;0;0;0;0;0;0;0;0;0;0;0;0;0;0;0;0;0;0;0;0;0;0;0;0;0;0;0;0;0;0;0;0;0;0;0;0;0;0;0;0;0;0;0;0;0;0;1;0;1;0;0;0;1;2014-09-17 14:30:00;1882;0;75;0;75;0;-1;1;-1;-1;-1;-1;-1;-1;1;2;0;4;3;4;-1;0;0;0;0;0;0;0;0;0;0;0;0;0;1;1;0;0;-1;-1;0;0;-1;-1;-1;-1;-1;-1;-1;-1;-1;75;75;75;100;100;50;100;100;75;5;0;7.5;4.25;Imotski;Sesvete;1.38;1.14;0;0;0.75;1.5;25;25;25;0;0;0;0;0;0;0;0;408;30;Y;N;N;N;N;N;N
109182;1862;1875;2014/2015;complete;583;6;-1;53;27;1;1;2;-1;-1;-1;-1;-1;4;6;0;0;-1;-1;-1;-1;-1;-1;-1;-1;-1;-1;4;6;0;0;0;0;0;0;0;0;0;0;0;0;0;0;0;0;0;0;0;0;0;0;0;0;0;0;0;0;0;0;0;0;0;0;0;0;0;0;0;0;0;0;0;0;0;0;0;0;0;0;0;0;0;0;0;0;0;0;0;0;0;0;0;0;0;0;0;0;2;0;1;1;0;1;1;2014-09-17 16:00:00;-1;0;17;0;17;0;-1;1;-1;-1;-1;-1;-1;-1;2;2;2;4;4;6;-1;0;0;0;0;0;0;0;0;0;0;0;0;0;1;1;0;0;-1;-1;0;0;-1;-1;-1;-1;-1;-1;-1;-1;-1;17;17;17;84;100;17;100;84;17;3.67;1.67;5.67;2.34;Inter Zaprešić;Gorica;2.4;1.93;2;3;2.4;1.75;84;84;84;17;0;0;0;0;0;0;0;408;30;Y;Y;N;N;N;N;Y
109183;1875;1871;2014/2015;complete;583;7;-1;9,14,16,22,75;;5;0;5;7;1;8;4;3;2;2;0;0;3;2;3;0;6;2;17;18;62;38;2;2;0;0;0;0;0;0;0;0;0;0;0;0;0;0;0;0;0;0;0;0;0;0;0;0;0;0;0;0;0;0;0;0;0;0;0;0;0;0;0;0;0;0;0;0;0;0;0;0;0;0;0;0;0;0;0;0;0;0;0;0;0;0;0;0;0;0;0;0;5;4;0;1;0;1;4;2014-09-20 14:00:00;1875;0;50;17;17;0;-1;1;-1;-1;-1;-1;-1;-1;1;0;1;2;1;3;-1;0;0;0;0;0;0;0;0;0;0;0;0;0;1;1;1;0;-1;-1;0;0;-1;-1;-1;-1;-1;-1;-1;-1;-1;17;33;50;84;100;33;84;67;67;10;3;4.67;3;Gorica;Hrvatski Dragovoljac;1.5;0.73;1.33;1;1.6;1;84;67;50;17;0;42;42;42;0;0;0;408;30;Y;Y;Y;Y;Y;N;N
109184;1882;1879;2014/2015;complete;583;7;-1;44;;1;0;1;-1;-1;-1;-1;-1;3;1;0;0;-1;-1;-1;-1;-1;-1;-1;-1;-1;-1;3;1;0;0;0;0;0;0;0;0;0;0;0;0;0;0;0;0;0;0;0;0;0;0;0;0;0;0;0;0;0;0;0;0;0;0;0;0;0;0;0;0;0;0;0;0;0;0;0;0;0;0;0;0;0;0;0;0;0;0;0;0;0;0;0;0;0;0;0;0;1;1;0;0;0;0;1;2014-09-20 14:00:00;1882;0;34;17;0;0;-1;1;-1;-1;-1;-1;-1;-1;1;1;2;0;2;2;-1;0;0;0;0;0;0;0;1;0;1;0;0;0;1;1;0;0;-1;-1;0;0;-1;-1;-1;-1;-1;-1;-1;-1;-1;17;17;50;84;100;17;100;84;50;12;0.34;5.66;2.84;Sesvete;Dugopolje;2.31;0.88;2;3;1.8;2.17;84;84;50;17;0;50;50;50;0;0;0;408;30;Y;N;N;N;N;N;N
109185;1884;1858;2014/2015;complete;583;7;-1;;;0;0;0;-1;-1;-1;-1;-1;2;3;0;0;-1;-1;-1;-1;-1;-1;-1;-1;-1;-1;2;3;0;0;0;0;0;0;0;0;0;0;0;0;0;0;0;0;0;0;0;0;0;0;0;0;0;0;0;0;0;0;0;0;0;0;0;0;0;0;0;0;0;0;0;0;0;0;0;0;0;0;0;0;0;0;0;0;0;0;0;0;0;0;0;0;0;0;0;0;0;0;0;0;0;0;0;2014-09-20 14:00:00;-1;0;59;42;17;0;-1;1;-1;-1;-1;-1;-1;-1;0;1;2;2;1;4;-1;0;0;0;0;0;0;0;0;0;0;0;0;0;1;1;0;0;-1;-1;0;0;-1;-1;-1;-1;-1;-1;-1;-1;-1;17;34;75;100;100;42;100;84;34;8;1;6.83;3.25;Segesta Sisak;Rudeš;1.86;0.93;1.5;0.33;1.4;0.83;84;67;25;0;0;50;50;25;0;0;0;408;30;N;N;N;N;N;N;N
109186;1874;1883;2014/2015;complete;583;7;-1;90;13,43;1;2;3;-1;-1;-1;-1;-1;1;3;0;0;-1;-1;-1;-1;-1;-1;-1;-1;-1;-1;1;3;0;0;0;0;0;0;0;0;0;0;0;0;0;0;0;0;0;0;0;0;0;0;0;0;0;0;0;0;0;0;0;0;0;0;0;0;0;0;0;0;0;0;0;0;0;0;0;0;0;0;0;0;0;0;0;0;0;0;0;0;0;0;0;0;0;0;0;0;3;0;2;1;0;1;2;2014-09-21 14:00:00;1883;0;25;25;0;0;-1;1;-1;-1;-1;-1;-1;-1;1;0;0;3;1;3;-1;0;0;0;0;0;0;0;0;0;0;0;0;0;1;1;0;0;-1;-1;0;0;-1;-1;-1;-1;-1;-1;-1;-1;-1;0;25;25;84;100;25;67;100;17;12.5;2.33;2.67;2.34;Lučko;Imotski;1.33;1.14;0;1.5;0.6;0.6;100;75;75;17;0;75;75;34;0;0;0;408;30;Y;Y;Y;N;N;N;Y
109187;1885;1862;2014/2015;complete;583;7;-1;63;15;1;1;2;-1;-1;-1;-1;-1;5;3;0;0;-1;-1;-1;-1;-1;-1;-1;-1;-1;-1;5;3;0;0;0;0;0;0;0;0;0;0;0;0;0;0;0;0;0;0;0;0;0;0;0;0;0;0;0;0;0;0;0;0;0;0;0;0;0;0;0;0;0;0;0;0;0;0;0;0;0;0;0;0;0;0;0;0;0;0;0;0;0;0;0;0;0;0;0;0;2;0;1;1;0;1;1;2014-09-21 14:00:00;-1;0;25;0;25;0;-1;1;-1;-1;-1;-1;-1;-1;1;1;4;2;2;6;-1;0;0;0;0;0;0;0;0;0;0;0;0;0;1;1;0;0;-1;-1;0;0;-1;-1;-1;-1;-1;-1;-1;-1;-1;25;25;25;75;100;0;75;100;25;8;5;2;2.5;Bistra;Inter Zaprešić;1.14;1.47;3;3;0.8;2.17;75;75;75;25;0;50;50;50;0;0;0;408;30;Y;Y;N;N;N;N;Y
109188;1871;1885;2014/2015;complete;583;8;-1;5;71;1;1;2;1;2;3;3;7;2;3;0;0;3;3;8;2;11;5;13;26;48;52;2;3;0;0;0;0;0;0;0;0;0;0;0;0;0;0;0;0;0;0;0;0;0;0;0;0;0;0;0;0;0;0;0;0;0;0;0;0;0;0;0;0;0;0;0;0;0;0;0;0;0;0;0;0;0;0;0;0;0;0;0;0;0;0;0;0;0;0;0;0;2;1;0;0;1;1;1;2014-09-26 14:00:00;-1;0;29;17;0;0;-1;1;-1;-1;-1;-1;-1;-1;1;1;1;2;2;3;-1;0;0;0;0;0;0;0;0;0;0;0;0;0;1;1;1;0;-1;-1;0;0;-1;-1;-1;-1;-1;-1;-1;-1;-1;17;17;42;71;88;42;88;42;13;5;3.25;6.08;2.34;Hrvatski Dragovoljac;Bistra;1.47;0.69;1;0.25;0.86;0.83;84;84;59;29;13;67;67;34;0;0;0;408;30;Y;Y;N;N;N;N;Y
109189;1883;1875;2014/2015;complete;583;8;-1;;13,39,60,90;0;4;4;-1;-1;-1;-1;-1;2;3;0;0;-1;-1;-1;-1;-1;-1;-1;-1;-1;-1;2;3;0;0;0;0;0;0;0;0;0;0;0;0;0;0;0;0;0;0;0;0;0;0;0;0;0;0;0;0;0;0;0;0;0;0;0;0;0;0;0;0;0;0;0;0;0;0;0;0;0;0;0;0;0;0;0;0;0;0;0;0;0;0;0;0;0;0;0;0;4;0;2;0;2;2;2;2014-09-27 14:00:00;1875;0;42;0;17;0;-1;1;-1;-1;-1;-1;-1;-1;0;2;2;1;2;3;-1;0;0;0;0;0;0;0;0;0;0;0;0;0;1;1;0;0;-1;-1;0;0;-1;-1;-1;-1;-1;-1;-1;-1;-1;17;17;17;84;100;0;100;84;17;4;0;7.83;2.34;Imotski;Gorica;1.38;1.93;0;2;1;1.83;84;84;84;17;0;50;50;0;0;0;0;408;30;Y;Y;Y;Y;N;N;N
109190;1882;1874;2014/2015;complete;583;8;-1;19,60;;2;0;2;-1;-1;-1;-1;-1;3;2;1;0;-1;-1;-1;-1;-1;-1;-1;-1;-1;-1;5;2;0;0;0;0;0;0;0;0;0;0;0;0;0;0;0;0;0;0;0;0;0;0;0;0;0;0;0;0;0;0;0;0;0;0;0;0;0;0;0;0;0;0;0;0;0;0;0;0;0;0;0;0;0;0;0;0;0;0;0;0;0;0;0;0;0;0;0;0;2;1;0;1;0;1;1;2014-09-27 14:00:00;1882;0;50;13;25;0;-1;1;-1;-1;-1;-1;-1;-1;3;1;1;1;4;2;-1;0;0;0;0;0;0;0;0;0;0;0;0;0;1;1;0;0;-1;-1;0;0;-1;-1;-1;-1;-1;-1;-1;-1;-1;38;38;63;63;100;38;100;63;63;11;0.5;7;3.13;Sesvete;Lučko;2.31;0.87;2.25;1.5;2;0.5;63;63;38;38;0;100;100;100;0;0;0;408;30;Y;Y;N;N;N;N;N
109191;1862;1884;2014/2015;complete;583;8;-1;12,65;;2;0;2;-1;-1;-1;-1;-1;2;2;0;0;-1;-1;-1;-1;-1;-1;-1;-1;-1;-1;2;2;0;0;0;0;0;0;0;0;0;0;0;0;0;0;0;0;0;0;0;0;0;0;0;0;0;0;0;0;0;0;0;0;0;0;0;0;0;0;0;0;0;0;0;0;0;0;0;0;0;0;0;0;0;0;0;0;0;0;0;0;0;0;0;0;0;0;0;0;2;1;0;1;0;1;1;2014-09-27 15:00:00;1862;0;25;0;13;0;-1;1;-1;-1;-1;-1;-1;-1;1;2;1;0;3;1;-1;0;0;0;0;0;0;0;1;0;1;0;0;0;1;1;0;0;-1;-1;0;0;-1;-1;-1;-1;-1;-1;-1;-1;-1;13;13;13;71;84;13;84;71;13;9.67;3.75;5.67;1.92;Inter Zaprešić;Segesta Sisak;2.4;0.5;1.75;1.33;2;1.33;88;88;88;29;17;25;25;0;0;0;0;408;30;Y;Y;N;N;N;N;N
109192;1858;1860;2014/2015;complete;583;8;-1;3,45,51;;3;0;3;4;4;8;1;3;2;3;0;0;4;4;5;7;9;11;14;16;49;51;2;3;0;0;0;0;0;0;0;0;0;0;0;0;0;0;0;0;0;0;0;0;0;0;0;0;0;0;0;0;0;0;0;0;0;0;0;0;0;0;0;0;0;0;0;0;0;0;0;0;0;0;0;0;0;0;0;0;0;0;0;0;0;0;0;0;0;0;0;0;3;2;0;1;0;1;2;2014-09-28 14:00:00;1858;0;71;29;17;0;-1;1;-1;-1;-1;-1;-1;-1;1;1;1;2;2;3;-1;0;0;0;0;0;0;0;0;0;0;0;0;0;1;1;1;0;-1;-1;0;0;-1;-1;-1;-1;-1;-1;-1;-1;-1;17;34;71;71;84;46;71;84;42;10;3.75;6.67;2.75;Rudeš;Cibalia;1.87;1.07;1.33;2.25;0.86;2.5;84;67;29;29;17;67;50;50;0;0;0;408;30;Y;Y;Y;N;N;N;N
109193;1875;1882;2014/2015;complete;583;9;-1;7;33;1;1;2;3;1;4;0;5;2;2;0;0;4;5;1;3;5;8;26;18;56;44;2;2;0;0;0;0;0;0;0;0;0;0;0;0;0;0;0;0;0;0;0;0;0;0;0;0;0;0;0;0;0;0;0;0;0;0;0;0;0;0;0;0;0;0;0;0;0;0;0;0;0;0;0;0;0;0;0;0;0;0;0;0;0;0;0;0;0;0;0;0;2;1;1;0;0;0;2;2014-10-03 14:00:00;-1;0;50;0;38;0;-1;1;-1;-1;-1;-1;-1;-1;1;1;1;1;2;2;-1;0;0;0;0;0;0;0;0;0;0;0;0;0;1;1;1;0;-1;-1;0;0;-1;-1;-1;-1;-1;-1;-1;-1;-1;38;50;63;75;100;50;100;63;50;11.75;5;7;3.25;Gorica;Sesvete;1.5;1.14;1.75;1.5;2;2.14;63;50;38;25;0;38;38;13;0;0;0;408;30;Y;Y;N;N;N;N;Y
109194;1884;1871;2014/2015;complete;583;9;-1;;30,48;0;2;2;-1;-1;-1;-1;-1;-1;-1;-1;-1;-1;-1;-1;-1;-1;-1;-1;-1;-1;-1;-1;-1;0;0;0;0;0;0;0;0;0;0;0;0;0;0;0;0;0;0;0;0;0;0;0;0;0;0;0;0;0;0;0;0;0;0;0;0;0;0;0;0;0;0;0;0;0;0;0;0;0;0;0;0;0;0;0;0;0;0;0;0;0;0;0;0;0;0;0;0;2;0;1;0;1;1;1;2014-10-04 14:00:00;1871;0;29;29;0;0;-1;-1;-1;-1;-1;-1;-1;-1;-1;-1;-1;-1;-1;-1;-1;0;0;0;0;0;0;0;0;0;0;0;0;0;1;1;0;0;-1;-1;-1;-1;-1;-1;-1;-1;-1;-1;-1;-1;-1;25;25;42;71;84;42;71;71;25;3;0;5;2.59;Segesta Sisak;Hrvatski Dragovoljac;1.86;0.73;1.33;0.75;1.14;0.88;75;75;59;29;17;17;17;17;0;0;0;408;30;Y;Y;N;N;N;N;N
109195;1860;1862;2014/2015;complete;583;9;-1;;17,44,75;0;3;3;-1;-1;-1;-1;-1;3;4;0;0;-1;-1;-1;-1;-1;-1;-1;-1;-1;-1;3;4;0;0;0;0;0;0;0;0;0;0;0;0;0;0;0;0;0;0;0;0;0;0;0;0;0;0;0;0;0;0;0;0;0;0;0;0;0;0;0;0;0;0;0;0;0;0;0;0;0;0;0;0;0;0;0;0;0;0;0;0;0;0;0;0;0;0;0;0;3;0;2;0;1;1;2;2014-10-04 14:00:00;1862;0;59;0;17;0;-1;1;-1;-1;-1;-1;-1;-1;1;2;2;2;3;4;-1;0;0;0;0;0;0;0;0;1;0;1;0;0;1;1;0;0;-1;-1;0;0;-1;-1;-1;-1;-1;-1;-1;-1;-1;17;17;42;59;100;25;84;75;17;7;0;6.67;2.34;Cibalia;Inter Zaprešić;1.47;1.47;3;2.33;2.14;2.13;84;84;59;42;0;50;50;50;0;0;0;408;30;Y;Y;Y;N;N;N;N
109196;1874;1879;2014/2015;complete;583;9;-1;37,49;23;2;1;3;2;11;13;0;2;2;1;0;0;6;4;4;7;10;11;14;14;41;59;2;1;0;0;0;0;0;0;0;0;0;0;0;0;0;0;0;0;0;0;0;0;0;0;0;0;0;0;0;0;0;0;0;0;0;0;0;0;0;0;0;0;0;0;0;0;0;0;0;0;0;0;0;0;0;0;0;0;0;0;0;0;0;0;0;0;0;0;0;0;3;1;1;1;0;1;2;2014-10-05 14:00:00;1874;0;13;0;0;0;-1;1;-1;-1;-1;-1;-1;-1;0;0;2;1;0;3;-1;0;0;0;0;0;0;0;0;0;0;0;0;0;1;1;0;0;-1;-1;0;0;-1;-1;-1;-1;-1;-1;-1;-1;-1;0;0;13;63;100;13;75;75;13;10;1;4.25;1.75;Lučko;Dugopolje;1.33;0.88;0;2.25;0.43;1.86;100;100;88;38;0;50;50;34;0;0;0;408;30;Y;Y;Y;N;N;N;Y
109197;1885;1883;2014/2015;complete;583;9;-1;87;5;1;1;2;5;4;9;2;3;3;3;0;0;6;0;9;3;15;3;13;28;50;50;3;3;0;0;0;0;0;0;0;0;0;0;0;0;0;0;0;0;0;0;0;0;0;0;0;0;0;0;0;0;0;0;0;0;0;0;0;0;0;0;0;0;0;0;0;0;0;0;0;0;0;0;0;0;0;0;0;0;0;0;0;0;0;0;0;0;0;0;0;0;2;0;1;1;0;1;1;2014-10-05 14:00:00;-1;0;59;17;0;0;-1;1;-1;-1;-1;-1;-1;-1;2;2;1;1;4;2;-1;0;0;0;0;0;0;0;0;1;0;1;0;0;1;1;0;1;-1;-1;1;0;-1;-1;-1;-1;-1;-1;-1;-1;-1;0;17;34;100;100;34;100;100;0;5.5;1.83;4.67;2.5;Bistra;Imotski;1.14;1.14;2;2;0.86;0.86;100;84;67;0;0;25;25;0;0;0;0;408;30;Y;Y;N;N;N;N;Y
109198;1879;1858;2014/2015;complete;583;10;-1;77;26;1;1;2;6;7;13;2;1;0;2;0;0;6;4;6;3;12;7;20;17;61;39;0;2;0;0;0;0;0;0;0;0;0;0;0;0;0;0;0;0;0;0;0;0;0;0;0;0;0;0;0;0;0;0;0;0;0;0;0;0;0;0;0;0;0;0;0;0;0;0;0;0;0;0;0;0;0;0;0;0;0;0;0;0;0;0;0;0;0;0;0;0;2;0;1;1;0;1;1;2014-10-08 13:30:00;-1;0;25;13;13;0;-1;1;-1;-1;-1;-1;-1;-1;0;0;0;2;0;2;-1;0;0;0;0;0;0;0;0;0;0;0;0;0;1;1;0;0;-1;-1;0;0;-1;-1;-1;-1;-1;-1;-1;-1;-1;13;25;54;54;71;13;54;59;42;17.5;1.92;4.58;2.17;Dugopolje;Rudeš;1.43;0.93;1.33;0.5;1.63;1.13;88;75;46;46;29;100;75;50;0;0;0;408;30;Y;Y;N;N;N;N;Y
109199;1871;1860;2014/2015;complete;583;10;-1;2,48;18,42;2;2;4;1;6;7;1;1;1;2;0;0;2;5;4;7;6;12;18;32;53;47;1;2;0;0;0;0;0;0;0;0;0;0;0;0;0;0;0;0;0;0;0;0;0;0;0;0;0;0;0;0;0;0;0;0;0;0;0;0;0;0;0;0;0;0;0;0;0;0;0;0;0;0;0;0;0;0;0;0;0;0;0;0;0;0;0;0;0;0;0;0;4;1;2;1;0;1;3;2014-10-08 13:30:00;-1;0;55;23;0;0;-1;1;-1;-1;-1;-1;-1;-1;0;1;1;1;1;2;-1;0;0;0;0;0;0;0;0;0;0;0;0;0;1;1;1;0;-1;-1;0;0;-1;-1;-1;-1;-1;-1;-1;-1;-1;13;13;53;78;100;33;90;75;20;5.25;3.5;7.55;2.55;Hrvatski Dragovoljac;Cibalia;1.47;1.07;1;1.8;1.11;1.88;88;88;48;23;0;50;38;13;0;0;0;408;30;Y;Y;Y;Y;N;N;Y
109200;1883;1884;2014/2015;complete;583;10;-1;55;;1;0;1;6;4;10;4;1;3;3;0;0;5;9;5;2;10;11;22;27;51;49;3;3;0;0;0;0;0;0;0;0;0;0;0;0;0;0;0;0;0;0;0;0;0;0;0;0;0;0;0;0;0;0;0;0;0;0;0;0;0;0;0;0;0;0;0;0;0;0;0;0;0;0;0;0;0;0;0;0;0;0;0;0;0;0;0;0;0;0;0;0;1;0;0;1;0;1;0;2014-10-08 13:30:00;1883;0;13;0;13;0;-1;1;-1;-1;-1;-1;-1;-1;0;1;3;2;1;5;-1;0;0;0;0;0;0;0;0;0;0;0;0;0;1;1;0;0;-1;-1;0;0;-1;-1;-1;-1;-1;-1;-1;-1;-1;13;25;25;75;88;13;88;75;25;10;1;5.5;2.25;Imotski;Segesta Sisak;1.38;0.5;0;1;0.88;1;88;75;75;25;13;75;75;0;0;0;0;408;30;Y;N;N;N;N;N;N
109201;1882;1885;2014/2015;complete;583;10;-1;69;48,57;1;2;3;10;4;14;5;3;0;0;0;0;0;5;7;5;7;10;11;24;58;42;0;0;0;0;0;0;0;0;0;0;0;0;0;0;0;0;0;0;0;0;0;0;0;0;0;0;0;0;0;0;0;0;0;0;0;0;0;0;0;0;0;0;0;0;0;0;0;0;0;0;0;0;0;0;0;0;0;0;0;0;0;0;0;0;0;0;0;0;0;0;3;0;0;1;2;3;0;2014-10-08 13:30:00;1885;0;40;10;0;0;-1;-1;-1;-1;-1;-1;-1;-1;0;0;0;0;0;0;-1;0;0;0;0;0;0;0;1;0;1;0;0;0;1;1;0;0;-1;-1;-1;-1;-1;-1;-1;-1;-1;-1;-1;-1;-1;10;10;50;80;90;30;90;70;40;12;2.6;5;2.5;Sesvete;Bistra;2.31;0.69;2.4;0.4;2;0.88;90;90;50;20;10;75;75;75;0;0;0;408;30;Y;Y;Y;N;N;N;Y
109202;1874;1875;2014/2015;complete;583;10;-1;60,84;18,33;2;2;4;2;4;6;1;1;4;1;0;1;6;4;5;4;11;8;14;10;51;49;4;3;0;0;0;0;0;0;0;0;0;0;0;0;0;0;0;0;0;0;0;0;0;0;0;0;0;0;0;0;0;0;0;0;0;0;0;0;0;0;0;0;0;0;0;0;0;0;0;0;0;0;0;0;0;0;0;0;0;0;0;0;0;0;0;0;0;0;0;0;4;0;2;2;0;2;2;2014-10-08 13:30:00;-1;0;37;10;0;0;-1;1;-1;-1;-1;-1;-1;-1;0;0;4;2;0;6;-1;0;0;0;0;0;0;0;1;0;1;0;0;0;1;1;0;0;-1;-1;0;0;-1;-1;-1;-1;-1;-1;-1;-1;-1;0;17;37;90;100;37;80;100;27;6.5;0;5.6;2.44;Lučko;Gorica;1.33;1.93;0.6;2.33;0.75;1.88;100;84;64;10;0;50;50;38;0;0;0;408;30;Y;Y;Y;Y;N;N;Y
109203;1884;1882;2014/2015;complete;583;11;-1;10,21,37,68;45,61,78;4;3;7;4;3;7;4;3;4;4;1;1;7;0;1;4;8;4;21;21;41;59;5;5;0;0;0;0;0;0;0;0;0;0;0;0;0;0;0;0;0;0;0;0;0;0;0;0;0;0;0;0;0;0;0;0;0;0;0;0;0;0;0;0;0;0;0;0;0;0;0;0;0;0;0;0;0;0;0;0;0;0;0;0;0;0;0;0;0;0;0;0;7;3;1;1;2;3;4;2014-10-11 13:30:00;1884;0;46;29;17;0;-1;1;-1;-1;-1;-1;-1;-1;2;2;3;3;4;6;-1;0;0;0;0;0;0;0;0;1;0;1;0;0;1;1;1;0;-1;-1;0;1;-1;-1;-1;-1;-1;-1;-1;-1;-1;17;17;29;71;88;46;88;54;17;4;2;6.67;2.21;Segesta Sisak;Sesvete;1.86;1.14;1;1.33;0.89;1.78;84;84;71;29;13;17;17;0;0;0;0;408;30;Y;Y;Y;Y;Y;Y;Y
109204;1875;1879;2014/2015;complete;583;11;-1;;;0;0;0;3;4;7;3;2;3;3;0;0;2;4;3;5;5;9;20;23;51;49;3;3;0;0;0;0;0;0;0;0;0;0;0;0;0;0;0;0;0;0;0;0;0;0;0;0;0;0;0;0;0;0;0;0;0;0;0;0;0;0;0;0;0;0;0;0;0;0;0;0;0;0;0;0;0;0;0;0;0;0;0;0;0;0;0;0;0;0;0;0;0;0;0;0;0;0;0;2014-10-12 13:30:00;-1;0;40;20;10;0;-1;1;-1;-1;-1;-1;-1;-1;1;1;2;2;2;4;-1;0;0;0;0;0;0;0;0;0;0;0;0;0;1;1;0;0;-1;-1;1;0;-1;-1;-1;-1;-1;-1;-1;-1;-1;10;20;40;80;100;40;100;60;20;10.6;3;4.8;2.5;Gorica;Dugopolje;1.5;0.88;1.6;1.8;1.78;1.56;90;80;60;20;0;27;27;27;0;0;0;408;30;N;N;N;N;N;N;N
109205;1885;1874;2014/2015;complete;583;11;-1;17,69;52;2;1;3;6;5;11;2;4;0;1;0;1;3;2;2;0;5;2;14;14;52;48;0;3;0;0;0;0;0;0;0;0;0;0;0;0;0;0;0;0;0;0;0;0;0;0;0;0;0;0;0;0;0;0;0;0;0;0;0;0;0;0;0;0;0;0;0;0;0;0;0;0;0;0;0;0;0;0;0;0;0;0;0;0;0;0;0;0;0;0;0;0;3;1;0;1;1;2;1;2014-10-12 13:30:00;1885;0;50;0;17;0;-1;1;-1;-1;-1;-1;-1;-1;0;1;0;1;1;1;-1;0;0;0;0;0;0;0;0;0;0;0;0;0;1;1;0;0;-1;-1;0;0;-1;-1;-1;-1;-1;-1;-1;-1;-1;17;17;17;84;100;17;100;84;17;4;2;6.67;2.34;Bistra;Lučko;1.14;0.87;1.67;1;1.11;0.78;84;84;84;17;0;75;50;50;0;0;0;408;30;Y;Y;Y;N;N;N;Y
109206;1858;1862;2014/2015;complete;583;11;-1;48;17,90;1;2;3;9;7;16;0;3;3;4;0;0;8;4;4;3;12;7;21;18;52;48;3;4;0;0;0;0;0;0;0;0;0;0;0;0;0;0;0;0;0;0;0;0;0;0;0;0;0;0;0;0;0;0;0;0;0;0;0;0;0;0;0;0;0;0;0;0;0;0;0;0;0;0;0;0;0;0;0;0;0;0;0;0;0;0;0;0;0;0;0;0;3;0;1;1;1;2;1;2014-10-12 13:30:00;1862;0;50;13;25;0;-1;1;-1;-1;-1;-1;-1;-1;2;1;1;3;3;4;-1;0;0;0;0;0;0;0;1;0;1;0;0;0;1;1;0;0;-1;-1;0;0;-1;-1;-1;-1;-1;-1;-1;-1;-1;25;38;63;75;88;50;75;88;25;13.75;1.75;4.75;2.88;Rudeš;Inter Zaprešić;1.87;1.47;1.75;2.5;1.11;2.22;75;63;38;25;13;75;75;75;0;0;0;408;30;Y;Y;Y;N;N;N;Y
109207;1860;1883;2014/2015;complete;583;11;-1;18,90;36,45,82;2;3;5;6;1;7;1;1;0;0;0;0;4;3;12;3;16;6;18;10;64;36;0;0;0;0;0;0;0;0;0;0;0;0;0;0;0;0;0;0;0;0;0;0;0;0;0;0;0;0;0;0;0;0;0;0;0;0;0;0;0;0;0;0;0;0;0;0;0;0;0;0;0;0;0;0;0;0;0;0;0;0;0;0;0;0;0;0;0;0;0;0;5;1;2;1;1;2;3;2014-10-15 13:30:00;1883;0;54;13;0;0;-1;-1;-1;-1;-1;-1;-1;-1;0;0;0;0;0;0;-1;0;0;0;0;0;0;0;0;1;0;1;0;0;1;1;0;0;-1;-1;-1;-1;-1;-1;-1;-1;-1;-1;-1;-1;-1;0;13;59;84;100;59;100;84;0;4.33;0;6.33;2.54;Cibalia;Imotski;1.47;1.14;2;1.75;1.78;1.11;100;88;42;17;0;34;17;0;0;0;0;408;30;Y;Y;Y;Y;Y;N;Y
109208;1884;1874;2014/2015;complete;583;12;-1;31,82;;2;0;2;-1;-1;-1;-1;-1;2;2;0;0;-1;-1;-1;-1;-1;-1;-1;-1;-1;-1;2;2;0;0;0;0;0;0;0;0;0;0;0;0;0;0;0;0;0;0;0;0;0;0;0;0;0;0;0;0;0;0;0;0;0;0;0;0;0;0;0;0;0;0;0;0;0;0;0;0;0;0;0;0;0;0;0;0;0;0;0;0;0;0;0;0;0;0;0;0;2;1;0;1;0;1;1;2014-10-18 13:00:00;1884;0;45;20;35;0;-1;1;-1;-1;-1;-1;-1;-1;0;1;2;1;1;3;-1;0;0;0;0;0;0;0;0;0;0;0;0;0;1;1;0;0;-1;-1;0;0;-1;-1;-1;-1;-1;-1;-1;-1;-1;23;23;45;78;90;33;90;78;35;7;1.25;7;2.78;Segesta Sisak;Lučko;1.86;0.87;1.4;0.75;1.1;0.7;78;78;55;23;10;50;50;50;0;0;0;408;30;Y;Y;N;N;N;N;N
109209;1860;1882;2014/2015;complete;583;12;-1;50;;1;0;1;1;7;8;3;3;3;2;0;0;4;3;4;8;8;11;31;16;50;50;3;2;0;0;0;0;0;0;0;0;0;0;0;0;0;0;0;0;0;0;0;0;0;0;0;0;0;0;0;0;0;0;0;0;0;0;0;0;0;0;0;0;0;0;0;0;0;0;0;0;0;0;0;0;0;0;0;0;0;0;0;0;0;0;0;0;0;0;0;0;1;0;0;1;0;1;0;2014-10-19 13:00:00;1860;0;63;38;38;0;-1;1;-1;-1;-1;-1;-1;-1;1;1;2;1;2;3;-1;0;0;0;0;0;0;0;0;0;0;0;0;0;1;1;0;0;-1;-1;0;0;-1;-1;-1;-1;-1;-1;-1;-1;-1;38;38;63;75;100;75;100;63;38;9.75;2.5;7.25;3.38;Cibalia;Sesvete;1.47;1.14;1.5;1;1.6;1.6;63;63;38;25;0;13;13;0;0;0;0;408;30;Y;N;N;N;N;N;N
109210;1879;1862;2014/2015;complete;583;12;-1;23;36;1;1;2;7;2;9;2;0;1;0;0;0;3;2;5;5;8;7;20;11;46;54;1;0;0;0;0;0;0;0;0;0;0;0;0;0;0;0;0;0;0;0;0;0;0;0;0;0;0;0;0;0;0;0;0;0;0;0;0;0;0;0;0;0;0;0;0;0;0;0;0;0;0;0;0;0;0;0;0;0;0;0;0;0;0;0;0;0;0;0;0;0;2;1;1;0;0;0;2;2014-10-19 13:00:00;-1;0;43;0;20;0;-1;1;-1;-1;-1;-1;-1;-1;0;0;1;0;0;1;-1;0;0;0;0;0;0;0;0;0;0;0;0;0;1;1;0;0;-1;-1;0;0;-1;-1;-1;-1;-1;-1;-1;-1;-1;10;10;43;65;88;10;65;88;33;15.33;1.6;3.6;2.15;Dugopolje;Inter Zaprešić;1.43;1.47;1.25;2.6;1.5;2.3;90;90;58;35;13;100;84;84;0;0;0;408;30;Y;Y;N;N;N;N;Y
109211;1858;1871;2014/2015;complete;583;12;-1;64,87;;2;0;2;7;2;9;0;4;2;2;0;0;4;3;5;0;9;3;20;20;68;32;2;2;0;0;0;0;0;0;0;0;0;0;0;0;0;0;0;0;0;0;0;0;0;0;0;0;0;0;0;0;0;0;0;0;0;0;0;0;0;0;0;0;0;0;0;0;0;0;0;0;0;0;0;0;0;0;0;0;0;0;0;0;0;0;0;0;0;0;0;0;2;0;0;2;0;2;0;2014-10-19 13:00:00;1858;0;40;20;20;0;-1;1;-1;-1;-1;-1;-1;-1;0;1;2;1;1;3;-1;0;0;0;0;0;0;0;0;0;0;0;0;0;1;1;0;0;-1;-1;0;0;-1;-1;-1;-1;-1;-1;-1;-1;-1;30;40;60;80;90;50;80;80;40;10.2;2;4.6;3.1;Rudeš;Hrvatski Dragovoljac;1.87;0.73;1.4;1.2;1;1.1;70;60;40;20;10;47;47;47;0;0;0;408;30;Y;Y;N;N;N;N;N
109212;1885;1875;2014/2015;complete;583;12;-1;;32,87;0;2;2;4;2;6;0;4;3;4;0;0;4;5;3;4;7;9;17;29;59;41;3;4;0;0;0;0;0;0;0;0;0;0;0;0;0;0;0;0;0;0;0;0;0;0;0;0;0;0;0;0;0;0;0;0;0;0;0;0;0;0;0;0;0;0;0;0;0;0;0;0;0;0;0;0;0;0;0;0;0;0;0;0;0;0;0;0;0;0;0;0;2;0;1;0;1;1;1;2014-10-19 13:00:00;1875;0;63;0;13;0;-1;1;-1;-1;-1;-1;-1;-1;3;0;0;4;3;4;-1;0;0;0;0;0;0;0;0;0;0;0;0;0;1;1;0;0;-1;-1;0;0;-1;-1;-1;-1;-1;-1;-1;-1;-1;0;25;38;100;100;25;100;100;38;8;1.25;6;2.63;Bistra;Gorica;1.14;1.93;2;2;1.3;1.7;100;75;63;0;0;34;17;17;0;0;0;408;30;Y;Y;N;N;N;N;N
109213;1875;1884;2014/2015;complete;583;13;-1;22,85,87;33,83;3;2;5;9;0;9;3;2;0;0;0;0;6;3;4;0;10;3;24;21;63;37;0;0;0;0;0;0;0;0;0;0;0;0;0;0;0;0;0;0;0;0;0;0;0;0;0;0;0;0;0;0;0;0;0;0;0;0;0;0;0;0;0;0;0;0;0;0;0;0;0;0;0;0;0;0;0;0;0;0;0;0;0;0;0;0;0;0;0;0;0;0;5;1;1;2;1;3;2;2014-10-24 13:00:00;1875;0;25;9;9;0;-1;-1;-1;-1;-1;-1;-1;-1;0;0;0;0;0;0;-1;0;0;0;0;0;0;0;1;0;1;0;0;0;1;1;0;0;-1;-1;-1;-1;-1;-1;-1;-1;-1;-1;-1;-1;-1;9;17;25;72;82;25;72;65;17;10.5;3.7;5.1;2.04;Gorica;Segesta Sisak;1.5;0.5;1.5;0.8;1.82;1.27;92;84;75;29;19;42;42;9;0;0;0;408;30;Y;Y;Y;Y;Y;N;Y
109214;1871;1862;2014/2015;complete;583;13;-1;56,88;28;2;1;3;10;5;15;0;6;3;3;0;1;7;3;12;1;19;4;17;22;41;59;3;4;0;0;0;0;0;0;0;0;0;0;0;0;0;0;0;0;0;0;0;0;0;0;0;0;0;0;0;0;0;0;0;0;0;0;0;0;0;0;0;0;0;0;0;0;0;0;0;0;0;0;0;0;0;0;0;0;0;0;0;0;0;0;0;0;0;0;0;0;3;0;1;2;0;2;1;2014-10-24 13:00:00;1871;0;64;29;17;0;-1;1;-1;-1;-1;-1;-1;-1;2;1;1;3;3;4;-1;0;0;0;0;0;0;0;0;0;0;0;0;0;1;1;0;0;-1;-1;0;0;-1;-1;-1;-1;-1;-1;-1;-1;-1;19;29;45;82;100;37;92;72;17;7.53;1.9;5.37;2.74;Hrvatski Dragovoljac;Inter Zaprešić;1.47;1.47;1;2.33;1;2.18;82;72;55;19;0;70;54;34;0;0;0;408;30;Y;Y;Y;N;N;N;Y
109215;1883;1858;2014/2015;complete;583;13;-1;;;0;0;0;-1;-1;-1;-1;-1;2;4;1;1;-1;-1;-1;-1;-1;-1;-1;-1;-1;-1;4;5;0;0;0;0;0;0;0;0;0;0;0;0;0;0;0;0;0;0;0;0;0;0;0;0;0;0;0;0;0;0;0;0;0;0;0;0;0;0;0;0;0;0;0;0;0;0;0;0;0;0;0;0;0;0;0;0;0;0;0;0;0;0;0;0;0;0;0;0;0;0;0;0;0;0;0;2014-10-25 13:00:00;-1;0;40;10;20;0;-1;1;-1;-1;-1;-1;-1;-1;0;1;3;4;1;7;-1;0;0;0;0;0;0;0;0;0;0;0;0;0;1;1;0;0;-1;-1;0;0;-1;-1;-1;-1;-1;-1;-1;-1;-1;20;40;50;70;90;20;80;70;40;12.67;1.8;6;2.7;Imotski;Rudeš;1.38;0.93;0.6;0.6;1.3;1.18;80;60;50;30;10;100;100;34;0;0;0;408;30;N;N;N;N;N;N;N
109216;1885;1879;2014/2015;complete;583;13;-1;8;68;1;1;2;1;4;5;2;1;0;0;0;0;6;3;2;5;8;8;13;21;43;57;0;0;0;0;0;0;0;0;0;0;0;0;0;0;0;0;0;0;0;0;0;0;0;0;0;0;0;0;0;0;0;0;0;0;0;0;0;0;0;0;0;0;0;0;0;0;0;0;0;0;0;0;0;0;0;0;0;0;0;0;0;0;0;0;0;0;0;0;0;0;2;1;0;0;1;1;1;2014-10-26 13:00:00;-1;0;39;9;10;0;-1;-1;-1;-1;-1;-1;-1;-1;0;0;0;0;0;0;-1;0;0;0;0;0;0;0;0;1;0;1;0;0;1;1;1;0;-1;-1;-1;-1;-1;-1;-1;-1;-1;-1;-1;-1;-1;0;0;19;75;92;9;92;75;10;8.75;2.23;4.9;1.85;Bistra;Dugopolje;1.14;0.88;1.6;1.67;1.18;1.45;100;100;82;25;9;38;25;25;0;0;0;408;30;Y;Y;N;N;N;N;Y
109217;1874;1860;2014/2015;complete;583;13;-1;12;83;1;1;2;4;6;10;1;3;3;3;0;0;6;6;1;5;7;11;22;23;46;54;3;3;0;0;0;0;0;0;0;0;0;0;0;0;0;0;0;0;0;0;0;0;0;0;0;0;0;0;0;0;0;0;0;0;0;0;0;0;0;0;0;0;0;0;0;0;0;0;0;0;0;0;0;0;0;0;0;0;0;0;0;0;0;0;0;0;0;0;0;0;2;1;0;0;1;1;1;2014-10-26 13:00:00;-1;0;59;25;0;0;-1;1;-1;-1;-1;-1;-1;-1;2;2;1;1;4;2;-1;0;0;0;0;0;0;0;0;0;0;0;0;0;1;1;0;0;-1;-1;0;0;-1;-1;-1;-1;-1;-1;-1;-1;-1;0;17;67;83;100;50;75;100;33;9;2.5;5.5;2.67;Lučko;Cibalia;1.33;1.07;0.67;1.67;0.64;1.73;100;83;34;17;0;60;50;40;0;0;0;408;30;Y;Y;N;N;N;N;Y
109218;1862;1883;2014/2015;complete;583;14;-1;;;0;0;0;6;3;9;1;3;2;3;0;0;4;5;3;3;7;8;13;21;64;36;2;3;0;0;0;0;0;0;0;0;0;0;0;0;0;0;0;0;0;0;0;0;0;0;0;0;0;0;0;0;0;0;0;0;0;0;0;0;0;0;0;0;0;0;0;0;0;0;0;0;0;0;0;0;0;0;0;0;0;0;0;0;0;0;0;0;0;0;0;0;0;0;0;0;0;0;0;2014-10-31 13:00:00;-1;0;60;20;20;0;-1;1;-1;-1;-1;-1;-1;-1;0;1;2;2;1;4;-1;0;0;0;0;0;0;0;0;0;0;0;0;0;1;1;0;0;-1;-1;0;1;-1;-1;-1;-1;-1;-1;-1;-1;-1;20;30;40;90;100;40;100;90;20;7.17;2.2;4.4;2.8;Inter Zaprešić;Imotski;2.4;1.14;2;2;2;1.27;80;70;60;10;0;25;13;0;0;0;0;408;30;N;N;N;N;N;N;N
109219;1858;1882;2014/2015;complete;583;14;-1;21;10,48;1;2;3;4;2;6;5;3;4;4;0;0;6;4;5;3;11;7;25;28;57;43;4;4;0;0;0;0;0;0;0;0;0;0;0;0;0;0;0;0;0;0;0;0;0;0;0;0;0;0;0;0;0;0;0;0;0;0;0;0;0;0;0;0;0;0;0;0;0;0;0;0;0;0;0;0;0;0;0;0;0;0;0;0;0;0;0;0;0;0;0;0;3;1;1;0;1;1;2;2014-11-02 13:00:00;1882;0;55;29;37;0;-1;1;-1;-1;-1;-1;-1;-1;3;1;1;3;4;4;-1;0;0;0;0;0;0;0;0;0;0;0;0;0;1;1;0;1;-1;-1;1;0;-1;-1;-1;-1;-1;-1;-1;-1;-1;29;37;54;72;92;55;74;72;45;11.57;4.17;6.1;3.02;Rudeš;Sesvete;1.87;1.14;1.67;0.8;1.17;1.45;72;64;47;29;9;44;35;25;0;0;0;408;30;Y;Y;Y;N;N;N;Y
109220;1860;1875;2014/2015;complete;583;14;-1;;56;0;1;1;5;0;5;2;1;4;3;0;0;6;2;7;2;13;4;26;18;51;49;4;3;0;0;0;0;0;0;0;0;0;0;0;0;0;0;0;0;0;0;0;0;0;0;0;0;0;0;0;0;0;0;0;0;0;0;0;0;0;0;0;0;0;0;0;0;0;0;0;0;0;0;0;0;0;0;0;0;0;0;0;0;0;0;0;0;0;0;0;0;1;0;0;0;1;1;0;2014-11-02 13:00:00;1875;0;40;10;10;0;-1;1;-1;-1;-1;-1;-1;-1;0;2;4;1;2;5;-1;0;0;0;0;0;0;0;0;0;0;0;0;0;1;1;0;0;-1;-1;0;0;-1;-1;-1;-1;-1;-1;-1;-1;-1;10;30;50;80;100;50;90;90;30;6.5;0.6;7;2.7;Cibalia;Gorica;1.47;1.93;1.8;2.2;1.67;1.92;90;70;50;20;0;0;0;0;0;0;0;408;30;Y;N;N;N;N;N;N
109221;1884;1885;2014/2015;complete;583;14;-1;11,37,48,58;;4;0;4;3;0;3;5;0;1;1;0;1;6;0;5;4;11;4;17;12;66;34;1;3;0;0;0;0;0;0;0;0;0;0;0;0;0;0;0;0;0;0;0;0;0;0;0;0;0;0;0;0;0;0;0;0;0;0;0;0;0;0;0;0;0;0;0;0;0;0;0;0;0;0;0;0;0;0;0;0;0;0;0;0;0;0;0;0;0;0;0;0;4;2;0;2;0;2;2;2014-11-02 13:00:00;1884;0;42;17;17;0;-1;1;-1;-1;-1;-1;-1;-1;0;1;1;1;1;2;-1;0;0;0;0;0;0;0;1;0;1;0;0;0;1;1;0;0;-1;-1;0;0;-1;-1;-1;-1;-1;-1;-1;-1;-1;9;9;42;83;83;33;75;75;25;6.4;3;4.87;2.42;Segesta Sisak;Bistra;1.86;0.69;1.67;0.83;1.17;1.17;92;92;59;17;17;30;30;30;0;0;0;408;30;Y;Y;Y;Y;N;N;N
109222;1879;1871;2014/2015;complete;583;14;-1;22,26,62;18,60;3;2;5;8;5;13;5;0;3;3;0;0;5;2;6;7;11;9;18;14;43;57;3;3;0;0;0;0;0;0;0;0;0;0;0;0;0;0;0;0;0;0;0;0;0;0;0;0;0;0;0;0;0;0;0;0;0;0;0;0;0;0;0;0;0;0;0;0;0;0;0;0;0;0;0;0;0;0;0;0;0;0;0;0;0;0;0;0;0;0;0;0;5;2;1;1;1;2;3;2014-11-04 13:00:00;1879;0;29;19;0;0;-1;1;-1;-1;-1;-1;-1;-1;1;1;2;2;2;4;-1;0;0;0;0;0;0;0;0;0;0;0;0;0;1;1;0;0;-1;-1;0;0;-1;-1;-1;-1;-1;-1;-1;-1;-1;17;17;27;72;90;27;64;72;35;10.75;2.37;3;2.3;Dugopolje;Hrvatski Dragovoljac;1.43;0.73;1.2;1;1.42;1.17;84;84;74;29;10;75;38;38;0;0;0;408;30;Y;Y;Y;Y;Y;N;Y
109223;1884;1879;2014/2015;complete;583;15;-1;65,90;35;2;1;3;11;3;14;3;2;4;4;0;1;3;6;5;3;8;9;19;17;56;44;4;5;0;0;0;0;0;0;0;0;0;0;0;0;0;0;0;0;0;0;0;0;0;0;0;0;0;0;0;0;0;0;0;0;0;0;0;0;0;0;0;0;0;0;0;0;0;0;0;0;0;0;0;0;0;0;0;0;0;0;0;0;0;0;0;0;0;0;0;0;3;0;1;2;0;2;1;2014-11-08 12:30:00;1884;0;29;22;7;0;-1;1;-1;-1;-1;-1;-1;-1;1;2;3;3;3;6;-1;0;0;0;0;0;0;0;0;0;0;0;0;0;1;1;0;0;-1;-1;0;0;-1;-1;-1;-1;-1;-1;-1;-1;-1;7;15;29;72;86;29;86;72;15;8.1;1.43;4.97;2.22;Segesta Sisak;Dugopolje;1.86;0.88;1.86;1.57;1.31;1.54;93;86;72;29;14;10;10;10;0;0;0;408;30;Y;Y;Y;N;N;N;Y
109224;1882;1862;2014/2015;complete;583;15;-1;24,37,75,85,90;;5;0;5;8;2;10;2;1;3;1;0;1;10;2;7;7;17;9;18;18;53;47;3;2;0;0;0;0;0;0;0;0;0;0;0;0;0;0;0;0;0;0;0;0;0;0;0;0;0;0;0;0;0;0;0;0;0;0;0;0;0;0;0;0;0;0;0;0;0;0;0;0;0;0;0;0;0;0;0;0;0;0;0;0;0;0;0;0;0;0;0;0;5;2;0;3;0;3;2;2014-11-08 12:30:00;1882;0;61;16;23;0;-1;1;-1;-1;-1;-1;-1;-1;1;1;2;1;2;3;-1;0;0;0;0;0;0;0;0;0;0;0;0;0;1;1;0;0;-1;-1;0;0;-1;-1;-1;-1;-1;-1;-1;-1;-1;16;16;62;85;100;23;85;85;55;15.25;1.62;4.93;2.86;Sesvete;Inter Zaprešić;2.31;1.47;2;2;1.58;1.92;85;85;38;16;0;100;88;88;0;0;0;408;30;Y;Y;Y;Y;Y;N;N
109225;1883;1871;2014/2015;complete;583;15;-1;33,38;42,90;2;2;4;12;7;19;2;2;6;2;0;1;7;7;11;2;18;9;22;10;55;45;6;4;0;0;0;0;0;0;0;0;0;0;0;0;0;0;0;0;0;0;0;0;0;0;0;0;0;0;0;0;0;0;0;0;0;0;0;0;0;0;0;0;0;0;0;0;0;0;0;0;0;0;0;0;0;0;0;0;0;0;0;0;0;0;0;0;0;0;0;0;4;2;1;0;1;1;3;2014-11-08 12:30:00;-1;0;23;15;16;0;-1;1;-1;-1;-1;-1;-1;-1;3;1;3;2;4;5;-1;0;0;0;0;0;0;0;1;1;1;1;0;0;1;1;0;0;-1;-1;0;0;-1;-1;-1;-1;-1;-1;-1;-1;-1;30;38;38;68;92;30;69;77;45;8.2;1.33;5.34;2.73;Imotski;Hrvatski Dragovoljac;1.38;0.73;0.67;0.86;1.25;1.08;70;62;62;32;9;80;70;20;0;0;0;408;30;Y;Y;Y;Y;N;N;Y
109226;1885;1860;2014/2015;complete;583;15;-1;36;41;1;1;2;3;8;11;0;0;1;6;0;0;4;8;3;8;7;16;14;20;43;57;1;6;0;0;0;0;0;0;0;0;0;0;0;0;0;0;0;0;0;0;0;0;0;0;0;0;0;0;0;0;0;0;0;0;0;0;0;0;0;0;0;0;0;0;0;0;0;0;0;0;0;0;0;0;0;0;0;0;0;0;0;0;0;0;0;0;0;0;0;0;2;1;1;0;0;0;2;2014-11-09 12:30:00;-1;0;69;15;9;0;-1;1;-1;-1;-1;-1;-1;-1;0;0;1;6;0;7;-1;0;0;0;0;0;0;0;0;1;0;1;0;0;1;1;0;0;-1;-1;0;0;-1;-1;-1;-1;-1;-1;-1;-1;-1;0;7;44;93;100;22;93;100;23;7.23;3.5;5.43;2.44;Bistra;Cibalia;1.14;1.07;1.5;1.57;1.08;1.54;100;93;56;7;0;45;27;19;0;0;0;408;30;Y;Y;N;N;N;N;Y
109227;1874;1858;2014/2015;complete;583;15;-1;69;;1;0;1;0;13;13;4;0;2;2;0;0;2;15;2;7;4;22;13;15;38;62;2;2;0;0;0;0;0;0;0;0;0;0;0;0;0;0;0;0;0;0;0;0;0;0;0;0;0;0;0;0;0;0;0;0;0;0;0;0;0;0;0;0;0;0;0;0;0;0;0;0;0;0;0;0;0;0;0;0;0;0;0;0;0;0;0;0;0;0;0;0;1;0;0;1;0;1;0;2014-11-09 12:30:00;1874;0;54;16;9;0;-1;1;-1;-1;-1;-1;-1;-1;1;1;1;1;2;2;-1;0;0;0;0;0;0;0;0;0;0;0;0;0;1;1;0;0;-1;-1;0;0;-1;-1;-1;-1;-1;-1;-1;-1;-1;9;24;47;77;84;30;69;75;31;13;1.54;5.47;2.38;Lučko;Rudeš;1.33;0.93;0.71;0.67;0.67;1.08;92;77;54;24;17;92;92;59;0;0;0;408;30;Y;N;N;N;N;N;N
109228;1871;1882;2014/2015;complete;583;16;-1;78;72;1;1;2;4;4;8;3;5;2;1;0;0;8;6;4;5;12;11;17;23;43;57;2;1;0;0;0;0;0;0;0;0;0;0;0;0;0;0;0;0;0;0;0;0;0;0;0;0;0;0;0;0;0;0;0;0;0;0;0;0;0;0;0;0;0;0;0;0;0;0;0;0;0;0;0;0;0;0;0;0;0;0;0;0;0;0;0;0;0;0;0;0;2;0;0;1;1;2;0;2014-11-14 12:30:00;-1;0;67;42;17;0;-1;1;-1;-1;-1;-1;-1;-1;0;0;2;1;0;3;-1;0;0;0;0;0;0;0;0;0;0;0;0;0;1;1;0;0;-1;-1;0;0;-1;-1;-1;-1;-1;-1;-1;-1;-1;25;33;50;75;100;50;92;67;25;7.5;4.17;6.84;3;Hrvatski Dragovoljac;Sesvete;1.47;1.14;1.33;1.17;1.07;1.69;75;67;50;25;0;34;34;9;0;0;0;408;30;Y;Y;N;N;N;N;Y
109229;1862;1874;2014/2015;complete;583;16;-1;35,60,66;;3;0;3;11;6;17;3;1;2;0;0;0;6;4;4;0;10;4;12;16;57;43;2;0;0;0;0;0;0;0;0;0;0;0;0;0;0;0;0;0;0;0;0;0;0;0;0;0;0;0;0;0;0;0;0;0;0;0;0;0;0;0;0;0;0;0;0;0;0;0;0;0;0;0;0;0;0;0;0;0;0;0;0;0;0;0;0;0;0;0;0;0;3;1;0;2;0;2;1;2014-11-14 12:30:00;1862;0;37;0;29;0;-1;1;-1;-1;-1;-1;-1;-1;1;0;1;0;1;1;-1;0;0;0;0;0;0;0;0;0;0;0;0;0;1;1;0;0;-1;-1;0;0;-1;-1;-1;-1;-1;-1;-1;-1;-1;19;19;29;74;92;19;92;74;29;7.25;1.97;5.87;2.3;Inter Zaprešić;Lučko;2.4;0.87;1.83;0.6;1.79;0.85;82;82;72;27;9;63;50;50;0;0;0;408;30;Y;Y;Y;N;N;N;N
109230;1860;1884;2014/2015;complete;583;16;-1;32,57,60;;3;0;3;-1;-1;-1;-1;-1;1;0;0;0;-1;-1;-1;-1;-1;-1;-1;-1;-1;-1;1;0;0;0;0;0;0;0;0;0;0;0;0;0;0;0;0;0;0;0;0;0;0;0;0;0;0;0;0;0;0;0;0;0;0;0;0;0;0;0;0;0;0;0;0;0;0;0;0;0;0;0;0;0;0;0;0;0;0;0;0;0;0;0;0;0;0;0;0;0;3;1;0;2;0;2;1;2014-11-15 12:30:00;1860;0;25;17;17;0;-1;1;-1;-1;-1;-1;-1;-1;1;0;0;0;1;0;-1;0;0;0;0;0;0;0;0;0;0;0;0;0;1;1;0;0;-1;-1;0;0;-1;-1;-1;-1;-1;-1;-1;-1;-1;17;17;34;59;92;34;67;83;17;8;1.83;5.5;2.17;Cibalia;Segesta Sisak;1.47;0.5;1.5;0.67;1.5;1.43;83;83;67;42;9;38;25;0;0;0;0;408;30;Y;Y;Y;N;N;N;N
109231;1879;1883;2014/2015;complete;583;16;-1;35,53,88;90;3;1;4;-1;-1;-1;-1;-1;2;1;0;1;-1;-1;-1;-1;-1;-1;-1;-1;-1;-1;2;3;0;0;0;0;0;0;0;0;0;0;0;0;0;0;0;0;0;0;0;0;0;0;0;0;0;0;0;0;0;0;0;0;0;0;0;0;0;0;0;0;0;0;0;0;0;0;0;0;0;0;0;0;0;0;0;0;0;0;0;0;0;0;0;0;0;0;0;0;4;1;0;2;1;3;1;2014-11-15 12:30:00;1879;0;59;33;17;0;-1;1;-1;-1;-1;-1;-1;-1;1;0;1;2;1;3;-1;0;0;0;0;0;0;0;0;0;0;0;0;0;1;1;0;0;-1;-1;0;0;-1;-1;-1;-1;-1;-1;-1;-1;-1;17;25;42;75;83;42;75;75;25;11.4;3.16;3.16;2.42;Dugopolje;Imotski;1.43;1.14;1.5;1.83;1.43;1.23;83;75;59;25;17;80;40;30;0;0;0;408;30;Y;Y;Y;Y;N;N;Y
109232;1858;1875;2014/2015;complete;583;16;-1;;;0;0;0;5;3;8;2;5;1;3;0;0;5;2;3;8;8;10;20;19;45;55;1;3;0;0;0;0;0;0;0;0;0;0;0;0;0;0;0;0;0;0;0;0;0;0;0;0;0;0;0;0;0;0;0;0;0;0;0;0;0;0;0;0;0;0;0;0;0;0;0;0;0;0;0;0;0;0;0;0;0;0;0;0;0;0;0;0;0;0;0;0;0;0;0;0;0;0;0;2014-11-15 12:30:00;-1;0;45;15;15;0;-1;1;-1;-1;-1;-1;-1;-1;1;0;0;3;1;3;-1;0;0;0;0;0;0;0;0;0;0;0;0;0;1;1;0;0;-1;-1;0;0;-1;-1;-1;-1;-1;-1;-1;-1;-1;7;31;52;85;93;45;77;93;38;8.71;2.21;6.38;2.68;Rudeš;Gorica;1.87;1.93;1.43;2.33;1;2;93;69;48;16;7;29;22;22;0;0;0;408;30;N;N;N;N;N;N;N
109233;1875;1862;2014/2015;complete;583;17;-1;5;;1;0;1;8;3;11;1;1;2;1;0;0;6;2;6;2;12;4;21;16;55;45;2;1;0;0;0;0;0;0;0;0;0;0;0;0;0;0;0;0;0;0;0;0;0;0;0;0;0;0;0;0;0;0;0;0;0;0;0;0;0;0;0;0;0;0;0;0;0;0;0;0;0;0;0;0;0;0;0;0;0;0;0;0;0;0;0;0;0;0;0;0;1;1;0;0;0;0;1;2014-11-21 12:30:00;1875;0;60;21;27;0;-1;1;-1;-1;-1;-1;-1;-1;1;1;1;0;2;1;-1;0;0;0;0;0;0;0;0;0;0;0;0;0;1;1;1;0;-1;-1;0;0;-1;-1;-1;-1;-1;-1;-1;-1;-1;27;34;60;87;93;48;87;73;47;10.31;3.82;4.52;3;Gorica;Inter Zaprešić;1.5;1.47;1.71;1.75;1.93;1.87;73;66;41;14;7;65;47;37;0;0;0;408;30;Y;N;N;N;N;N;N
109234;1871;1874;2014/2015;complete;583;17;-1;26,45;;2;0;2;1;1;2;2;0;3;1;0;0;9;4;8;3;17;7;16;25;51;49;3;1;0;0;0;0;0;0;0;0;0;0;0;0;0;0;0;0;0;0;0;0;0;0;0;0;0;0;0;0;0;0;0;0;0;0;0;0;0;0;0;0;0;0;0;0;0;0;0;0;0;0;0;0;0;0;0;0;0;0;0;0;0;0;0;0;0;0;0;0;2;2;0;0;0;0;2;2014-11-21 12:30:00;1871;0;52;15;24;0;-1;1;-1;-1;-1;-1;-1;-1;1;1;2;0;2;2;-1;0;0;0;0;0;0;0;0;0;0;0;0;0;1;1;0;0;-1;-1;0;0;-1;-1;-1;-1;-1;-1;-1;-1;-1;16;23;47;85;100;23;93;77;40;7.57;2.26;5.67;2.69;Hrvatski Dragovoljac;Lučko;1.47;0.87;1.29;0.5;1.07;0.79;85;77;54;16;0;72;72;57;0;0;0;408;30;Y;Y;N;N;N;N;N
109235;1860;1879;2014/2015;complete;583;17;-1;35,79;;2;0;2;3;6;9;0;8;2;2;0;0;2;0;5;3;7;3;25;19;51;49;2;2;0;0;0;0;0;0;0;0;0;0;0;0;0;0;0;0;0;0;0;0;0;0;0;0;0;0;0;0;0;0;0;0;0;0;0;0;0;0;0;0;0;0;0;0;0;0;0;0;0;0;0;0;0;0;0;0;0;0;0;0;0;0;0;0;0;0;0;0;2;1;0;1;0;1;1;2014-11-22 12:30:00;1860;0;34;14;7;0;-1;1;-1;-1;-1;-1;-1;-1;0;1;2;1;1;3;-1;0;0;0;0;0;0;0;1;0;1;0;0;0;1;1;0;0;-1;-1;0;0;-1;-1;-1;-1;-1;-1;-1;-1;-1;7;7;41;60;94;28;80;75;21;8.33;1.29;5.5;2.09;Cibalia;Dugopolje;1.47;0.88;1.71;1.38;1.6;1.53;93;93;59;41;7;17;17;17;0;0;0;408;30;Y;Y;N;N;N;N;N
109236;1882;1883;2014/2015;complete;583;17;-1;43,47;;2;0;2;2;2;4;2;1;2;2;0;0;5;6;8;3;13;9;19;14;51;49;2;2;0;0;0;0;0;0;0;0;0;0;0;0;0;0;0;0;0;0;0;0;0;0;0;0;0;0;0;0;0;0;0;0;0;0;0;0;0;0;0;0;0;0;0;0;0;0;0;0;0;0;0;0;0;0;0;0;0;0;0;0;0;0;0;0;0;0;0;0;2;1;0;1;0;1;1;2014-11-22 12:30:00;1882;0;57;22;22;0;-1;1;-1;-1;-1;-1;-1;-1;0;0;2;2;0;4;-1;0;0;0;0;0;0;0;0;0;0;0;0;0;1;1;0;0;-1;-1;0;0;-1;-1;-1;-1;-1;-1;-1;-1;-1;22;36;64;86;93;36;86;86;50;12.73;1.57;4.57;3.08;Sesvete;Imotski;2.31;1.14;2.14;1.57;1.64;1.14;79;64;36;14;7;80;60;34;0;0;0;408;30;Y;Y;N;N;N;N;N
109237;1885;1858;2014/2015;complete;583;17;-1;;90;0;1;1;2;8;10;2;1;3;4;0;0;3;7;3;7;6;14;23;24;51;49;3;4;0;0;0;0;0;0;0;0;0;0;0;0;0;0;0;0;0;0;0;0;0;0;0;0;0;0;0;0;0;0;0;0;0;0;0;0;0;0;0;0;0;0;0;0;0;0;0;0;0;0;0;0;0;0;0;0;0;0;0;0;0;0;0;0;0;0;0;0;1;0;0;0;1;1;0;2014-11-23 12:30:00;1858;0;57;14;14;0;-1;1;-1;-1;-1;-1;-1;-1;2;1;1;3;3;4;-1;0;0;0;0;0;0;0;0;0;0;0;0;0;1;1;0;0;-1;-1;0;0;-1;-1;-1;-1;-1;-1;-1;-1;-1;7;15;29;79;86;14;79;72;22;12.33;2;5;2.14;Bistra;Rudeš;1.14;0.93;1.43;0.57;1.07;1;93;86;72;22;15;75;67;54;0;0;0;408;30;Y;N;N;N;N;N;N
109238;1871;1875;2014/2015;complete;583;18;-1;;6;0;1;1;4;5;9;3;4;1;3;1;0;6;8;3;2;9;10;25;26;52;48;2;3;0;0;0;0;0;0;0;0;0;0;0;0;0;0;0;0;0;0;0;0;0;0;0;0;0;0;0;0;0;0;0;0;0;0;0;0;0;0;0;0;0;0;0;0;0;0;0;0;0;0;0;0;0;0;0;0;0;0;0;0;0;0;0;0;0;0;0;0;1;0;1;0;0;0;1;2014-11-28 12:30:00;1875;0;46;13;7;0;-1;1;-1;-1;-1;-1;-1;-1;0;0;2;3;0;5;-1;0;0;0;0;0;0;0;0;0;0;0;0;0;1;1;0;1;-1;-1;0;0;-1;-1;-1;-1;-1;-1;-1;-1;-1;7;27;34;80;93;34;80;75;27;5.5;2.64;6.57;2.39;Hrvatski Dragovoljac;Gorica;1.47;1.93;1.5;2.14;1.19;2;94;73;67;21;7;19;19;7;0;0;0;408;30;Y;N;N;N;N;N;N
109239;1862;1885;2014/2015;complete;583;18;-1;29,57,76;;3;0;3;4;0;4;1;4;1;3;0;0;7;3;4;5;11;8;10;20;60;40;1;3;0;0;0;0;0;0;0;0;0;0;0;0;0;0;0;0;0;0;0;0;0;0;0;0;0;0;0;0;0;0;0;0;0;0;0;0;0;0;0;0;0;0;0;0;0;0;0;0;0;0;0;0;0;0;0;0;0;0;0;0;0;0;0;0;0;0;0;0;3;1;0;2;0;2;1;2014-11-28 15:00:00;1862;0;36;0;14;0;-1;1;-1;-1;-1;-1;-1;-1;1;2;0;1;3;1;-1;0;0;0;0;0;0;0;0;0;0;0;0;0;1;1;0;0;-1;-1;0;0;-1;-1;-1;-1;-1;-1;-1;-1;-1;7;14;43;79;86;29;79;71;36;7.6;4.14;4.43;2.29;Inter Zaprešić;Bistra;2.4;0.69;2;0.71;1.75;1;93;86;57;22;14;45;35;35;0;0;0;408;30;Y;Y;Y;N;N;N;N
109240;1883;1874;2014/2015;complete;583;18;-1;22,49,88;64;3;1;4;7;2;9;4;0;2;2;0;0;7;6;6;5;13;11;15;12;51;49;2;2;0;0;0;0;0;0;0;0;0;0;0;0;0;0;0;0;0;0;0;0;0;0;0;0;0;0;0;0;0;0;0;0;0;0;0;0;0;0;0;0;0;0;0;0;0;0;0;0;0;0;0;0;0;0;0;0;0;0;0;0;0;0;0;0;0;0;0;0;4;1;0;2;1;3;1;2014-11-29 12:30:00;1883;0;29;7;22;0;-1;1;-1;-1;-1;-1;-1;-1;2;1;0;1;3;1;-1;0;0;0;0;0;0;0;1;0;1;0;0;0;1;1;0;0;-1;-1;0;0;-1;-1;-1;-1;-1;-1;-1;-1;-1;14;29;43;72;93;29;86;71;36;10.58;1.28;6;2.5;Imotski;Lučko;1.38;0.87;0.71;0.43;1.07;0.73;86;72;57;29;7;88;88;54;0;0;0;408;30;Y;Y;Y;Y;N;N;Y
109241;1879;1882;2014/2015;complete;583;18;-1;6;90;1;1;2;5;5;10;3;2;5;3;0;0;7;4;5;7;12;11;30;14;44;56;5;3;0;0;0;0;0;0;0;0;0;0;0;0;0;0;0;0;0;0;0;0;0;0;0;0;0;0;0;0;0;0;0;0;0;0;0;0;0;0;0;0;0;0;0;0;0;0;0;0;0;0;0;0;0;0;0;0;0;0;0;0;0;0;0;0;0;0;0;0;2;1;0;0;1;1;1;2014-11-30 12:30:00;-1;0;64;36;36;0;-1;1;-1;-1;-1;-1;-1;-1;1;1;4;2;2;6;-1;0;0;0;0;0;0;0;0;0;0;0;0;0;1;1;1;0;-1;-1;0;0;-1;-1;-1;-1;-1;-1;-1;-1;-1;22;29;43;71;93;43;71;71;43;12;4.72;4.72;2.72;Dugopolje;Sesvete;1.43;1.14;1.71;1.14;1.44;1.73;79;71;57;29;7;57;37;30;0;0;0;408;30;Y;Y;N;N;N;N;Y
109242;1858;1884;2014/2015;complete;583;18;-1;23,52,85;;3;0;3;-1;-1;-1;-1;-1;2;2;0;0;-1;-1;-1;-1;-1;-1;-1;-1;-1;-1;2;2;0;0;0;0;0;0;0;0;0;0;0;0;0;0;0;0;0;0;0;0;0;0;0;0;0;0;0;0;0;0;0;0;0;0;0;0;0;0;0;0;0;0;0;0;0;0;0;0;0;0;0;0;0;0;0;0;0;0;0;0;0;0;0;0;0;0;0;0;3;1;0;2;0;2;1;2014-11-30 12:30:00;1858;0;32;20;20;0;-1;1;-1;-1;-1;-1;-1;-1;1;1;1;1;2;2;-1;0;0;0;0;0;0;0;0;0;0;0;0;0;1;1;0;0;-1;-1;0;0;-1;-1;-1;-1;-1;-1;-1;-1;-1;14;20;46;73;81;32;67;81;34;10.5;2.75;4.36;2.32;Rudeš;Segesta Sisak;1.87;0.5;1.38;0.57;1.13;1.33;87;81;55;27;20;63;44;19;0;0;0;408;30;Y;Y;Y;N;N;N;N
109243;1875;1883;2014/2015;complete;583;19;-1;3;42,76;1;2;3;4;6;10;1;2;1;2;0;0;5;3;3;1;8;4;24;30;54;46;1;2;0;0;0;0;0;0;0;0;0;0;0;0;0;0;0;0;0;0;0;0;0;0;0;0;0;0;0;0;0;0;0;0;0;0;0;0;0;0;0;0;0;0;0;0;0;0;0;0;0;0;0;0;0;0;0;0;0;0;0;0;0;0;0;0;0;0;0;0;3;1;1;0;1;1;2;2015-02-27 14:00:00;1883;0;57;25;25;0;-1;1;-1;-1;-1;-1;-1;-1;1;1;0;1;2;1;-1;0;0;0;0;0;0;0;0;0;0;0;0;0;1;1;1;0;-1;-1;0;0;-1;-1;-1;-1;-1;-1;-1;-1;-1;19;38;50;82;88;44;88;69;32;9.17;3.38;4.13;2.75;Gorica;Imotski;1.5;1.14;1.88;1.38;2.06;1.19;82;63;50;19;13;44;21;13;0;0;0;408;30;Y;Y;Y;N;N;N;Y
109244;1860;1858;2014/2015;complete;583;19;-1;27;48;1;1;2;-1;-1;-1;-1;-1;3;4;0;1;-1;-1;-1;-1;-1;-1;-1;-1;-1;-1;3;5;0;0;0;0;0;0;0;0;0;0;0;0;0;0;0;0;0;0;0;0;0;0;0;0;0;0;0;0;0;0;0;0;0;0;0;0;0;0;0;0;0;0;0;0;0;0;0;0;0;0;0;0;0;0;0;0;0;0;0;0;0;0;0;0;0;0;0;0;2;1;0;0;1;1;1;2015-02-28 14:00:00;-1;0;32;13;13;0;-1;1;-1;-1;-1;-1;-1;-1;1;1;2;4;2;6;-1;0;0;0;0;0;0;0;0;0;0;0;0;0;1;1;0;0;-1;-1;0;0;-1;-1;-1;-1;-1;-1;-1;-1;-1;13;19;44;57;88;26;63;76;25;12.55;1;6.13;2.19;Cibalia;Rudeš;1.47;0.93;1.88;0.88;1.69;1.24;88;82;57;44;13;63;50;30;0;0;0;408;30;Y;Y;N;N;N;N;Y
109245;1884;1862;2014/2015;complete;583;19;-1;66;53;1;1;2;-1;-1;-1;-1;-1;4;3;0;0;-1;-1;-1;-1;-1;-1;-1;-1;-1;-1;4;3;0;0;0;0;0;0;0;0;0;0;0;0;0;0;0;0;0;0;0;0;0;0;0;0;0;0;0;0;0;0;0;0;0;0;0;0;0;0;0;0;0;0;0;0;0;0;0;0;0;0;0;0;0;0;0;0;0;0;0;0;0;0;0;0;0;0;0;0;2;0;0;1;1;2;0;2015-02-28 14:00:00;-1;0;47;18;18;0;-1;1;-1;-1;-1;-1;-1;-1;2;1;2;2;3;4;-1;0;0;0;0;0;0;0;0;0;0;0;0;0;1;1;0;0;-1;-1;1;0;-1;-1;-1;-1;-1;-1;-1;-1;-1;18;24;53;83;94;36;89;83;41;10.33;2.1;5.22;2.83;Segesta Sisak;Inter Zaprešić;1.86;1.47;2;1.56;1.25;1.82;83;77;47;18;7;67;58;50;0;0;0;408;30;Y;Y;N;N;N;N;Y
109246;1885;1871;2014/2015;complete;583;19;-1;47;;1;0;1;-1;-1;-1;-1;-1;3;3;0;0;-1;-1;-1;-1;-1;-1;-1;-1;-1;-1;3;3;0;0;0;0;0;0;0;0;0;0;0;0;0;0;0;0;0;0;0;0;0;0;0;0;0;0;0;0;0;0;0;0;0;0;0;0;0;0;0;0;0;0;0;0;0;0;0;0;0;0;0;0;0;0;0;0;0;0;0;0;0;0;0;0;0;0;0;0;1;0;0;1;0;1;0;2015-03-01 14:00:00;1885;0;51;26;13;0;-1;1;-1;-1;-1;-1;-1;-1;0;1;3;2;1;5;-1;0;0;0;0;0;0;0;0;0;0;0;0;0;1;1;0;0;-1;-1;0;0;-1;-1;-1;-1;-1;-1;-1;-1;-1;19;25;32;88;100;32;82;88;32;6.97;2.51;4.43;2.69;Bistra;Hrvatski Dragovoljac;1.14;0.73;1.25;0.88;0.94;1.12;82;75;69;13;0;62;47;40;0;0;0;408;30;Y;N;N;N;N;N;N
109247;1874;1882;2014/2015;complete;583;19;-1;;;0;0;0;10;2;12;0;4;2;3;0;0;10;3;3;5;13;8;25;15;42;58;2;3;0;0;0;0;0;0;0;0;0;0;0;0;0;0;0;0;0;0;0;0;0;0;0;0;0;0;0;0;0;0;0;0;0;0;0;0;0;0;0;0;0;0;0;0;0;0;0;0;0;0;0;0;0;0;0;0;0;0;0;0;0;0;0;0;0;0;0;0;0;0;0;0;0;0;0;2015-03-01 14:00:00;-1;0;63;26;19;0;-1;1;-1;-1;-1;-1;-1;-1;1;2;1;1;3;2;-1;0;0;0;0;0;0;0;0;0;0;0;0;0;1;1;0;0;-1;-1;1;1;-1;-1;-1;-1;-1;-1;-1;-1;-1;13;19;38;75;100;44;69;88;32;8.7;4.26;5.38;2.57;Lučko;Sesvete;1.33;1.14;1;1.13;0.69;1.69;88;82;63;25;0;56;56;29;0;0;0;408;30;N;N;N;N;N;N;N
109248;1871;1884;2014/2015;complete;583;20;-1;17,49;76;2;1;3;6;1;7;2;5;4;0;0;0;4;2;5;2;9;4;24;24;51;49;4;0;0;0;0;0;0;0;0;0;0;0;0;0;0;0;0;0;0;0;0;0;0;0;0;0;0;0;0;0;0;0;0;0;0;0;0;0;0;0;0;0;0;0;0;0;0;0;0;0;0;0;0;0;0;0;0;0;0;0;0;0;0;0;0;0;0;0;0;0;3;1;0;1;1;2;1;2015-03-06 14:00:00;1871;0;35;18;12;0;-1;1;-1;-1;-1;-1;-1;-1;1;0;3;0;1;3;-1;0;0;0;0;0;0;0;0;0;0;0;0;0;1;1;0;0;-1;-1;1;0;-1;-1;-1;-1;-1;-1;-1;-1;-1;12;18;36;77;94;23;82;72;30;7.33;2.42;4.77;2.35;Hrvatski Dragovoljac;Segesta Sisak;1.47;0.5;1.33;0.5;1.06;1.24;89;83;65;24;7;60;42;6;0;0;0;408;30;Y;Y;Y;N;N;N;Y
109249;1862;1860;2014/2015;complete;583;20;-1;9;;1;0;1;3;7;10;4;0;4;5;0;1;3;7;1;4;4;11;18;24;44;56;4;6;0;0;0;0;0;0;0;0;0;0;0;0;0;0;0;0;0;0;0;0;0;0;0;0;0;0;0;0;0;0;0;0;0;0;0;0;0;0;0;0;0;0;0;0;0;0;0;0;0;0;0;0;0;0;0;0;0;0;0;0;0;0;0;0;0;0;0;0;1;1;0;0;0;0;1;2015-03-06 14:00:00;1862;0;50;19;7;0;-1;1;-1;-1;-1;-1;-1;-1;2;1;2;5;3;7;-1;0;0;0;0;0;0;0;0;0;0;0;0;0;1;1;1;0;-1;-1;0;1;-1;-1;-1;-1;-1;-1;-1;-1;-1;7;13;51;82;94;32;88;82;32;9.76;3.13;6.13;2.44;Inter Zaprešić;Cibalia;2.4;1.07;2.13;1.5;1.78;1.65;94;88;51;19;7;45;30;23;0;0;0;408;30;Y;N;N;N;N;N;N
109250;1882;1875;2014/2015;complete;583;20;-1;64;43;1;1;2;-1;-1;-1;-1;-1;2;5;0;0;-1;-1;-1;-1;-1;-1;-1;-1;-1;-1;2;5;0;0;0;0;0;0;0;0;0;0;0;0;0;0;0;0;0;0;0;0;0;0;0;0;0;0;0;0;0;0;0;0;0;0;0;0;0;0;0;0;0;0;0;0;0;0;0;0;0;0;0;0;0;0;0;0;0;0;0;0;0;0;0;0;0;0;0;0;2;0;1;1;0;1;1;2015-03-07 14:00:00;-1;0;32;7;7;0;-1;1;-1;-1;-1;-1;-1;-1;0;3;2;2;3;4;-1;0;0;0;0;0;0;0;0;0;0;0;0;0;1;1;0;0;-1;-1;0;0;-1;-1;-1;-1;-1;-1;-1;-1;-1;13;25;44;76;94;25;82;82;44;10.3;2.25;6;2.57;Sesvete;Gorica;2.31;1.93;2.25;2.25;1.65;1.94;88;75;57;26;7;48;38;25;0;0;0;408;30;Y;Y;N;N;N;N;Y
109251;1883;1885;2014/2015;complete;583;20;-1;;;0;0;0;-1;-1;-1;-1;-1;1;2;0;0;-1;-1;-1;-1;-1;-1;-1;-1;-1;-1;1;2;0;0;0;0;0;0;0;0;0;0;0;0;0;0;0;0;0;0;0;0;0;0;0;0;0;0;0;0;0;0;0;0;0;0;0;0;0;0;0;0;0;0;0;0;0;0;0;0;0;0;0;0;0;0;0;0;0;0;0;0;0;0;0;0;0;0;0;0;0;0;0;0;0;0;0;2015-03-07 14:00:00;-1;0;38;7;19;0;-1;1;-1;-1;-1;-1;-1;-1;1;2;0;0;3;0;-1;0;0;0;0;0;0;0;0;0;0;0;0;0;1;1;0;0;-1;-1;1;0;-1;-1;-1;-1;-1;-1;-1;-1;-1;7;32;57;76;88;32;75;75;44;8.96;3.88;5.38;2.57;Imotski;Bistra;1.38;0.69;1;0.63;1.29;1.06;94;69;44;26;13;72;59;34;0;0;0;408;30;N;N;N;N;N;N;N
109252;1879;1874;2014/2015;complete;583;20;-1;54;82;1;1;2;2;4;6;1;3;2;4;0;1;6;5;4;4;10;9;22;26;63;37;2;6;0;0;0;0;0;0;0;0;0;0;0;0;0;0;0;0;0;0;0;0;0;0;0;0;0;0;0;0;0;0;0;0;0;0;0;0;0;0;0;0;0;0;0;0;0;0;0;0;0;0;0;0;0;0;0;0;0;0;0;0;0;0;0;0;0;0;0;0;2;0;0;1;1;2;0;2015-03-08 14:00:00;-1;0;51;13;32;0;-1;1;-1;-1;-1;-1;-1;-1;1;0;1;5;1;6;-1;0;0;0;0;0;0;0;0;0;0;0;0;0;1;1;0;0;-1;-1;0;0;-1;-1;-1;-1;-1;-1;-1;-1;-1;13;25;44;82;94;25;88;75;44;10.5;2.26;4.26;2.57;Dugopolje;Lučko;1.43;0.87;1.63;0.38;1.41;0.71;88;75;57;19;7;90;64;55;0;0;0;408;30;Y;Y;N;N;N;N;Y
109253;1875;1874;2014/2015;complete;583;21;-1;77;23;1;1;2;3;3;6;1;2;1;4;0;0;2;5;0;3;2;8;14;19;54;46;1;4;0;0;0;0;0;0;0;0;0;0;0;0;0;0;0;0;0;0;0;0;0;0;0;0;0;0;0;0;0;0;0;0;0;0;0;0;0;0;0;0;0;0;0;0;0;0;0;0;0;0;0;0;0;0;0;0;0;0;0;0;0;0;0;0;0;0;0;0;2;0;1;1;0;1;1;2015-03-13 14:00:00;-1;0;50;17;33;0;-1;1;-1;-1;-1;-1;-1;-1;0;2;1;2;2;3;-1;0;0;0;0;0;0;0;0;0;0;0;0;0;1;1;0;0;-1;-1;0;0;-1;-1;-1;-1;-1;-1;-1;-1;-1;17;28;50;84;95;39;89;67;45;8.95;3.11;4.78;2.73;Gorica;Lučko;1.5;0.87;1.67;0.44;1.89;0.72;84;73;50;17;6;56;42;36;0;0;0;408;30;Y;Y;N;N;N;N;Y
109254;1860;1871;2014/2015;complete;583;21;-1;67;48;1;1;2;-1;-1;-1;-1;-1;3;3;0;0;-1;-1;-1;-1;-1;-1;-1;-1;-1;-1;3;3;0;0;0;0;0;0;0;0;0;0;0;0;0;0;0;0;0;0;0;0;0;0;0;0;0;0;0;0;0;0;0;0;0;0;0;0;0;0;0;0;0;0;0;0;0;0;0;0;0;0;0;0;0;0;0;0;0;0;0;0;0;0;0;0;0;0;0;0;2;0;0;1;1;2;0;2015-03-14 14:00:00;-1;0;33;22;11;0;-1;1;-1;-1;-1;-1;-1;-1;1;0;2;3;1;5;-1;0;0;0;0;0;0;0;0;1;0;1;0;0;1;1;0;0;-1;-1;0;0;-1;-1;-1;-1;-1;-1;-1;-1;-1;22;28;44;73;100;39;73;89;33;7.58;1;5.39;2.72;Cibalia;Hrvatski Dragovoljac;1.47;0.73;1.78;0.78;1.56;1.16;78;73;56;28;0;46;25;25;0;0;0;408;30;Y;Y;N;N;N;N;Y
109255;1884;1883;2014/2015;complete;583;21;-1;85;;1;0;1;-1;-1;-1;-1;-1;4;2;2;1;-1;-1;-1;-1;-1;-1;-1;-1;-1;-1;7;3;0;0;0;0;0;0;0;0;0;0;0;0;0;0;0;0;0;0;0;0;0;0;0;0;0;0;0;0;0;0;0;0;0;0;0;0;0;0;0;0;0;0;0;0;0;0;0;0;0;0;0;0;0;0;0;0;0;0;0;0;0;0;0;0;0;0;0;0;1;0;0;1;0;1;0;2015-03-14 14:00:00;1884;0;56;28;22;0;-1;1;-1;-1;-1;-1;-1;-1;1;1;5;2;2;7;-1;0;0;0;0;0;0;0;1;0;1;0;0;0;1;1;0;0;-1;-1;0;0;-1;-1;-1;-1;-1;-1;-1;-1;-1;11;28;50;89;89;39;84;89;33;9.57;1.78;5.13;2.78;Segesta Sisak;Imotski;1.86;1.14;1.89;1.56;1.17;1.28;89;73;50;11;11;45;31;17;0;0;0;408;30;Y;N;N;N;N;N;N
109256;1858;1879;2014/2015;complete;583;21;-1;38,51;;2;0;2;7;5;12;5;3;3;0;0;1;5;3;3;6;8;9;18;11;62;38;3;2;0;0;0;0;0;0;0;0;0;0;0;0;0;0;0;0;0;0;0;0;0;0;0;0;0;0;0;0;0;0;0;0;0;0;0;0;0;0;0;0;0;0;0;0;0;0;0;0;0;0;0;0;0;0;0;0;0;0;0;0;0;0;0;0;0;0;0;0;2;1;0;1;0;1;1;2015-03-15 14:00:00;1858;0;39;17;11;0;-1;1;-1;-1;-1;-1;-1;-1;3;1;0;0;4;0;-1;0;0;0;0;0;0;0;0;0;0;0;0;0;1;1;0;0;-1;-1;0;0;-1;-1;-1;-1;-1;-1;-1;-1;-1;6;11;45;73;84;28;78;73;28;11.07;3.22;4.88;2.17;Rudeš;Dugopolje;1.87;0.88;1.56;1.22;1.22;1.39;95;89;56;28;17;47;34;34;0;0;0;408;30;Y;Y;N;N;N;N;N
109257;1885;1882;2014/2015;complete;583;21;-1;;66,90;0;2;2;0;2;2;1;1;1;3;0;0;2;5;3;8;5;13;21;25;35;65;1;3;0;0;0;0;0;0;0;0;0;0;0;0;0;0;0;0;0;0;0;0;0;0;0;0;0;0;0;0;0;0;0;0;0;0;0;0;0;0;0;0;0;0;0;0;0;0;0;0;0;0;0;0;0;0;0;0;0;0;0;0;0;0;0;0;0;0;0;0;2;0;0;0;2;2;0;2015-03-15 14:00:00;1882;0;62;22;22;0;-1;1;-1;-1;-1;-1;-1;-1;0;2;1;1;2;2;-1;0;0;0;0;0;0;0;0;0;0;0;0;0;1;1;0;0;-1;-1;0;0;-1;-1;-1;-1;-1;-1;-1;-1;-1;11;11;22;73;95;28;73;78;22;7.03;4.33;5.33;2.23;Bistra;Sesvete;1.14;1.14;1.44;1.11;1.06;1.61;89;89;78;28;6;45;38;20;0;0;0;408;30;Y;Y;N;N;N;N;N
109258;1862;1858;2014/2015;complete;583;22;-1;39,66;43;2;1;3;6;7;13;5;3;4;4;0;0;4;4;6;6;10;10;17;20;52;48;4;4;0;0;0;0;0;0;0;0;0;0;0;0;0;0;0;0;0;0;0;0;0;0;0;0;0;0;0;0;0;0;0;0;0;0;0;0;0;0;0;0;0;0;0;0;0;0;0;0;0;0;0;0;0;0;0;0;0;0;0;0;0;0;0;0;0;0;0;0;3;1;1;1;0;1;2;2015-03-20 14:30:00;1862;0;33;6;11;0;-1;1;-1;-1;-1;-1;-1;-1;2;1;2;3;3;5;-1;0;0;0;0;0;0;0;0;0;0;0;0;0;1;1;0;0;-1;-1;0;0;-1;-1;-1;-1;-1;-1;-1;-1;-1;11;17;33;62;84;11;73;67;28;13.8;2.23;6;2.06;Inter Zaprešić;Rudeš;2.4;0.93;2.22;0.89;1.84;1.32;89;84;67;39;17;72;65;37;0;0;0;408;30;Y;Y;Y;N;N;N;Y
109259;1882;1884;2014/2015;complete;583;22;-1;13,65;61;2;1;3;-1;-1;-1;-1;-1;3;2;0;0;-1;-1;-1;-1;-1;-1;-1;-1;-1;-1;3;2;0;0;0;0;0;0;0;0;0;0;0;0;0;0;0;0;0;0;0;0;0;0;0;0;0;0;0;0;0;0;0;0;0;0;0;0;0;0;0;0;0;0;0;0;0;0;0;0;0;0;0;0;0;0;0;0;0;0;0;0;0;0;0;0;0;0;0;0;3;1;0;1;1;2;1;2015-03-21 14:30:00;1882;0;33;11;17;0;-1;1;-1;-1;-1;-1;-1;-1;2;0;1;2;2;3;-1;0;0;0;0;0;0;0;1;0;1;0;0;0;1;1;0;0;-1;-1;0;0;-1;-1;-1;-1;-1;-1;-1;-1;-1;17;17;50;84;95;17;84;89;50;10.9;1.78;4.11;2.67;Sesvete;Segesta Sisak;2.31;0.5;2.11;0.44;1.68;1.26;84;84;50;17;6;68;58;25;0;0;0;408;30;Y;Y;Y;N;N;N;Y
109260;1883;1860;2014/2015;complete;583;22;-1;53;;1;0;1;5;2;7;2;0;3;3;0;1;9;4;3;4;12;8;24;22;48;52;3;5;0;0;0;0;0;0;0;0;0;0;0;0;0;0;0;0;0;0;0;0;0;0;0;0;0;0;0;0;0;0;0;0;0;0;0;0;0;0;0;0;0;0;0;0;0;0;0;0;0;0;0;0;0;0;0;0;0;0;0;0;0;0;0;0;0;0;0;0;1;0;0;1;0;1;0;2015-03-21 14:30:00;1883;0;50;22;11;0;-1;1;-1;-1;-1;-1;-1;-1;2;2;1;2;4;3;-1;0;0;0;0;0;0;0;0;0;0;0;0;0;1;1;0;0;-1;-1;0;0;-1;-1;-1;-1;-1;-1;-1;-1;-1;6;28;50;67;89;33;78;73;28;12;2.34;7.11;2.39;Imotski;Cibalia;1.38;1.07;1;1.33;1.21;1.53;95;73;50;33;11;82;63;25;0;0;0;408;30;Y;N;N;N;N;N;N
109261;1879;1875;2014/2015;complete;583;22;-1;;16,56,80;0;3;3;0;4;4;5;1;4;4;0;0;3;2;2;4;5;6;17;30;50;50;4;4;0;0;0;0;0;0;0;0;0;0;0;0;0;0;0;0;0;0;0;0;0;0;0;0;0;0;0;0;0;0;0;0;0;0;0;0;0;0;0;0;0;0;0;0;0;0;0;0;0;0;0;0;0;0;0;0;0;0;0;0;0;0;0;0;0;0;0;0;3;0;1;0;2;2;1;2015-03-22 14:30:00;1875;0;50;11;17;0;-1;1;-1;-1;-1;-1;-1;-1;2;1;2;3;3;5;-1;0;0;0;0;0;0;0;0;2;0;2;0;0;1;1;0;0;-1;-1;0;0;-1;-1;-1;-1;-1;-1;-1;-1;-1;6;22;28;73;89;22;73;78;33;9.51;2.78;5.56;2.17;Dugopolje;Gorica;1.43;1.93;1.56;2.11;1.32;1.84;95;78;73;28;11;53;29;22;0;0;0;408;30;Y;Y;Y;N;N;N;N
109262;1874;1885;2014/2015;complete;583;22;-1;13;;1;0;1;3;6;9;2;2;3;1;2;0;5;3;1;0;6;3;23;21;43;57;5;1;0;0;0;0;0;0;0;0;0;0;0;0;0;0;0;0;0;0;0;0;0;0;0;0;0;0;0;0;0;0;0;0;0;0;0;0;0;0;0;0;0;0;0;0;0;0;0;0;0;0;0;0;0;0;0;0;0;0;0;0;0;0;0;0;0;0;0;0;1;1;0;0;0;0;1;2015-03-22 14:30:00;1874;0;39;6;6;0;-1;1;-1;-1;-1;-1;-1;-1;1;1;4;0;2;4;-1;0;0;0;0;0;0;0;0;0;0;0;0;0;1;1;0;0;-1;-1;0;0;-1;-1;-1;-1;-1;-1;-1;-1;-1;0;11;45;73;84;33;62;78;33;6.96;3.44;4.11;2.11;Lučko;Bistra;1.33;0.69;1;0.67;0.74;1;100;89;56;28;17;66;66;53;0;0;0;408;30;Y;N;N;N;N;N;N
109263;1875;1879;2014/2015;complete;583;23;-1;63;57;1;1;2;8;1;9;2;1;3;3;0;1;4;2;5;3;9;5;12;16;60;40;3;4;0;0;0;0;0;0;0;0;0;0;0;0;0;0;0;0;0;0;0;0;0;0;0;0;0;0;0;0;0;0;0;0;0;0;0;0;0;0;0;0;0;0;0;0;0;0;0;0;0;0;0;0;0;0;0;0;0;0;0;0;0;0;0;0;0;0;0;0;2;0;0;1;1;2;0;2015-03-27 14:30:00;-1;0;45;20;10;0;-1;1;-1;-1;-1;-1;-1;-1;0;2;3;2;2;5;-1;0;0;0;0;0;0;0;1;1;1;1;0;0;1;1;0;0;-1;-1;0;0;-1;-1;-1;-1;-1;-1;-1;-1;-1;10;15;35;75;90;30;90;65;20;10.13;4;4.3;2.25;Gorica;Dugopolje;1.5;0.88;1.6;1.1;1.9;1.25;90;85;65;25;10;45;34;29;0;0;0;408;30;Y;Y;N;N;N;N;Y
109264;1862;1884;2014/2015;complete;583;23;-1;39,57;;2;0;2;3;1;4;4;3;3;1;0;1;3;3;6;3;9;6;11;22;58;42;3;2;0;0;0;0;0;0;0;0;0;0;0;0;0;0;0;0;0;0;0;0;0;0;0;0;0;0;0;0;0;0;0;0;0;0;0;0;0;0;0;0;0;0;0;0;0;0;0;0;0;0;0;0;0;0;0;0;0;0;0;0;0;0;0;0;0;0;0;0;2;1;0;1;0;1;1;2015-03-27 14:30:00;1862;0;30;10;20;0;-1;1;-1;-1;-1;-1;-1;-1;1;2;2;0;3;2;-1;0;0;0;0;0;0;0;0;0;0;0;0;0;1;1;0;0;-1;-1;0;0;-1;-1;-1;-1;-1;-1;-1;-1;-1;10;10;45;75;90;15;85;80;40;8.53;3;4.4;2.3;Inter Zaprešić;Segesta Sisak;2.4;0.5;2.3;0.4;1.9;1.2;90;90;55;25;10;55;39;13;0;0;0;408;30;Y;Y;N;N;N;N;N
109265;1882;1871;2014/2015;complete;583;23;-1;27,60;;2;0;2;6;3;9;3;3;5;3;1;0;6;3;6;5;12;8;21;19;50;50;6;3;0;0;0;0;0;0;0;0;0;0;0;0;0;0;0;0;0;0;0;0;0;0;0;0;0;0;0;0;0;0;0;0;0;0;0;0;0;0;0;0;0;0;0;0;0;0;0;0;0;0;0;0;0;0;0;0;0;0;0;0;0;0;0;0;0;0;0;0;2;1;0;1;0;1;1;2015-03-29 14:30:00;1882;0;45;20;20;0;-1;1;-1;-1;-1;-1;-1;-1;2;2;4;1;4;5;-1;0;0;0;0;0;0;0;0;0;0;0;0;0;1;1;0;0;-1;-1;1;1;-1;-1;-1;-1;-1;-1;-1;-1;-1;25;30;50;85;100;30;75;90;55;11.33;1.1;5.06;3;Sesvete;Hrvatski Dragovoljac;2.31;0.73;2.2;0.8;1.75;1.15;75;70;50;15;0;71;63;50;0;0;0;408;30;Y;Y;N;N;N;N;N
109266;1860;1885;2014/2015;complete;583;23;-1;45;41,87;1;2;3;4;2;6;0;1;2;1;0;0;4;0;5;5;9;5;25;23;65;35;2;1;0;0;0;0;0;0;0;0;0;0;0;0;0;0;0;0;0;0;0;0;0;0;0;0;0;0;0;0;0;0;0;0;0;0;0;0;0;0;0;0;0;0;0;0;0;0;0;0;0;0;0;0;0;0;0;0;0;0;0;0;0;0;0;0;0;0;0;0;3;1;1;0;1;1;2;2015-03-29 14:30:00;1885;0;35;5;15;0;-1;1;-1;-1;-1;-1;-1;-1;1;0;1;1;1;2;-1;0;0;0;0;0;0;0;0;0;0;0;0;0;1;1;0;0;-1;-1;0;0;-1;-1;-1;-1;-1;-1;-1;-1;-1;5;10;45;70;90;30;70;75;35;6;2.4;4.8;2.2;Cibalia;Bistra;1.47;0.69;1.7;0.6;1.45;0.95;95;90;55;30;10;38;19;19;0;0;0;408;30;Y;Y;Y;N;N;N;Y
109267;1883;1874;2014/2015;complete;583;23;-1;18,90;;2;0;2;6;2;8;1;1;0;0;0;0;4;4;6;4;10;8;15;18;58;42;0;0;0;0;0;0;0;0;0;0;0;0;0;0;0;0;0;0;0;0;0;0;0;0;0;0;0;0;0;0;0;0;0;0;0;0;0;0;0;0;0;0;0;0;0;0;0;0;0;0;0;0;0;0;0;0;0;0;0;0;0;0;0;0;0;0;0;0;0;0;2;1;0;1;0;1;1;2015-03-29 14:30:00;1883;0;40;5;30;0;-1;-1;-1;-1;-1;-1;-1;-1;0;0;0;0;0;0;-1;0;0;0;0;0;0;0;0;0;0;0;0;0;1;1;0;0;-1;-1;-1;-1;-1;-1;-1;-1;-1;-1;-1;-1;-1;10;30;40;70;90;20;75;75;40;9.94;1.9;6;2.4;Imotski;Lučko;1.38;0.87;1.2;0.5;1.3;0.85;90;70;60;30;10;69;52;32;0;0;0;408;30;Y;Y;N;N;N;N;N
109268;1858;1879;2014/2015;complete;583;24;-1;86;;1;0;1;9;1;10;0;1;1;2;0;0;5;2;4;2;9;4;16;23;65;35;1;2;0;0;0;0;0;0;0;0;0;0;0;0;0;0;0;0;0;0;0;0;0;0;0;0;0;0;0;0;0;0;0;0;0;0;0;0;0;0;0;0;0;0;0;0;0;0;0;0;0;0;0;0;0;0;0;0;0;0;0;0;0;0;0;0;0;0;0;0;1;0;0;1;0;1;0;2015-04-01 14:30:00;1858;0;38;15;15;0;-1;1;-1;-1;-1;-1;-1;-1;0;1;1;1;1;2;-1;0;0;0;0;0;0;0;1;0;1;0;0;0;1;1;0;0;-1;-1;0;0;-1;-1;-1;-1;-1;-1;-1;-1;-1;5;10;39;77;86;25;76;77;29;10.78;3.62;5.05;2.16;Rudeš;Dugopolje;1.87;0.88;1.7;1.09;1.25;1.24;95;90;61;24;15;56;39;39;0;0;0;408;30;Y;N;N;N;N;N;N
109269;1874;1860;2014/2015;complete;583;24;-1;;51;0;1;1;5;5;10;2;1;2;4;0;0;6;9;9;4;15;13;15;27;47;53;2;4;0;0;0;0;0;0;0;0;0;0;0;0;0;0;0;0;0;0;0;0;0;0;0;0;0;0;0;0;0;0;0;0;0;0;0;0;0;0;0;0;0;0;0;0;0;0;0;0;0;0;0;0;0;0;0;0;0;0;0;0;0;0;0;0;0;0;0;0;1;0;0;0;1;1;0;2015-04-01 14:30:00;1860;0;50;20;0;0;-1;1;-1;-1;-1;-1;-1;-1;2;2;0;2;4;2;-1;0;0;0;0;0;0;0;0;0;0;0;0;0;1;1;0;0;-1;-1;0;1;-1;-1;-1;-1;-1;-1;-1;-1;-1;0;10;40;65;95;35;70;80;20;9.44;2.5;6.5;2.1;Lučko;Cibalia;1.33;1.07;1.2;1.2;0.81;1.38;100;90;60;35;5;73;61;39;0;0;0;408;30;Y;N;N;N;N;N;N
109270;1885;1882;2014/2015;complete;583;24;-1;15;13;1;1;2;-1;-1;-1;-1;-1;5;2;0;0;-1;-1;-1;-1;-1;-1;-1;-1;-1;-1;5;2;0;0;0;0;0;0;0;0;0;0;0;0;0;0;0;0;0;0;0;0;0;0;0;0;0;0;0;0;0;0;0;0;0;0;0;0;0;0;0;0;0;0;0;0;0;0;0;0;0;0;0;0;0;0;0;0;0;0;0;0;0;0;0;0;0;0;0;0;2;1;1;0;0;0;2;2015-04-01 14:30:00;-1;0;55;20;20;0;-1;1;-1;-1;-1;-1;-1;-1;3;0;2;2;3;4;-1;0;0;0;0;0;0;0;0;0;0;0;0;0;1;1;0;0;-1;-1;0;0;-1;-1;-1;-1;-1;-1;-1;-1;-1;10;10;20;75;95;25;65;80;30;6.45;4.1;5.2;2.2;Bistra;Sesvete;1.14;1.14;1.3;1.3;1.05;1.81;90;90;80;25;5;40;34;18;0;0;0;408;30;Y;Y;N;N;N;N;Y
109271;1871;1862;2014/2015;complete;583;24;-1;10;23,59;1;2;3;-1;-1;-1;-1;-1;3;4;0;0;-1;-1;-1;-1;-1;-1;-1;-1;-1;-1;3;4;0;0;0;0;0;0;0;0;0;0;0;0;0;0;0;0;0;0;0;0;0;0;0;0;0;0;0;0;0;0;0;0;0;0;0;0;0;0;0;0;0;0;0;0;0;0;0;0;0;0;0;0;0;0;0;0;0;0;0;0;0;0;0;0;0;0;0;0;3;1;1;0;1;1;2;2015-04-01 14:30:00;1862;0;60;15;25;0;-1;1;-1;-1;-1;-1;-1;-1;0;1;3;3;1;6;-1;0;0;0;0;0;0;0;0;0;0;0;0;0;1;1;1;0;-1;-1;0;0;-1;-1;-1;-1;-1;-1;-1;-1;-1;15;20;45;80;100;30;85;70;40;7.93;2.7;5.3;2.6;Hrvatski Dragovoljac;Inter Zaprešić;1.47;1.47;1.5;1.5;1.1;1.95;85;80;55;20;0;70;57;39;0;0;0;408;30;Y;Y;Y;N;N;N;Y
109272;1884;1875;2014/2015;complete;583;24;-1;4;69;1;1;2;-1;-1;-1;-1;-1;4;3;0;0;-1;-1;-1;-1;-1;-1;-1;-1;-1;-1;4;3;0;0;0;0;0;0;0;0;0;0;0;0;0;0;0;0;0;0;0;0;0;0;0;0;0;0;0;0;0;0;0;0;0;0;0;0;0;0;0;0;0;0;0;0;0;0;0;0;0;0;0;0;0;0;0;0;0;0;0;0;0;0;0;0;0;0;0;0;2;1;0;0;1;1;1;2015-04-01 14:30:00;-1;0;35;10;10;0;-1;1;-1;-1;-1;-1;-1;-1;0;2;4;1;2;5;-1;0;0;0;0;0;0;0;0;0;0;0;0;0;1;1;1;0;-1;-1;0;1;-1;-1;-1;-1;-1;-1;-1;-1;-1;5;20;35;75;90;25;75;85;35;9;1.7;7.26;2.35;Segesta Sisak;Gorica;1.86;1.93;2;2.2;1.14;1.86;95;80;65;25;10;25;17;17;0;0;0;408;30;Y;Y;N;N;N;N;Y
109273;1879;1884;2014/2015;complete;583;25;-1;25;;1;0;1;1;4;5;4;2;1;3;0;0;4;4;5;3;9;7;19;18;46;54;1;3;0;0;0;0;0;0;0;0;0;0;0;0;0;0;0;0;0;0;0;0;0;0;0;0;0;0;0;0;0;0;0;0;0;0;0;0;0;0;0;0;0;0;0;0;0;0;0;0;0;0;0;0;0;0;0;0;0;0;0;0;0;0;0;0;0;0;0;0;1;1;0;0;0;0;1;2015-04-07 14:30:00;1879;0;44;15;29;0;-1;1;-1;-1;-1;-1;-1;-1;0;0;1;3;0;4;-1;0;0;0;0;0;0;0;0;0;0;0;0;0;1;1;0;0;-1;-1;0;0;-1;-1;-1;-1;-1;-1;-1;-1;-1;10;15;43;81;91;15;76;86;48;8.88;3.08;3.83;2.38;Dugopolje;Segesta Sisak;1.43;0.5;1.4;0.36;1.18;1.14;91;86;58;19;10;63;42;19;0;0;0;408;30;Y;N;N;N;N;N;N
109274;1875;1871;2014/2015;complete;583;25;-1;13,52,58;75,77;3;2;5;8;4;12;1;2;3;4;0;2;5;2;5;3;10;5;16;20;62;38;3;8;0;0;0;0;0;0;0;0;0;0;0;0;0;0;0;0;0;0;0;0;0;0;0;0;0;0;0;0;0;0;0;0;0;0;0;0;0;0;0;0;0;0;0;0;0;0;0;0;0;0;0;0;0;0;0;0;0;0;0;0;0;0;0;0;0;0;0;0;5;1;0;2;2;4;1;2015-04-07 14:30:00;1875;0;50;27;23;0;-1;1;-1;-1;-1;-1;-1;-1;0;5;3;1;5;4;-1;0;0;0;0;0;0;0;1;0;1;0;0;0;1;1;0;0;-1;-1;0;0;-1;-1;-1;-1;-1;-1;-1;-1;-1;23;32;41;82;96;41;73;78;41;9.44;3;4.6;2.78;Gorica;Hrvatski Dragovoljac;1.5;0.73;1.55;0.73;1.82;1.05;78;69;60;18;5;58;35;31;0;0;0;408;30;Y;Y;Y;Y;Y;N;Y
109275;1862;1885;2014/2015;complete;583;25;-1;49,54,66;;3;0;3;4;1;5;3;1;2;4;0;1;4;2;3;0;7;2;6;17;68;32;2;6;0;0;0;0;0;0;0;0;0;0;0;0;0;0;0;0;0;0;0;0;0;0;0;0;0;0;0;0;0;0;0;0;0;0;0;0;0;0;0;0;0;0;0;0;0;0;0;0;0;0;0;0;0;0;0;0;0;0;0;0;0;0;0;0;0;0;0;0;3;0;0;3;0;3;0;2015-04-07 14:30:00;1862;0;32;9;9;0;-1;1;-1;-1;-1;-1;-1;-1;1;1;1;4;2;5;-1;0;0;0;0;0;0;0;0;0;0;0;0;0;1;1;0;0;-1;-1;1;0;-1;-1;-1;-1;-1;-1;-1;-1;-1;5;9;46;73;87;27;82;69;32;7.11;4.45;4.55;2.18;Inter Zaprešić;Bistra;2.4;0.69;2.36;0.82;2;1.05;96;91;55;27;14;44;33;28;0;0;0;408;30;Y;Y;Y;N;N;N;N
109276;1882;1874;2014/2015;complete;583;25;-1;65;63,68;1;2;3;-1;-1;-1;-1;-1;1;4;0;0;-1;-1;-1;-1;-1;-1;-1;-1;-1;-1;1;4;0;0;0;0;0;0;0;0;0;0;0;0;0;0;0;0;0;0;0;0;0;0;0;0;0;0;0;0;0;0;0;0;0;0;0;0;0;0;0;0;0;0;0;0;0;0;0;0;0;0;0;0;0;0;0;0;0;0;0;0;0;0;0;0;0;0;0;0;3;0;0;1;2;3;0;2015-04-07 14:30:00;1874;0;45;5;27;0;-1;1;-1;-1;-1;-1;-1;-1;1;1;0;3;2;3;-1;0;0;0;0;0;0;0;0;0;0;0;0;0;1;1;0;0;-1;-1;0;0;-1;-1;-1;-1;-1;-1;-1;-1;-1;14;18;46;91;100;18;91;87;50;10.2;1.64;5.46;2.73;Sesvete;Lučko;2.31;0.87;2.27;0.45;1.77;0.77;87;82;55;9;0;65;49;39;0;0;0;408;30;Y;Y;Y;N;N;N;Y
109277;1883;1858;2014/2015;complete;583;25;-1;;;0;0;0;5;7;12;1;1;3;3;0;0;2;5;3;5;5;10;15;17;49;51;3;3;0;0;0;0;0;0;0;0;0;0;0;0;0;0;0;0;0;0;0;0;0;0;0;0;0;0;0;0;0;0;0;0;0;0;0;0;0;0;0;0;0;0;0;0;0;0;0;0;0;0;0;0;0;0;0;0;0;0;0;0;0;0;0;0;0;0;0;0;0;0;0;0;0;0;0;2015-04-07 14:30:00;-1;0;39;15;14;0;-1;1;-1;-1;-1;-1;-1;-1;0;0;3;3;0;6;-1;0;0;0;0;0;0;0;0;0;0;0;0;0;1;1;0;0;-1;-1;0;0;-1;-1;-1;-1;-1;-1;-1;-1;-1;10;28;38;58;81;19;62;72;24;15.17;1.71;6.32;2.14;Imotski;Rudeš;1.38;0.93;1.36;0.8;1.38;1.33;91;72;62;43;19;84;75;42;0;0;0;408;30;N;N;N;N;N;N;N
109278;1883;1879;2014/2015;complete;583;26;-1;13,49,90;41;3;1;4;0;5;5;0;2;1;3;0;0;2;5;2;5;4;10;21;14;53;47;1;3;0;0;0;0;0;0;0;0;0;0;0;0;0;0;0;0;0;0;0;0;0;0;0;0;0;0;0;0;0;0;0;0;0;0;0;0;0;0;0;0;0;0;0;0;0;0;0;0;0;0;0;0;0;0;0;0;0;0;0;0;0;0;0;0;0;0;0;0;4;1;1;2;0;2;2;2015-04-11 14:30:00;1883;0;29;8;13;0;-1;1;-1;-1;-1;-1;-1;-1;1;0;0;3;1;3;-1;0;0;0;0;0;0;0;0;0;0;0;0;0;1;1;0;0;-1;-1;0;0;-1;-1;-1;-1;-1;-1;-1;-1;-1;4;17;25;59;84;13;67;71;21;10.33;2.67;5.33;1.88;Imotski;Dugopolje;1.38;0.88;1.33;1;1.36;1.26;96;84;75;42;17;66;49;30;0;0;0;408;30;Y;Y;Y;Y;N;N;Y
109279;1858;1860;2014/2015;complete;583;26;-1;30;47;1;1;2;-1;-1;-1;-1;-1;0;6;0;0;-1;-1;-1;-1;-1;-1;-1;-1;-1;-1;0;6;0;0;0;0;0;0;0;0;0;0;0;0;0;0;0;0;0;0;0;0;0;0;0;0;0;0;0;0;0;0;0;0;0;0;0;0;0;0;0;0;0;0;0;0;0;0;0;0;0;0;0;0;0;0;0;0;0;0;0;0;0;0;0;0;0;0;0;0;2;1;0;0;1;1;1;2015-04-12 14:30:00;-1;0;46;23;9;0;-1;1;-1;-1;-1;-1;-1;-1;0;2;0;4;2;4;-1;0;0;0;0;0;0;0;0;0;0;0;0;0;1;1;0;0;-1;-1;0;0;-1;-1;-1;-1;-1;-1;-1;-1;-1;5;14;50;69;91;36;69;82;27;11.3;3;6.45;2.27;Rudeš;Cibalia;1.87;1.07;1.82;1.36;1.32;1.45;96;87;50;32;9;60;50;30;0;0;0;408;30;Y;Y;N;N;N;N;Y
109280;1874;1862;2014/2015;complete;583;26;-1;34;;1;0;1;-1;-1;-1;-1;-1;5;2;0;0;-1;-1;-1;-1;-1;-1;-1;-1;-1;-1;5;2;0;0;0;0;0;0;0;0;0;0;0;0;0;0;0;0;0;0;0;0;0;0;0;0;0;0;0;0;0;0;0;0;0;0;0;0;0;0;0;0;0;0;0;0;0;0;0;0;0;0;0;0;0;0;0;0;0;0;0;0;0;0;0;0;0;0;0;0;1;1;0;0;0;0;1;2015-04-12 14:30:00;1874;0;50;14;14;0;-1;1;-1;-1;-1;-1;-1;-1;1;1;4;1;2;5;-1;0;0;0;0;0;0;0;1;0;1;0;0;0;1;1;0;0;-1;-1;0;0;-1;-1;-1;-1;-1;-1;-1;-1;-1;9;14;41;69;96;32;69;82;32;9.33;2;4.81;2.28;Lučko;Inter Zaprešić;1.33;1.47;1.09;1.64;0.87;2.04;91;87;59;32;5;95;82;59;0;0;0;408;30;Y;N;N;N;N;N;N
109281;1885;1875;2014/2015;complete;583;26;-1;;73,79;0;2;2;-1;-1;-1;-1;-1;2;3;0;0;-1;-1;-1;-1;-1;-1;-1;-1;-1;-1;2;3;0;0;0;0;0;0;0;0;0;0;0;0;0;0;0;0;0;0;0;0;0;0;0;0;0;0;0;0;0;0;0;0;0;0;0;0;0;0;0;0;0;0;0;0;0;0;0;0;0;0;0;0;0;0;0;0;0;0;0;0;0;0;0;0;0;0;0;0;2;0;0;0;2;2;0;2015-04-12 14:30:00;1875;0;46;9;5;0;-1;1;-1;-1;-1;-1;-1;-1;0;1;2;2;1;4;-1;0;0;0;0;0;0;0;0;0;0;0;0;0;1;1;0;0;-1;-1;0;0;-1;-1;-1;-1;-1;-1;-1;-1;-1;0;9;18;78;96;18;78;82;23;5.75;1.91;5.91;2;Bistra;Gorica;1.14;1.93;1.27;2.09;1;1.87;100;91;82;23;5;34;19;13;0;0;0;408;30;Y;Y;N;N;N;N;N
109282;1871;1884;2014/2015;complete;583;26;-1;49;;1;0;1;8;4;12;2;4;2;1;0;0;5;0;10;6;15;6;11;18;54;46;2;1;0;0;0;0;0;0;0;0;0;0;0;0;0;0;0;0;0;0;0;0;0;0;0;0;0;0;0;0;0;0;0;0;0;0;0;0;0;0;0;0;0;0;0;0;0;0;0;0;0;0;0;0;0;0;0;0;0;0;0;0;0;0;0;0;0;0;0;0;1;0;0;1;0;1;0;2015-04-12 14:30:00;1871;0;45;18;22;0;-1;1;-1;-1;-1;-1;-1;-1;0;0;2;1;0;3;-1;0;0;0;0;0;0;0;0;0;0;0;0;0;1;1;0;0;-1;-1;0;0;-1;-1;-1;-1;-1;-1;-1;-1;-1;9;13;44;79;96;22;87;74;35;6.74;2.7;4.83;2.4;Hrvatski Dragovoljac;Segesta Sisak;1.47;0.5;1.36;0.33;1;1.09;92;87;57;22;4;42;30;5;0;0;0;408;30;Y;N;N;N;N;N;N
109283;1875;1874;2014/2015;complete;583;27;-1;;39,55;0;2;2;8;3;11;1;3;1;3;1;0;0;4;2;3;2;7;11;22;54;46;3;3;0;0;0;0;0;0;0;0;0;0;0;0;0;0;0;0;0;0;0;0;0;0;0;0;0;0;0;0;0;0;0;0;0;0;0;0;0;0;0;0;0;0;0;0;0;0;0;0;0;0;0;0;0;0;0;0;0;0;0;0;0;0;0;0;0;0;0;0;2;0;1;0;1;1;1;2015-04-17 14:30:00;1874;0;59;13;38;0;-1;1;-1;-1;-1;-1;-1;-1;1;1;1;2;2;3;-1;0;0;0;0;0;0;0;0;0;0;0;0;0;1;1;0;0;-1;-1;0;0;-1;-1;-1;-1;-1;-1;-1;-1;-1;17;25;46;88;96;30;83;75;46;8.92;2.83;4.83;2.71;Gorica;Lučko;1.5;0.87;1.67;0.67;1.92;0.96;84;75;54;13;4;50;36;32;0;0;0;408;30;Y;Y;N;N;N;N;N
109284;1884;1885;2014/2015;complete;583;27;-1;51;73;1;1;2;-1;-1;-1;-1;-1;1;1;0;0;-1;-1;-1;-1;-1;-1;-1;-1;-1;-1;1;1;0;0;0;0;0;0;0;0;0;0;0;0;0;0;0;0;0;0;0;0;0;0;0;0;0;0;0;0;0;0;0;0;0;0;0;0;0;0;0;0;0;0;0;0;0;0;0;0;0;0;0;0;0;0;0;0;0;0;0;0;0;0;0;0;0;0;0;0;2;0;0;1;1;2;0;2015-04-18 14:30:00;-1;0;39;13;13;0;-1;1;-1;-1;-1;-1;-1;-1;1;0;0;1;1;1;-1;0;0;0;0;0;0;0;0;0;0;0;0;0;1;1;0;0;-1;-1;0;0;-1;-1;-1;-1;-1;-1;-1;-1;-1;5;13;47;79;87;30;70;79;39;8.1;2.53;5.77;2.4;Segesta Sisak;Bistra;1.86;0.69;1.91;0.75;1.04;0.96;96;87;53;22;13;37;32;32;0;0;0;408;30;Y;Y;N;N;N;N;Y
109285;1882;1858;2014/2015;complete;583;27;-1;21,43;58;2;1;3;-1;-1;-1;-1;-1;3;4;0;0;-1;-1;-1;-1;-1;-1;-1;-1;-1;-1;3;4;0;0;0;0;0;0;0;0;0;0;0;0;0;0;0;0;0;0;0;0;0;0;0;0;0;0;0;0;0;0;0;0;0;0;0;0;0;0;0;0;0;0;0;0;0;0;0;0;0;0;0;0;0;0;0;0;0;0;0;0;0;0;0;0;0;0;0;0;3;2;0;0;1;1;2;2015-04-18 14:30:00;1882;0;48;13;17;0;-1;1;-1;-1;-1;-1;-1;-1;2;1;1;3;3;4;-1;0;0;0;0;0;0;0;0;0;0;0;0;0;1;1;0;0;-1;-1;0;0;-1;-1;-1;-1;-1;-1;-1;-1;-1;13;18;47;74;87;18;69;78;38;15.49;1.32;6.12;2.42;Sesvete;Rudeš;2.31;0.93;2.08;0.82;1.7;1.3;87;83;53;27;14;90;80;56;0;0;0;408;30;Y;Y;Y;N;N;N;Y
109286;1860;1883;2014/2015;complete;583;27;-1;36,90;56,62;2;2;4;-1;-1;-1;-1;-1;3;1;0;0;-1;-1;-1;-1;-1;-1;-1;-1;-1;-1;3;1;0;0;0;0;0;0;0;0;0;0;0;0;0;0;0;0;0;0;0;0;0;0;0;0;0;0;0;0;0;0;0;0;0;0;0;0;0;0;0;0;0;0;0;0;0;0;0;0;0;0;0;0;0;0;0;0;0;0;0;0;0;0;0;0;0;0;0;0;4;1;0;1;2;3;1;2015-04-18 14:30:00;-1;0;53;24;19;0;-1;1;-1;-1;-1;-1;-1;-1;0;0;3;1;0;4;-1;0;0;0;0;0;0;0;1;1;1;1;0;0;1;1;0;0;-1;-1;0;0;-1;-1;-1;-1;-1;-1;-1;-1;-1;10;20;48;77;95;38;77;91;24;7.37;0.9;4.92;2.48;Cibalia;Imotski;1.47;1.14;1.55;1.4;1.43;1.43;91;81;53;24;5;39;15;0;0;0;0;408;30;Y;Y;Y;Y;N;N;Y
109287;1879;1871;2014/2015;complete;583;27;-1;;;0;0;0;5;7;12;2;1;1;3;0;0;4;4;5;0;9;4;28;26;50;50;1;3;0;0;0;0;0;0;0;0;0;0;0;0;0;0;0;0;0;0;0;0;0;0;0;0;0;0;0;0;0;0;0;0;0;0;0;0;0;0;0;0;0;0;0;0;0;0;0;0;0;0;0;0;0;0;0;0;0;0;0;0;0;0;0;0;0;0;0;0;0;0;0;0;0;0;0;2015-04-19 14:30:00;-1;0;49;22;26;0;-1;1;-1;-1;-1;-1;-1;-1;1;1;0;2;2;2;-1;0;0;0;0;0;0;0;0;0;0;0;0;0;1;1;0;0;-1;-1;0;0;-1;-1;-1;-1;-1;-1;-1;-1;-1;21;30;39;78;96;26;70;83;48;9.08;3.09;5.09;2.68;Dugopolje;Hrvatski Dragovoljac;1.43;0.73;1.55;0.67;1.21;1.08;79;70;61;22;5;71;47;42;0;0;0;408;30;N;N;N;N;N;N;N
109288;1860;1879;2014/2015;complete;583;28;-1;9,66;29,76;2;2;4;-1;-1;-1;-1;-1;1;3;1;0;-1;-1;-1;-1;-1;-1;-1;-1;-1;-1;3;3;0;0;0;0;0;0;0;0;0;0;0;0;0;0;0;0;0;0;0;0;0;0;0;0;0;0;0;0;0;0;0;0;0;0;0;0;0;0;0;0;0;0;0;0;0;0;0;0;0;0;0;0;0;0;0;0;0;0;0;0;0;0;0;0;0;0;0;0;4;1;1;1;1;2;2;2015-04-25 14:30:00;-1;0;44;16;17;0;-1;1;-1;-1;-1;-1;-1;-1;1;0;1;3;1;4;-1;0;0;0;0;0;0;0;0;1;0;1;0;0;1;1;1;0;-1;-1;0;0;-1;-1;-1;-1;-1;-1;-1;-1;-1;4;13;37;72;96;24;76;85;28;7.8;1.69;5.37;2.21;Cibalia;Dugopolje;1.47;0.88;1.5;0.92;1.42;1.2;96;88;64;28;4;38;18;14;0;0;0;408;30;Y;Y;Y;Y;N;N;Y
109289;1883;1882;2014/2015;complete;583;28;-1;14;66;1;1;2;4;8;12;4;0;5;3;2;0;4;6;4;5;8;11;12;15;29;71;7;3;0;0;0;0;0;0;0;0;0;0;0;0;0;0;0;0;0;0;0;0;0;0;0;0;0;0;0;0;0;0;0;0;0;0;0;0;0;0;0;0;0;0;0;0;0;0;0;0;0;0;0;0;0;0;0;0;0;0;0;0;0;0;0;0;0;0;0;0;2;1;0;0;1;1;1;2015-04-25 14:30:00;-1;0;48;26;21;0;-1;1;-1;-1;-1;-1;-1;-1;5;1;2;2;6;4;-1;0;0;0;0;0;0;0;0;0;0;0;0;0;1;1;0;0;-1;-1;0;0;-1;-1;-1;-1;-1;-1;-1;-1;-1;13;28;33;64;84;34;63;67;34;9.33;3.49;5.78;2.3;Imotski;Sesvete;1.38;1.14;1.46;1.27;1.42;1.75;87;72;68;37;16;47;40;18;0;0;0;408;30;Y;Y;N;N;N;N;Y
109290;1858;1862;2014/2015;complete;583;28;-1;43;90;1;1;2;2;4;6;1;1;4;3;1;0;3;4;5;4;8;8;29;15;45;55;5;3;0;0;0;0;0;0;0;0;0;0;0;0;0;0;0;0;0;0;0;0;0;0;0;0;0;0;0;0;0;0;0;0;0;0;0;0;0;0;0;0;0;0;0;0;0;0;0;0;0;0;0;0;0;0;0;0;0;0;0;0;0;0;0;0;0;0;0;0;2;1;0;0;1;1;1;2015-04-26 14:30:00;-1;0;50;17;21;0;-1;1;-1;-1;-1;-1;-1;-1;0;3;5;0;3;5;-1;0;0;0;0;0;0;0;1;0;1;0;0;0;1;1;0;0;-1;-1;0;0;-1;-1;-1;-1;-1;-1;-1;-1;-1;13;17;50;75;92;33;75;79;38;11.13;2.09;4.59;2.46;Rudeš;Inter Zaprešić;1.87;1.47;1.75;1.5;1.25;1.96;88;83;50;25;9;80;67;54;0;0;0;408;30;Y;Y;N;N;N;N;Y
109291;1874;1884;2014/2015;complete;583;28;-1;13;73;1;1;2;5;10;15;1;1;3;2;1;0;4;6;4;6;8;12;18;10;41;59;4;2;0;0;0;0;0;0;0;0;0;0;0;0;0;0;0;0;0;0;0;0;0;0;0;0;0;0;0;0;0;0;0;0;0;0;0;0;0;0;0;0;0;0;0;0;0;0;0;0;0;0;0;0;0;0;0;0;0;0;0;0;0;0;0;0;0;0;0;0;2;1;0;0;1;1;1;2015-04-26 14:30:00;-1;0;28;8;12;0;-1;1;-1;-1;-1;-1;-1;-1;2;0;2;2;2;4;-1;0;0;0;0;0;0;0;0;1;0;1;0;0;1;1;0;0;-1;-1;1;0;-1;-1;-1;-1;-1;-1;-1;-1;-1;4;8;32;60;92;17;68;80;28;8.25;2.46;4.35;1.95;Lučko;Segesta Sisak;1.33;0.5;1.25;0.31;1.04;1.04;96;92;69;41;8;70;59;32;0;0;0;408;30;Y;Y;N;N;N;N;Y
109292;1885;1871;2014/2015;complete;583;28;-1;;;0;0;0;-1;-1;-1;-1;-1;1;3;0;0;-1;-1;-1;-1;-1;-1;-1;-1;-1;-1;1;3;0;0;0;0;0;0;0;0;0;0;0;0;0;0;0;0;0;0;0;0;0;0;0;0;0;0;0;0;0;0;0;0;0;0;0;0;0;0;0;0;0;0;0;0;0;0;0;0;0;0;0;0;0;0;0;0;0;0;0;0;0;0;0;0;0;0;0;0;0;0;0;0;0;0;0;2015-04-26 14:30:00;-1;0;44;20;16;0;-1;1;-1;-1;-1;-1;-1;-1;1;1;0;2;2;2;-1;0;0;0;0;0;0;0;0;0;0;0;0;0;1;1;0;0;-1;-1;0;0;-1;-1;-1;-1;-1;-1;-1;-1;-1;16;19;23;80;96;24;65;84;36;6.86;1.75;5.33;2.39;Bistra;Hrvatski Dragovoljac;1.14;0.73;1.17;0.69;0.96;1.08;85;81;77;20;4;64;47;41;0;0;0;408;30;N;N;N;N;N;N;N
109293;1871;1874;2014/2015;complete;583;29;-1;;;0;0;0;6;0;6;3;1;2;0;0;1;10;4;2;3;12;7;23;23;60;40;2;2;0;0;0;0;0;0;0;0;0;0;0;0;0;0;0;0;0;0;0;0;0;0;0;0;0;0;0;0;0;0;0;0;0;0;0;0;0;0;0;0;0;0;0;0;0;0;0;0;0;0;0;0;0;0;0;0;0;0;0;0;0;0;0;0;0;0;0;0;0;0;0;0;0;0;0;2015-05-01 15:00:00;-1;0;52;13;28;0;-1;1;-1;-1;-1;-1;-1;-1;1;1;1;0;2;1;-1;0;0;0;0;0;0;0;0;0;0;0;0;0;1;1;0;0;-1;-1;0;0;-1;-1;-1;-1;-1;-1;-1;-1;-1;8;16;40;84;100;24;84;76;36;7;2.5;5.69;2.48;Hrvatski Dragovoljac;Lučko;1.47;0.87;1.5;0.85;1.08;1.04;92;84;60;17;0;51;40;31;0;0;0;408;30;N;N;N;N;N;N;N
109294;1875;1858;2014/2015;complete;583;29;-1;;;0;0;0;3;4;7;1;1;2;4;0;0;4;3;7;7;11;10;15;26;59;41;2;4;0;0;0;0;0;0;0;0;0;0;0;0;0;0;0;0;0;0;0;0;0;0;0;0;0;0;0;0;0;0;0;0;0;0;0;0;0;0;0;0;0;0;0;0;0;0;0;0;0;0;0;0;0;0;0;0;0;0;0;0;0;0;0;0;0;0;0;0;0;0;0;0;0;0;0;2015-05-01 15:00:00;-1;0;56;20;20;0;-1;1;-1;-1;-1;-1;-1;-1;1;0;1;4;1;5;-1;0;0;0;0;0;0;0;0;0;0;0;0;0;1;1;0;0;-1;-1;0;0;-1;-1;-1;-1;-1;-1;-1;-1;-1;16;24;44;72;84;32;72;68;28;14.37;2.59;5.65;2.39;Gorica;Rudeš;1.5;0.93;1.54;0.75;1.84;1.24;85;76;56;29;17;77;69;51;0;0;0;408;30;N;N;N;N;N;N;N
109295;1862;1883;2014/2015;complete;583;29;-1;12,26,66;61;3;1;4;5;10;15;3;0;0;2;0;0;4;8;5;11;9;19;10;18;61;39;0;2;0;0;0;0;0;0;0;0;0;0;0;0;0;0;0;0;0;0;0;0;0;0;0;0;0;0;0;0;0;0;0;0;0;0;0;0;0;0;0;0;0;0;0;0;0;0;0;0;0;0;0;0;0;0;0;0;0;0;0;0;0;0;0;0;0;0;0;0;4;2;0;1;1;2;2;2015-05-01 15:00:00;1862;0;45;18;18;0;-1;1;-1;-1;-1;-1;-1;-1;0;0;0;2;0;2;-1;0;0;0;0;0;0;0;1;0;1;0;0;0;1;1;0;0;-1;-1;0;0;-1;-1;-1;-1;-1;-1;-1;-1;-1;9;22;49;79;92;27;83;83;30;8.37;2.98;4.67;2.49;Inter Zaprešić;Imotski;2.4;1.14;2.42;1.36;1.92;1.4;92;78;52;22;9;49;30;10;0;0;0;408;30;Y;Y;Y;Y;N;N;Y
109296;1882;1860;2014/2015;complete;583;29;-1;17,37,44,48;;4;0;4;-1;-1;-1;-1;-1;1;2;0;0;-1;-1;-1;-1;-1;-1;-1;-1;-1;-1;1;2;0;0;0;0;0;0;0;0;0;0;0;0;0;0;0;0;0;0;0;0;0;0;0;0;0;0;0;0;0;0;0;0;0;0;0;0;0;0;0;0;0;0;0;0;0;0;0;0;0;0;0;0;0;0;0;0;0;0;0;0;0;0;0;0;0;0;0;0;4;3;0;1;0;1;3;2015-05-01 15:00:00;1882;0;56;17;12;0;-1;1;-1;-1;-1;-1;-1;-1;1;0;0;2;1;2;-1;0;0;0;0;0;0;0;0;0;0;0;0;0;1;1;0;0;-1;-1;0;0;-1;-1;-1;-1;-1;-1;-1;-1;-1;8;12;52;80;100;28;80;88;36;11.7;1.55;6.94;2.55;Sesvete;Cibalia;2.31;1.07;2.15;1.33;1.72;1.4;93;89;48;21;0;70;55;30;0;0;0;408;30;Y;Y;Y;Y;N;N;N
109297;1879;1885;2014/2015;complete;583;29;-1;;;0;0;0;1;6;7;0;1;4;2;0;0;5;2;7;4;12;6;22;31;49;51;4;2;0;0;0;0;0;0;0;0;0;0;0;0;0;0;0;0;0;0;0;0;0;0;0;0;0;0;0;0;0;0;0;0;0;0;0;0;0;0;0;0;0;0;0;0;0;0;0;0;0;0;0;0;0;0;0;0;0;0;0;0;0;0;0;0;0;0;0;0;0;0;0;0;0;0;0;2015-05-03 15:00:00;-1;0;44;13;20;0;-1;1;-1;-1;-1;-1;-1;-1;1;1;3;1;2;4;-1;0;0;0;0;0;0;0;0;0;0;0;0;0;1;1;0;0;-1;-1;0;0;-1;-1;-1;-1;-1;-1;-1;-1;-1;4;13;44;72;84;24;65;68;44;7.4;4;4;2.16;Dugopolje;Bistra;1.43;0.69;1.5;0.77;1.19;0.96;96;88;57;28;16;55;40;35;0;0;0;408;30;N;N;N;N;N;N;N
109298;1882;1879;2014/2015;complete;583;30;-1;11,20,41;;3;0;3;3;2;5;2;5;2;1;1;0;5;6;4;3;9;9;16;18;55;45;3;1;0;0;0;0;0;0;0;0;0;0;0;0;0;0;0;0;0;0;0;0;0;0;0;0;0;0;0;0;0;0;0;0;0;0;0;0;0;0;0;0;0;0;0;0;0;0;0;0;0;0;0;0;0;0;0;0;0;0;0;0;0;0;0;0;0;0;0;0;3;3;0;0;0;0;3;2015-05-09 15:30:00;1882;0;47;14;18;0;-1;1;-1;-1;-1;-1;-1;-1;0;0;3;1;0;4;-1;0;0;0;0;0;0;0;0;0;0;0;0;0;1;1;0;0;-1;-1;0;0;-1;-1;-1;-1;-1;-1;-1;-1;-1;7;18;47;82;97;25;83;86;40;11.2;1.86;5.14;2.54;Sesvete;Dugopolje;2.31;0.88;2.21;0.93;1.77;1.19;93;83;54;18;4;68;48;34;0;0;0;408;30;Y;Y;Y;N;N;N;N
109299;1860;1862;2014/2015;complete;583;30;-1;58,72;9;2;1;3;7;7;14;4;4;4;1;0;0;8;2;6;2;14;4;21;15;55;45;4;1;0;0;0;0;0;0;0;0;0;0;0;0;0;0;0;0;0;0;0;0;0;0;0;0;0;0;0;0;0;0;0;0;0;0;0;0;0;0;0;0;0;0;0;0;0;0;0;0;0;0;0;0;0;0;0;0;0;0;0;0;0;0;0;0;0;0;0;0;3;0;1;2;0;2;1;2015-05-09 15:30:00;1860;0;58;19;27;0;-1;1;-1;-1;-1;-1;-1;-1;2;0;2;1;2;3;-1;0;0;0;0;0;0;0;0;0;0;0;0;0;1;1;0;1;-1;-1;0;0;-1;-1;-1;-1;-1;-1;-1;-1;-1;12;19;50;77;100;35;81;85;38;8.09;0.54;5.31;2.58;Cibalia;Inter Zaprešić;1.47;1.47;1.46;1.46;1.35;1.96;89;81;50;23;0;53;36;29;0;0;0;408;30;Y;Y;Y;N;N;N;Y
109300;1883;1875;2014/2015;complete;583;30;-1;49;57;1;1;2;-1;-1;-1;-1;-1;3;0;0;0;-1;-1;-1;-1;-1;-1;-1;-1;-1;-1;3;0;0;0;0;0;0;0;0;0;0;0;0;0;0;0;0;0;0;0;0;0;0;0;0;0;0;0;0;0;0;0;0;0;0;0;0;0;0;0;0;0;0;0;0;0;0;0;0;0;0;0;0;0;0;0;0;0;0;0;0;0;0;0;0;0;0;0;0;0;2;0;0;1;1;2;0;2015-05-09 15:30:00;-1;0;35;7;7;0;-1;1;-1;-1;-1;-1;-1;-1;1;0;2;0;1;2;-1;0;0;0;0;0;0;0;0;0;0;0;0;0;1;1;0;0;-1;-1;0;0;-1;-1;-1;-1;-1;-1;-1;-1;-1;4;27;31;66;86;19;70;77;31;8.44;1.9;6.58;2.11;Imotski;Gorica;1.38;1.93;1.43;2.17;1.35;1.81;97;74;70;34;15;42;28;17;0;0;0;408;30;Y;Y;N;N;N;N;Y
109301;1858;1884;2014/2015;complete;583;30;-1;33,37,58,60;;4;0;4;5;7;12;1;3;0;1;0;0;9;6;7;1;16;7;16;22;50;50;0;1;0;0;0;0;0;0;0;0;0;0;0;0;0;0;0;0;0;0;0;0;0;0;0;0;0;0;0;0;0;0;0;0;0;0;0;0;0;0;0;0;0;0;0;0;0;0;0;0;0;0;0;0;0;0;0;0;0;0;0;0;0;0;0;0;0;0;0;0;4;2;0;2;0;2;2;2015-05-10 15:30:00;1858;0;38;11;18;0;-1;1;-1;-1;-1;-1;-1;-1;0;1;0;0;1;0;-1;0;0;0;0;0;0;0;0;0;0;0;0;0;1;1;0;0;-1;-1;0;0;-1;-1;-1;-1;-1;-1;-1;-1;-1;8;11;41;74;89;19;74;86;34;10.36;2.81;4.17;2.23;Rudeš;Segesta Sisak;1.87;0.5;1.69;0.36;1.23;1.04;93;89;59;26;11;56;45;29;0;0;0;408;30;Y;Y;Y;Y;N;N;N
109302;1874;1885;2014/2015;complete;583;30;-1;68;;1;0;1;7;1;8;1;1;6;2;0;0;7;2;5;5;12;7;24;21;51;49;6;2;0;0;0;0;0;0;0;0;0;0;0;0;0;0;0;0;0;0;0;0;0;0;0;0;0;0;0;0;0;0;0;0;0;0;0;0;0;0;0;0;0;0;0;0;0;0;0;0;0;0;0;0;0;0;0;0;0;0;0;0;0;0;0;0;0;0;0;0;1;0;0;1;0;1;0;2015-05-10 15:30:00;1874;0;37;8;7;0;-1;1;-1;-1;-1;-1;-1;-1;0;0;6;2;0;8;-1;0;0;0;0;0;0;0;0;0;0;0;0;0;1;1;0;0;-1;-1;0;0;-1;-1;-1;-1;-1;-1;-1;-1;-1;0;8;37;63;86;26;60;71;29;7.45;2.86;4.76;1.92;Lučko;Bistra;1.33;0.69;1.23;0.79;1.04;0.96;100;93;64;38;15;64;55;41;0;0;0;408;30;Y;N;N;N;N;N;N
109303;1871;1858;2014/2015;complete;583;31;-1;76;66,81;1;2;3;7;3;10;3;11;4;4;0;0;3;5;5;4;8;9;15;20;50;50;4;4;0;0;0;0;0;0;0;0;0;0;0;0;0;0;0;0;0;0;0;0;0;0;0;0;0;0;0;0;0;0;0;0;0;0;0;0;0;0;0;0;0;0;0;0;0;0;0;0;0;0;0;0;0;0;0;0;0;0;0;0;0;0;0;0;0;0;0;0;3;0;0;1;2;3;0;2015-05-15 15:30:00;1858;0;50;19;12;0;-1;1;-1;-1;-1;-1;-1;-1;2;0;2;4;2;6;-1;0;0;0;0;0;0;0;0;0;0;0;0;0;1;1;0;0;-1;-1;0;0;-1;-1;-1;-1;-1;-1;-1;-1;-1;8;15;38;62;81;27;66;62;19;11.92;2.31;6.39;2.04;Hrvatski Dragovoljac;Rudeš;1.47;0.93;1.46;0.77;1.07;1.3;92;85;62;39;20;65;61;40;0;0;0;408;30;Y;Y;Y;N;N;N;Y
109304;1875;1860;2014/2015;complete;583;31;-1;30,43,90;67;3;1;4;9;3;12;1;0;5;5;0;1;3;8;6;1;9;9;24;22;48;52;5;6;0;0;0;0;0;0;0;0;0;0;0;0;0;0;0;0;0;0;0;0;0;0;0;0;0;0;0;0;0;0;0;0;0;0;0;0;0;0;0;0;0;0;0;0;0;0;0;0;0;0;0;0;0;0;0;0;0;0;0;0;0;0;0;0;0;0;0;0;4;2;0;1;1;2;2;2015-05-15 15:30:00;1875;0;56;22;15;0;-1;1;-1;-1;-1;-1;-1;-1;1;4;4;2;5;6;-1;0;0;0;0;0;0;0;1;0;1;0;0;0;1;1;0;0;-1;-1;0;0;-1;-1;-1;-1;-1;-1;-1;-1;-1;11;22;45;74;93;37;78;75;26;10.36;2.86;6.22;2.44;Gorica;Cibalia;1.5;1.07;1.5;1.23;1.78;1.41;90;78;56;26;7;55;43;25;0;0;0;408;30;Y;Y;Y;Y;N;N;Y
109305;1862;1882;2014/2015;complete;583;31;-1;7,24,31;;3;0;3;3;11;14;1;1;4;4;0;0;5;4;2;7;7;11;27;21;39;61;4;4;0;0;0;0;0;0;0;0;0;0;0;0;0;0;0;0;0;0;0;0;0;0;0;0;0;0;0;0;0;0;0;0;0;0;0;0;0;0;0;0;0;0;0;0;0;0;0;0;0;0;0;0;0;0;0;0;0;0;0;0;0;0;0;0;0;0;0;0;3;3;0;0;0;0;3;2015-05-15 18:00:00;1862;0;49;21;20;0;-1;1;-1;-1;-1;-1;-1;-1;2;3;2;1;5;3;-1;0;0;0;0;0;0;0;0;0;0;0;0;0;1;1;1;0;-1;-1;0;0;-1;-1;-1;-1;-1;-1;-1;-1;-1;13;16;36;76;92;33;76;72;36;8.91;4.73;5.54;2.4;Inter Zaprešić;Sesvete;2.4;1.14;2.46;1.25;1.89;1.81;88;84;65;24;8;41;36;23;0;0;0;408;30;Y;Y;Y;N;N;N;N
109306;1884;1883;2014/2015;complete;583;31;-1;40;;1;0;1;-1;-1;-1;-1;-1;1;4;0;0;-1;-1;-1;-1;-1;-1;-1;-1;-1;-1;1;4;0;0;0;0;0;0;0;0;0;0;0;0;0;0;0;0;0;0;0;0;0;0;0;0;0;0;0;0;0;0;0;0;0;0;0;0;0;0;0;0;0;0;0;0;0;0;0;0;0;0;0;0;0;0;0;0;0;0;0;0;0;0;0;0;0;0;0;0;1;1;0;0;0;0;1;2015-05-16 15:30:00;1884;0;59;21;29;0;-1;1;-1;-1;-1;-1;-1;-1;0;1;1;3;1;4;-1;0;0;0;0;0;0;0;0;0;0;0;0;0;1;1;0;0;-1;-1;0;0;-1;-1;-1;-1;-1;-1;-1;-1;-1;8;30;46;83;92;34;75;92;38;10.38;0.92;5.36;2.67;Segesta Sisak;Imotski;1.86;1.14;1.83;1.25;1;1.33;92;71;55;17;8;48;36;23;0;0;0;408;30;Y;N;N;N;N;N;N
109307;1879;1874;2014/2015;complete;583;31;-1;;;0;0;0;4;9;13;4;1;3;3;0;0;0;4;9;8;9;12;15;22;49;51;3;3;0;0;0;0;0;0;0;0;0;0;0;0;0;0;0;0;0;0;0;0;0;0;0;0;0;0;0;0;0;0;0;0;0;0;0;0;0;0;0;0;0;0;0;0;0;0;0;0;0;0;0;0;0;0;0;0;0;0;0;0;0;0;0;0;0;0;0;0;0;0;0;0;0;0;0;2015-05-17 15:30:00;-1;0;45;8;30;0;-1;1;-1;-1;-1;-1;-1;-1;1;1;2;2;2;4;-1;0;0;0;0;0;0;0;0;0;0;0;0;0;1;1;0;0;-1;-1;0;0;-1;-1;-1;-1;-1;-1;-1;-1;-1;8;15;34;74;85;15;71;71;41;7.61;2.92;4.79;2.14;Dugopolje;Lučko;1.43;0.87;1.46;0.86;1.14;1.11;93;86;67;26;15;57;43;38;0;0;0;408;30;N;N;N;N;N;N;N
109308;1862;1879;2014/2015;complete;583;32;-1;86;83;1;1;2;7;4;11;0;1;3;3;0;0;7;0;2;5;9;5;18;25;55;45;3;3;0;0;0;0;0;0;0;0;0;0;0;0;0;0;0;0;0;0;0;0;0;0;0;0;0;0;0;0;0;0;0;0;0;0;0;0;0;0;0;0;0;0;0;0;0;0;0;0;0;0;0;0;0;0;0;0;0;0;0;0;0;0;0;0;0;0;0;0;2;0;0;1;1;2;0;2015-05-23 15:30:00;-1;0;35;14;14;0;-1;1;-1;-1;-1;-1;-1;-1;1;1;2;2;2;4;-1;0;0;0;0;0;0;0;0;0;0;0;0;0;1;1;0;0;-1;-1;1;1;-1;-1;-1;-1;-1;-1;-1;-1;-1;4;14;42;76;93;28;83;72;32;8.5;4.01;5.04;2.28;Inter Zaprešić;Dugopolje;2.4;0.88;2.5;0.87;1.93;1.14;97;87;59;24;7;50;38;29;0;0;0;408;30;Y;Y;N;N;N;N;Y
109309;1882;1875;2014/2015;complete;583;32;-1;44,51,85;60;3;1;4;-1;-1;-1;-1;-1;2;3;1;0;-1;-1;-1;-1;-1;-1;-1;-1;-1;-1;3;3;0;0;0;0;0;0;0;0;0;0;0;0;0;0;0;0;0;0;0;0;0;0;0;0;0;0;0;0;0;0;0;0;0;0;0;0;0;0;0;0;0;0;0;0;0;0;0;0;0;0;0;0;0;0;0;0;0;0;0;0;0;0;0;0;0;0;0;0;4;1;0;2;1;3;1;2015-05-23 15:30:00;1882;0;43;4;14;0;-1;1;-1;-1;-1;-1;-1;-1;2;2;1;1;4;2;-1;0;0;0;0;0;0;0;0;0;0;0;0;0;1;1;0;0;-1;-1;0;0;-1;-1;-1;-1;-1;-1;-1;-1;-1;7;18;45;85;96;24;78;86;43;9.5;1.09;5.91;2.54;Sesvete;Gorica;2.31;1.93;2.27;2.08;1.75;1.82;94;83;55;15;4;42;25;17;0;0;0;408;30;Y;Y;Y;Y;N;N;Y
109310;1860;1884;2014/2015;complete;583;32;-1;41,82;21,29,53,76;2;4;6;-1;-1;-1;-1;-1;-1;-1;-1;-1;-1;-1;-1;-1;-1;-1;-1;-1;-1;-1;-1;-1;0;0;0;0;0;0;0;0;0;0;0;0;0;0;0;0;0;0;0;0;0;0;0;0;0;0;0;0;0;0;0;0;0;0;0;0;0;0;0;0;0;0;0;0;0;0;0;0;0;0;0;0;0;0;0;0;0;0;0;0;0;0;0;0;0;0;0;0;6;1;2;1;2;3;3;2015-05-23 15:30:00;1884;0;42;14;25;0;-1;-1;-1;-1;-1;-1;-1;-1;-1;-1;-1;-1;-1;-1;-1;0;0;0;0;0;0;0;0;0;0;0;0;0;1;1;0;0;-1;-1;-1;-1;-1;-1;-1;-1;-1;-1;-1;-1;-1;7;17;49;76;97;25;80;90;42;8.63;1.67;4.66;2.46;Cibalia;Segesta Sisak;1.47;0.5;1.57;0.33;1.36;1.07;93;83;52;24;4;47;34;24;0;0;0;408;30;Y;Y;Y;Y;Y;Y;Y
109311;1883;1871;2014/2015;complete;583;32;-1;;;0;0;0;2;6;8;3;0;2;2;0;0;5;4;3;4;8;8;27;13;50;50;2;2;0;0;0;0;0;0;0;0;0;0;0;0;0;0;0;0;0;0;0;0;0;0;0;0;0;0;0;0;0;0;0;0;0;0;0;0;0;0;0;0;0;0;0;0;0;0;0;0;0;0;0;0;0;0;0;0;0;0;0;0;0;0;0;0;0;0;0;0;0;0;0;0;0;0;0;2015-05-23 15:30:00;-1;0;38;17;21;0;-1;1;-1;-1;-1;-1;-1;-1;0;1;2;1;1;3;-1;0;0;0;0;0;0;0;0;0;0;0;0;0;1;1;0;0;-1;-1;0;0;-1;-1;-1;-1;-1;-1;-1;-1;-1;18;35;35;66;83;25;59;76;38;9.55;1.79;6.08;2.39;Imotski;Hrvatski Dragovoljac;1.38;0.73;1.4;0.71;1.29;1.04;82;66;66;35;17;73;56;45;0;0;0;408;30;N;N;N;N;N;N;N
109312;1858;1885;2014/2015;complete;583;32;-1;32;;1;0;1;5;2;7;2;5;2;2;0;0;5;4;5;4;10;8;20;17;58;42;2;2;0;0;0;0;0;0;0;0;0;0;0;0;0;0;0;0;0;0;0;0;0;0;0;0;0;0;0;0;0;0;0;0;0;0;0;0;0;0;0;0;0;0;0;0;0;0;0;0;0;0;0;0;0;0;0;0;0;0;0;0;0;0;0;0;0;0;0;0;1;1;0;0;0;0;1;2015-05-23 15:30:00;1858;0;38;11;14;0;-1;1;-1;-1;-1;-1;-1;-1;1;0;1;2;1;3;-1;0;0;0;0;0;0;0;0;0;0;0;0;0;1;1;0;0;-1;-1;0;0;-1;-1;-1;-1;-1;-1;-1;-1;-1;4;14;49;73;83;32;62;77;38;8.58;3.16;4.28;2.22;Rudeš;Bistra;1.87;0.69;1.79;0.73;1.36;0.93;97;86;52;27;17;46;38;34;0;0;0;408;30;Y;N;N;N;N;N;N
109313;1874;1858;2014/2015;complete;583;33;-1;29;15;1;1;2;4;4;8;1;2;0;2;0;0;5;5;1;6;6;11;13;20;52;48;0;2;0;0;0;0;0;0;0;0;0;0;0;0;0;0;0;0;0;0;0;0;0;0;0;0;0;0;0;0;0;0;0;0;0;0;0;0;0;0;0;0;0;0;0;0;0;0;0;0;0;0;0;0;0;0;0;0;0;0;0;0;0;0;0;0;0;0;0;0;2;1;1;0;0;0;2;2015-05-30 15:30:00;-1;0;43;11;7;0;-1;1;-1;-1;-1;-1;-1;-1;0;1;0;1;1;1;-1;0;0;0;0;0;0;0;0;0;0;0;0;0;1;1;0;0;-1;-1;0;0;-1;-1;-1;-1;-1;-1;-1;-1;-1;4;11;32;54;82;21;54;72;18;12.39;2.43;6.5;1.82;Lučko;Rudeš;1.33;0.93;1.36;0.93;1.1;1.41;97;90;68;47;18;86;82;53;0;0;0;408;30;Y;Y;N;N;N;N;Y
109314;1885;1883;2014/2015;complete;583;33;-1;45;75;1;1;2;-1;-1;-1;-1;-1;2;2;0;0;-1;-1;-1;-1;-1;-1;-1;-1;-1;-1;2;2;0;0;0;0;0;0;0;0;0;0;0;0;0;0;0;0;0;0;0;0;0;0;0;0;0;0;0;0;0;0;0;0;0;0;0;0;0;0;0;0;0;0;0;0;0;0;0;0;0;0;0;0;0;0;0;0;0;0;0;0;0;0;0;0;0;0;0;0;2;1;0;0;1;1;1;2015-05-30 15:30:00;-1;0;54;19;20;0;-1;1;-1;-1;-1;-1;-1;-1;0;1;2;1;1;3;-1;0;0;0;0;0;0;0;0;0;0;0;0;0;1;1;0;0;-1;-1;0;0;-1;-1;-1;-1;-1;-1;-1;-1;-1;4;19;31;77;92;27;74;81;27;7.13;1.16;4.3;2.23;Bistra;Imotski;1.14;1.14;1.15;1.15;0.9;1.28;96;81;69;23;8;57;38;19;0;0;0;408;30;Y;Y;N;N;N;N;Y
109315;1871;1860;2014/2015;complete;583;33;-1;27,85;63;2;1;3;10;0;10;9;0;1;0;0;0;13;5;4;6;17;11;14;23;60;40;1;0;0;0;0;0;0;0;0;0;0;0;0;0;0;0;0;0;0;0;0;0;0;0;0;0;0;0;0;0;0;0;0;0;0;0;0;0;0;0;0;0;0;0;0;0;0;0;0;0;0;0;0;0;0;0;0;0;0;0;0;0;0;0;0;0;0;0;0;0;3;1;0;1;1;2;1;2015-05-30 15:30:00;1871;0;57;21;14;0;-1;1;-1;-1;-1;-1;-1;-1;0;0;1;0;0;1;-1;0;0;0;0;0;0;0;0;0;0;0;0;0;1;1;0;0;-1;-1;0;0;-1;-1;-1;-1;-1;-1;-1;-1;-1;4;18;47;71;97;36;75;75;25;8.74;2.64;7.14;2.36;Hrvatski Dragovoljac;Cibalia;1.47;1.07;1.36;1.14;1.03;1.31;97;83;54;29;4;55;47;21;0;0;0;408;30;Y;Y;Y;N;N;N;Y
109316;1884;1882;2014/2015;complete;583;33;-1;25;22;1;1;2;-1;-1;-1;-1;-1;1;0;0;0;-1;-1;-1;-1;-1;-1;-1;-1;-1;-1;1;0;0;0;0;0;0;0;0;0;0;0;0;0;0;0;0;0;0;0;0;0;0;0;0;0;0;0;0;0;0;0;0;0;0;0;0;0;0;0;0;0;0;0;0;0;0;0;0;0;0;0;0;0;0;0;0;0;0;0;0;0;0;0;0;0;0;0;0;0;2;1;1;0;0;0;2;2015-05-30 15:30:00;-1;0;54;23;23;0;-1;1;-1;-1;-1;-1;-1;-1;0;0;1;0;0;1;-1;0;0;0;0;0;0;0;0;0;0;0;0;0;1;1;0;0;-1;-1;0;0;-1;-1;-1;-1;-1;-1;-1;-1;-1;12;15;31;77;92;35;69;74;35;10.67;2.46;6.32;2.42;Segesta Sisak;Sesvete;1.86;1.14;1.92;1.15;1.14;1.79;89;85;69;23;8;38;38;29;0;0;0;408;30;Y;Y;N;N;N;N;Y
109317;1875;1862;2014/2015;complete;583;33;-1;;11;0;1;1;-1;-1;-1;-1;-1;2;1;0;0;-1;-1;-1;-1;-1;-1;-1;-1;-1;-1;2;1;0;0;0;0;0;0;0;0;0;0;0;0;0;0;0;0;0;0;0;0;0;0;0;0;0;0;0;0;0;0;0;0;0;0;0;0;0;0;0;0;0;0;0;0;0;0;0;0;0;0;0;0;0;0;0;0;0;0;0;0;0;0;0;0;0;0;0;0;1;0;1;0;0;0;1;2015-05-30 15:30:00;1862;0;62;17;27;0;-1;1;-1;-1;-1;-1;-1;-1;0;0;2;1;0;3;-1;0;0;0;0;0;0;0;0;0;0;0;0;0;1;1;0;0;-1;-1;0;0;-1;-1;-1;-1;-1;-1;-1;-1;-1;17;24;49;80;94;35;83;73;42;10.7;2.73;4.69;2.62;Gorica;Inter Zaprešić;1.5;1.47;1.6;1.36;1.76;1.9;83;77;52;21;7;71;58;48;0;0;0;408;30;Y;N;N;N;N;N;N
