ID;HOMEID;AWAYID;SEASON;STATUS;ROUNDID;GAME_WEEK;REVISED_GAME_WEEK;HOMEGOALS;AWAYGOALS;HOMEGOALCOUNT;AWAYGOALCOUNT;TOTALGOALCOUNT;TEAM_A_CORNERS;TEAM_B_CORNERS;TOTALCORNERCOUNT;TEAM_A_OFFSIDES;TEAM_B_OFFSIDES;TEAM_A_YELLOW_CARDS;TEAM_B_YELLOW_CARDS;TEAM_A_RED_CARDS;TEAM_B_RED_CARDS;TEAM_A_SHOTSONTARGET;TEAM_B_SHOTSONTARGET;TEAM_A_SHOTSOFFTARGET;TEAM_B_SHOTSOFFTARGET;TEAM_A_SHOTS;TEAM_B_SHOTS;TEAM_A_FOULS;TEAM_B_FOULS;TEAM_A_POSSESSION;TEAM_B_POSSESSION;TEAM_A_CARDS_NUM;TEAM_B_CARDS_NUM;ODDS_FT_1;ODDS_FT_X;ODDS_FT_2;ODDS_FT_OVER05;ODDS_FT_OVER15;ODDS_FT_OVER25;ODDS_FT_OVER35;ODDS_FT_OVER45;ODDS_FT_UNDER05;ODDS_FT_UNDER15;ODDS_FT_UNDER25;ODDS_FT_UNDER35;ODDS_FT_UNDER45;ODDS_BTTS_YES;ODDS_BTTS_NO;ODDS_TEAM_A_CS_YES;ODDS_TEAM_A_CS_NO;ODDS_TEAM_B_CS_YES;ODDS_TEAM_B_CS_NO;ODDS_DOUBLECHANCE_1X;ODDS_DOUBLECHANCE_12;ODDS_DOUBLECHANCE_X2;ODDS_1ST_HALF_RESULT_1;ODDS_1ST_HALF_RESULT_X;ODDS_1ST_HALF_RESULT_2;ODDS_2ND_HALF_RESULT_1;ODDS_2ND_HALF_RESULT_X;ODDS_2ND_HALF_RESULT_2;ODDS_DNB_1;ODDS_DNB_2;ODDS_CORNERS_OVER_75;ODDS_CORNERS_OVER_85;ODDS_CORNERS_OVER_95;ODDS_CORNERS_OVER_105;ODDS_CORNERS_OVER_115;ODDS_CORNERS_UNDER_75;ODDS_CORNERS_UNDER_85;ODDS_CORNERS_UNDER_95;ODDS_CORNERS_UNDER_105;ODDS_CORNERS_UNDER_115;ODDS_CORNERS_1;ODDS_CORNERS_X;ODDS_CORNERS_2;ODDS_TEAM_TO_SCORE_FIRST_1;ODDS_TEAM_TO_SCORE_FIRST_X;ODDS_TEAM_TO_SCORE_FIRST_2;ODDS_WIN_TO_NIL_1;ODDS_WIN_TO_NIL_2;ODDS_1ST_HALF_OVER05;ODDS_1ST_HALF_OVER15;ODDS_1ST_HALF_OVER25;ODDS_1ST_HALF_OVER35;ODDS_1ST_HALF_UNDER05;ODDS_1ST_HALF_UNDER15;ODDS_1ST_HALF_UNDER25;ODDS_1ST_HALF_UNDER35;ODDS_2ND_HALF_OVER05;ODDS_2ND_HALF_OVER15;ODDS_2ND_HALF_OVER25;ODDS_2ND_HALF_OVER35;ODDS_2ND_HALF_UNDER05;ODDS_2ND_HALF_UNDER15;ODDS_2ND_HALF_UNDER25;ODDS_2ND_HALF_UNDER35;ODDS_BTTS_1ST_HALF_YES;ODDS_BTTS_1ST_HALF_NO;ODDS_BTTS_2ND_HALF_YES;ODDS_BTTS_2ND_HALF_NO;OVERALLGOALCOUNT;HT_GOALS_TEAM_A;HT_GOALS_TEAM_B;GOALS_2HG_TEAM_A;GOALS_2HG_TEAM_B;GOALCOUNT_2HG;HTGOALCOUNT;DATE_UNIX;WINNINGTEAM;NO_HOME_AWAY;BTTS_POTENTIAL;BTTS_FHG_POTENTIAL;BTTS_2HG_POTENTIAL;GOALTIMINGDISABLED;CORNER_TIMINGS_RECORDED;CARD_TIMINGS_RECORDED;TEAM_A_FH_CORNERS;TEAM_B_FH_CORNERS;TEAM_A_2H_CORNERS;TEAM_B_2H_CORNERS;CORNER_FH_COUNT;CORNER_2H_COUNT;TEAM_A_FH_CARDS;TEAM_B_FH_CARDS;TEAM_A_2H_CARDS;TEAM_B_2H_CARDS;TOTAL_FH_CARDS;TOTAL_2H_CARDS;ATTACKS_RECORDED;TEAM_A_DANGEROUS_ATTACKS;TEAM_B_DANGEROUS_ATTACKS;TEAM_A_ATTACKS;TEAM_B_ATTACKS;TEAM_A_XG;TEAM_B_XG;TOTAL_XG;TEAM_A_PENALTIES_WON;TEAM_B_PENALTIES_WON;TEAM_A_PENALTY_GOALS;TEAM_B_PENALTY_GOALS;TEAM_A_PENALTY_MISSED;TEAM_B_PENALTY_MISSED;PENS_RECORDED;GOAL_TIMINGS_RECORDED;TEAM_A_0_10_MIN_GOALS;TEAM_B_0_10_MIN_GOALS;TEAM_A_CORNERS_0_10_MIN;TEAM_B_CORNERS_0_10_MIN;TEAM_A_CARDS_0_10_MIN;TEAM_B_CARDS_0_10_MIN;THROWINS_RECORDED;TEAM_A_THROWINS;TEAM_B_THROWINS;FREEKICKS_RECORDED;TEAM_A_FREEKICKS;TEAM_B_FREEKICKS;GOALKICKS_RECORDED;TEAM_A_GOALKICKS;TEAM_B_GOALKICKS;O45_POTENTIAL;O35_POTENTIAL;O25_POTENTIAL;O15_POTENTIAL;O05_POTENTIAL;O15HT_POTENTIAL;O05HT_POTENTIAL;O05_2H_POTENTIAL;O15_2H_POTENTIAL;CORNERS_POTENTIAL;OFFSIDES_POTENTIAL;CARDS_POTENTIAL;AVG_POTENTIAL;HOME_NAME;AWAY_NAME;HOME_PPG;AWAY_PPG;PRE_MATCH_HOME_PPG;PRE_MATCH_AWAY_PPG;PRE_MATCH_TEAMA_OVERALL_PPG;PRE_MATCH_TEAMB_OVERALL_PPG;U45_POTENTIAL;U35_POTENTIAL;U25_POTENTIAL;U15_POTENTIAL;U05_POTENTIAL;CORNERS_O85_POTENTIAL;CORNERS_O95_POTENTIAL;CORNERS_O105_POTENTIAL;TEAM_A_XG_PREMATCH;TEAM_B_XG_PREMATCH;TOTAL_XG_PREMATCH;COMPETITION_ID;MATCHES_COMPLETED_MINIMUM;OVER05;OVER15;OVER25;OVER35;OVER45;OVER55;BTTS
2340641;1882;1860;2019/2020;complete;90431;1;-1;87;14;1;1;2;11;5;16;-1;-1;3;3;0;0;7;7;4;8;11;15;-1;-1;60;40;3;3;1.11;4;5.5;0;0;1.85;0;0;0;0;1.95;0;0;1.95;1.75;0;0;0;0;1.08;1.2;2.5;2.05;2.3;5.5;1.87;2.5;5.4;0;0;1.29;1.53;1.95;2.5;3.7;3.2;2.3;1.73;1.44;1.22;0;0;0;0;0;0;2.25;10;0;0;0;0;0;0;0;0;0;0;0;0;0;0;0;0;0;0;0;0;2;0;1;1;0;1;1;2019-08-16 15:30:00;-1;0;0;0;0;0;1;1;3;2;8;3;5;11;1;1;2;2;2;4;1;90;67;93;92;1.83;1.92;3.75;0;0;0;0;0;0;1;1;0;0;1;0;0;0;-1;-1;-1;-1;-1;-1;-1;-1;-1;0;0;0;0;0;0;0;0;0;0;0;0;0;Sesvete;Cibalia;1.67;0.4;0;0;0;0;0;0;0;0;0;0;0;0;0;0;0;2617;19;Y;Y;N;N;N;N;Y
2340642;10668;671523;2019/2020;complete;90431;1;-1;62;85;1;1;2;8;3;11;-1;-1;2;2;0;0;11;8;8;4;19;12;-1;-1;56;44;2;2;1.85;3.4;3.75;0;0;2.15;0;0;0;0;1.67;0;0;0;0;0;0;0;0;1.22;1.29;1.8;2.6;2.05;4.33;0;0;0;0;0;0;0;0;0;0;0;0;0;0;0;0;0;0;0;0;0;0;0;0;0;0;0;0;0;0;0;0;0;0;0;0;0;0;0;0;0;0;0;2;0;0;1;1;2;0;2019-08-16 18:00:00;-1;0;0;0;0;0;1;1;4;2;4;1;6;5;0;1;2;1;1;3;1;105;48;179;122;2.74;1.68;4.41;0;0;0;0;0;0;1;1;0;0;0;0;0;0;-1;-1;-1;-1;-1;-1;-1;-1;-1;0;0;0;0;0;0;0;0;0;0;0;0;0;Međimurje Čakovec;Orijent 1919;1.2;2;0;0;0;0;0;0;0;0;0;0;0;0;0;0;0;2617;19;Y;Y;N;N;N;N;Y
2340643;1880;1878;2019/2020;complete;90431;1;-1;2,21,41;10,71;3;2;5;4;7;11;-1;-1;1;3;0;0;5;6;10;5;15;11;-1;-1;35;65;1;3;1.36;3.2;2.88;0;0;2.2;0;0;0;0;1.65;0;0;1.95;1.75;0;0;0;0;1.22;1.33;1.73;2.5;2.05;4.5;2.39;2.2;4;0;0;0;0;0;0;0;0;0;0;0;0;0;0;0;0;0;0;3;6;0;0;0;0;0;0;0;0;0;0;0;0;0;0;0;0;0;0;0;0;5;3;1;0;1;1;4;2019-08-17 17:00:00;1880;0;0;0;0;0;1;1;3;5;1;2;8;3;0;1;1;2;1;3;1;64;75;104;112;1.76;1.66;3.42;0;0;0;0;0;0;1;1;1;1;0;0;0;0;-1;-1;-1;-1;-1;-1;-1;-1;-1;0;0;0;0;0;0;0;0;0;0;0;0;0;Šibenik;Hajduk Split II;2.5;1.45;0;0;0;0;0;0;0;0;0;0;0;0;0;0;0;2617;19;Y;Y;Y;Y;Y;N;Y
2340644;1877;1871;2019/2020;complete;90431;1;-1;6,64;56;2;1;3;3;4;7;-1;-1;1;3;0;0;6;5;4;3;10;8;-1;-1;50;50;1;3;1.45;3.2;2.55;0;0;2.15;0;0;0;0;1.67;0;0;1.85;1.85;0;0;0;0;1.22;1.33;1.73;2.6;2.05;4.33;0;0;0;0;0;0;1.72;0;0;0;0;2.01;0;0;0;0;0;0;0;0;0;0;0;0;0;0;0;0;0;0;0;0;0;0;0;0;0;0;0;0;0;0;0;3;1;0;1;1;2;1;2019-08-17 15:30:00;1877;0;0;0;0;0;1;1;0;2;3;2;2;5;0;2;1;1;2;2;1;52;55;137;132;1.45;1.27;2.72;0;0;0;0;0;0;1;1;1;0;0;0;0;0;-1;-1;-1;-1;-1;-1;-1;-1;-1;0;0;0;0;0;0;0;0;0;0;0;0;0;Solin;Hrvatski Dragovoljac;1.78;0.6;0;0;0;0;0;0;0;0;0;0;0;0;0;0;0;2617;19;Y;Y;Y;N;N;N;Y
2340645;1873;1879;2019/2020;complete;90431;1;-1;35,72;15,17,56;2;3;5;3;4;7;-1;-1;2;5;0;0;5;4;3;5;8;9;-1;-1;54;46;2;5;1.5;3;2.4;0;0;2.15;0;0;0;0;1.67;0;0;1.95;1.75;0;0;0;0;1.36;1.36;1.57;2.88;2.05;3.75;0;0;0;0;0;0;1.72;0;0;0;0;2.01;0;0;0;0;0;0;0;0;0;0;0;0;0;0;0;0;0;0;0;0;0;0;0;0;0;0;0;0;0;0;0;5;1;2;1;1;2;3;2019-08-17 15:30:00;1879;0;0;0;0;0;1;1;3;2;0;2;5;2;1;1;1;4;2;5;1;69;68;123;110;1.37;1.35;2.71;0;0;0;0;0;0;1;1;0;0;2;0;1;0;-1;-1;-1;-1;-1;-1;-1;-1;-1;0;0;0;0;0;0;0;0;0;0;0;0;0;Kustošija;Dugopolje;1.2;1.11;0;0;0;0;0;0;0;0;0;0;0;0;0;0;0;2617;19;Y;Y;Y;Y;Y;N;Y
2340646;1876;10667;2019/2020;complete;90431;1;-1;30;5;1;1;2;-1;-1;-1;-1;-1;2;4;0;0;-1;-1;-1;-1;-1;-1;-1;-1;-1;-1;2;4;1.3;3.3;3.2;1.05;1.33;2.1;4;8;8;3;1.65;1.2;1.05;1.91;1.8;0;0;0;0;1.2;1.29;1.91;2.44;2.08;4.55;2.22;2.3;4.3;0;0;0;1.88;0;0;0;0;1.93;0;0;0;0;0;0;1.57;8.5;2.8;2.8;7;0;0;0;0;0;0;0;0;0;0;0;0;0;0;0;0;0;0;0;0;2;1;1;0;0;0;2;2019-08-18 15:30:00;-1;0;0;0;0;0;-1;1;-1;-1;-1;-1;-1;-1;1;2;1;2;3;3;-1;0;0;0;0;0;0;0;0;0;0;0;0;0;1;1;0;1;-1;-1;0;0;-1;-1;-1;-1;-1;-1;-1;-1;-1;0;0;0;0;0;0;0;0;0;0;0;0;0;Dinamo Zagreb II;Osijek II;2.1;1.4;0;0;0;0;0;0;0;0;0;0;0;0;0;0;0;2617;19;Y;Y;N;N;N;N;Y
2340647;10669;1858;2019/2020;complete;90431;1;-1;;28,75;0;2;2;4;4;8;-1;-1;2;3;0;0;7;8;6;8;13;16;-1;-1;61;39;2;3;1.8;3.2;1.91;0;0;2.15;0;0;0;0;1.67;0;0;1.85;1.85;0;0;0;0;1.4;1.36;1.53;3.1;2.05;3.25;2.92;2.2;3.11;0;0;0;1.67;0;0;0;0;2.1;0;0;0;0;0;0;0;0;0;4;4.4;0;0;0;0;0;0;0;0;0;0;0;0;0;0;0;0;0;0;0;0;2;0;1;0;1;1;1;2019-08-18 15:30:00;1858;0;0;0;0;0;1;1;2;1;2;3;3;5;0;1;2;2;1;4;1;75;51;153;136;1.87;1.95;3.82;0;0;0;0;0;0;1;1;0;0;0;0;0;0;-1;-1;-1;-1;-1;-1;-1;-1;-1;0;0;0;0;0;0;0;0;0;0;0;0;0;Bijelo Brdo;Rudeš;1.4;1.2;0;0;0;0;0;0;0;0;0;0;0;0;0;0;0;2617;19;Y;Y;N;N;N;N;N
2340648;671524;671525;2019/2020;complete;90431;1;-1;34,77;;2;0;2;4;4;8;-1;-1;2;3;0;0;3;3;2;1;5;4;-1;-1;49;51;2;3;1.57;3.3;2.25;0;0;2.1;0;0;0;0;1.7;0;0;1.75;1.95;0;0;0;0;1.2;1.3;1.83;2.5;2.1;4.5;2.52;2.25;3.6;0;0;0;1.85;0;0;0;0;1.95;0;0;0;0;0;0;0;0;0;3.5;5.5;0;0;0;0;0;0;0;0;0;0;0;0;0;0;0;0;0;0;0;0;2;1;0;1;0;1;1;2019-08-18 15:30:00;671524;0;0;0;0;0;1;1;3;3;1;1;6;2;1;1;1;2;2;3;1;33;27;64;44;0.77;0.66;1.43;1;0;1;0;0;0;1;1;0;0;0;0;0;0;-1;-1;-1;-1;-1;-1;-1;-1;-1;0;0;0;0;0;0;0;0;0;0;0;0;0;Croatia Zmijavci;Dubrava Zagreb;2.4;1.44;0;0;0;0;0;0;0;0;0;0;0;0;0;0;0;2617;19;Y;Y;N;N;N;N;N
2340649;1871;10668;2019/2020;complete;90431;2;-1;2,56;29,39;2;2;4;8;5;13;-1;-1;1;5;0;0;7;5;3;4;10;9;-1;-1;56;44;1;5;1.75;3.5;1.95;0;0;2.1;0;0;0;0;1.7;0;0;1.75;1.95;0;0;0;0;1.44;1.29;1.57;3;2.1;3.4;3;2.2;3;0;0;1.36;1.7;2.2;3.1;4.5;2.8;2;1.57;1.3;1.15;0;0;0;0;0;0;4.5;3.9;0;0;0;0;0;0;0;0;0;0;0;0;0;0;0;0;0;0;0;0;4;1;2;1;0;1;3;2019-08-23 15:30:00;-1;0;0;0;0;0;1;1;5;2;3;3;7;6;0;0;1;5;0;6;1;72;46;102;101;1.64;1.26;2.9;0;0;0;0;0;0;1;1;1;0;1;0;0;0;-1;-1;-1;-1;-1;-1;-1;-1;-1;0;0;0;0;0;0;0;0;0;0;0;0;0;Hrvatski Dragovoljac;Međimurje Čakovec;2.22;1.22;0;0;0;1;0;0;0;0;0;0;0;0;0;0;0;2617;19;Y;Y;Y;Y;N;N;Y
2340650;1882;1877;2019/2020;complete;90431;2;-1;43;4;1;1;2;17;1;18;-1;-1;-1;-1;-1;-1;11;4;19;6;30;10;-1;-1;65;35;-1;-1;1.2;3.5;4;0;0;2.1;0;0;0;0;1.7;0;0;2;1.73;0;0;0;0;1.1;1.25;2.25;2.2;2.1;5.5;2.05;2.3;5;0;0;1.36;1.7;2.2;3.1;4.33;2.8;2;1.57;1.3;1.17;0;0;0;0;0;0;2.5;8;0;0;0;0;0;0;0;0;0;0;0;0;0;0;0;0;0;0;0;0;2;1;1;0;0;0;2;2019-08-23 15:30:00;-1;0;50;0;0;0;1;-1;7;0;10;1;7;11;-1;-1;-1;-1;-1;-1;1;114;45;165;106;3.48;1.25;4.72;-1;-1;-1;-1;-1;-1;-1;1;0;1;0;0;-1;-1;-1;-1;-1;-1;-1;-1;-1;-1;-1;0;0;0;50;50;0;50;50;0;11;0;3;1;Sesvete;Solin;1.67;0.3;1;0;1;3;50;50;50;0;0;50;50;50;1.83;0;1.83;2617;19;Y;Y;N;N;N;N;Y
2340651;671523;1876;2019/2020;complete;90431;2;-1;33,90;53,77;2;2;4;3;7;10;-1;-1;2;1;0;0;4;3;4;10;8;13;-1;-1;36;64;2;1;3.75;3.4;1.91;0;0;2.1;0;0;0;0;1.7;0;0;0;0;0;0;0;0;1.8;1.29;1.22;4.33;2.05;2.6;0;0;0;0;0;0;0;0;0;0;0;0;0;0;0;0;0;0;0;0;0;0;0;0;0;0;0;0;0;0;0;0;0;0;0;0;0;0;0;0;0;0;0;4;1;0;1;2;3;1;2019-08-24 15:00:00;-1;0;0;0;0;0;1;1;0;3;3;4;3;7;1;0;1;1;1;2;1;28;56;96;125;1;1.45;2.45;0;1;0;1;0;0;1;1;0;0;0;0;0;0;-1;-1;-1;-1;-1;-1;-1;-1;-1;0;0;0;0;0;0;0;0;0;0;0;0;0;Orijent 1919;Dinamo Zagreb II;1.5;0.56;0;0;1;1;0;0;0;0;0;0;0;0;0;0;0;2617;19;Y;Y;Y;Y;N;N;Y
2340652;1860;671525;2019/2020;complete;90431;2;-1;24,64,81;30;3;1;4;5;5;10;-1;-1;3;5;0;0;11;5;1;9;12;14;-1;-1;40;60;3;5;1.57;3.1;2.25;0;0;2.15;0;0;0;0;1.67;0;0;1.85;1.85;0;0;0;0;1.36;1.36;1.62;2.88;2.05;3.6;2.72;2.15;3.5;0;0;0;0;0;0;0;0;0;0;0;0;0;0;0;0;0;0;3.6;5;0;0;0;0;0;0;0;0;0;0;0;0;0;0;0;0;0;0;0;0;4;1;1;2;0;2;2;2019-08-24 15:30:00;1860;0;0;0;0;0;1;1;1;3;4;2;4;6;2;1;1;4;3;5;1;20;30;46;65;1.67;1.45;3.12;0;0;0;0;0;0;1;1;0;0;0;1;0;0;-1;-1;-1;-1;-1;-1;-1;-1;-1;0;0;0;50;50;0;50;50;0;4;0;3;1;Cibalia;Dubrava Zagreb;1;1.44;0;0;1;0;50;50;50;0;0;0;0;0;0;0.66;0.66;2617;19;Y;Y;Y;Y;N;N;Y
2340653;1879;671524;2019/2020;complete;90431;2;-1;;18,74;0;2;2;6;1;7;-1;-1;-1;-1;-1;-1;9;4;13;5;22;9;-1;-1;53;47;-1;-1;1.25;3.5;3.6;0;0;2.2;0;0;0;0;1.65;0;0;2;1.73;0;0;0;0;1.12;1.25;2.1;2.3;2.1;5;2.12;2.25;4.94;0;0;0;0;0;0;0;0;0;0;0;0;0;0;0;0;0;0;2.5;7.5;0;0;0;0;0;0;0;0;0;0;0;0;0;0;0;0;0;0;0;0;2;0;1;0;1;1;1;2019-08-24 15:30:00;671524;0;0;0;0;0;1;-1;2;0;4;1;2;5;-1;-1;-1;-1;-1;-1;1;41;30;92;66;2.31;1.07;3.38;-1;-1;-1;-1;-1;-1;-1;1;0;0;1;0;-1;-1;-1;-1;-1;-1;-1;-1;-1;-1;-1;0;0;0;0;0;0;0;0;0;0;0;0;0;Dugopolje;Croatia Zmijavci;1.5;1;0;0;3;3;0;0;0;0;0;0;0;0;0;0;0;2617;19;Y;Y;N;N;N;N;N
2340654;1878;1873;2019/2020;complete;90431;2;-1;20,45,54,90;;4;0;4;3;4;7;-1;-1;-1;-1;-1;-1;8;2;6;2;14;4;-1;-1;66;34;-1;-1;1.08;4.5;6.5;0;0;2;0;0;0;0;1.8;0;0;2.2;1.6;0;0;0;0;1.05;1.14;3;1.91;2.3;6.5;1.77;2.5;6.35;0;0;0;1.73;0;0;0;0;2;0;0;0;0;0;0;0;0;0;2;12;0;0;0;0;0;0;0;0;0;0;0;0;0;0;0;0;0;0;0;0;4;2;0;2;0;2;2;2019-08-25 15:30:00;1878;0;0;0;0;0;1;-1;3;4;0;0;7;0;-1;-1;-1;-1;-1;-1;1;36;17;70;48;1.7;0.52;2.22;0;0;0;0;0;0;1;1;0;0;0;1;-1;-1;-1;-1;-1;-1;-1;-1;-1;-1;-1;0;0;0;0;0;0;0;0;0;0;0;0;0;Hajduk Split II;Kustošija;1.38;1.22;0;0;0;0;0;0;0;0;0;0;0;0;0;0;0;2617;19;Y;Y;Y;Y;N;N;N
2340655;1858;1880;2019/2020;complete;90431;2;-1;;6;0;1;1;3;3;6;-1;-1;-1;-1;-1;-1;3;7;3;9;6;16;-1;-1;54;46;-1;-1;1.5;3.3;2.4;0;0;2.25;0;0;0;0;1.62;0;0;1.95;1.75;0;0;0;0;1.29;1.3;1.67;2.75;2;4;2.52;2.15;3.9;0;0;0;0;1.98;0;0;0;0;1.83;0;0;0;0;0;0;0;0;3.2;5.5;0;0;0;0;0;0;0;0;0;0;0;0;0;0;0;0;0;0;0;0;1;0;1;0;0;0;1;2019-08-25 15:30:00;1880;0;0;0;0;0;1;-1;0;1;3;2;1;5;-1;-1;-1;-1;-1;-1;1;48;48;96;86;0.95;1.84;2.79;0;0;0;0;0;0;1;1;0;1;0;1;-1;-1;-1;-1;-1;-1;-1;-1;-1;-1;-1;0;0;0;0;0;0;0;0;0;0;0;0;0;Rudeš;Šibenik;1.89;1.78;0;0;3;3;0;0;0;0;0;0;0;0;0;0;0;2617;19;Y;N;N;N;N;N;N
2340656;10667;10669;2019/2020;complete;90431;2;-1;12,21,27,30,59,69;;6;0;6;7;3;10;-1;-1;-1;-1;-1;-1;15;2;7;7;22;9;-1;-1;59;41;-1;-1;1.14;3.7;4.8;0;0;2.15;0;0;0;0;1.67;0;0;2.2;1.6;0;0;0;0;1.08;1.25;2.5;2.05;2.2;6.5;1.97;2.3;5.45;0;0;0;0;0;0;0;0;0;0;0;0;0;0;0;0;0;0;2.25;9;0;0;0;0;0;0;0;0;0;0;0;0;0;0;0;0;0;0;0;0;6;4;0;2;0;2;4;2019-08-26 15:30:00;10667;0;0;0;0;0;1;-1;1;2;6;1;3;7;-1;-1;-1;-1;-1;-1;1;83;47;161;127;3.04;1.07;4.11;0;0;0;0;0;0;1;1;0;0;0;1;-1;-1;-1;-1;-1;-1;-1;-1;-1;-1;-1;0;0;0;0;0;0;0;0;0;0;0;0;0;Osijek II;Bijelo Brdo;1.33;0.89;0;0;1;0;0;0;0;0;0;0;0;0;0;0;0;2617;19;Y;Y;Y;Y;Y;Y;N
2340657;671525;1879;2019/2020;complete;90431;3;-1;2,20;53,72;2;2;4;1;5;6;-1;-1;2;3;1;0;3;5;4;6;7;11;-1;-1;45;55;3;3;1.5;3.1;2.4;0;0;2.25;0;0;0;0;1.62;0;0;1.95;1.75;0;0;0;0;1.3;1.33;1.62;2.88;2;3.75;2.62;2.15;3.7;0;0;0;0;0;0;0;0;0;0;0;0;0;0;0;0;0;0;3.5;4.8;0;0;0;0;0;0;0;0;0;0;0;0;0;0;0;0;0;0;0;0;4;2;0;0;2;2;2;2019-08-30 15:00:00;-1;0;50;50;50;0;1;1;0;4;1;1;4;2;2;1;1;2;3;3;1;35;79;91;111;0.92;1.62;2.53;2;0;2;0;0;0;1;1;1;0;0;3;0;0;-1;-1;-1;-1;-1;-1;-1;-1;-1;50;50;50;50;50;50;50;50;50;4;0;5;2.5;Dubrava Zagreb;Dugopolje;1;1.11;0;3;0;1.5;0;0;0;0;0;0;0;0;0;1.35;1.35;2617;19;Y;Y;Y;Y;N;N;Y
2340658;10668;1882;2019/2020;complete;90431;3;-1;27;48,54;1;2;3;5;0;5;-1;-1;3;1;0;0;5;3;6;0;11;3;-1;-1;52;48;3;1;1.8;3;1.91;0;0;2.15;0;0;0;0;1.67;0;0;1.8;1.91;0;0;0;0;1.36;1.33;1.5;3.1;2.05;3.4;3.02;2.15;3.1;0;0;0;1.73;0;0;0;0;2;0;0;0;0;0;0;0;0;0;3.9;4.6;0;0;0;0;0;0;0;0;0;0;0;0;0;0;0;0;0;0;0;0;3;1;0;0;2;2;1;2019-08-31 18:00:00;1882;0;50;0;50;0;-1;1;-1;-1;-1;-1;-1;-1;1;0;2;1;1;3;1;32;34;57;51;1.27;0.65;1.92;0;1;0;1;0;0;1;1;0;0;-1;-1;0;0;-1;-1;-1;-1;-1;-1;-1;-1;-1;0;0;0;50;50;0;0;50;50;8;0;2;1;Međimurje Čakovec;Sesvete;1.2;1.4;1;0;1;1;50;50;50;0;0;50;50;50;2.74;0;2.74;2617;19;Y;Y;Y;N;N;N;Y
2340659;1877;1860;2019/2020;complete;90431;3;-1;58,85;50,55;2;2;4;-1;-1;-1;-1;-1;2;3;0;1;-1;-1;-1;-1;-1;-1;-1;-1;-1;-1;2;4;1.36;3.25;2.88;1.05;1.36;2.2;4;8;7.5;2.88;1.6;1.2;1.05;1.95;1.75;0;0;0;0;1.22;1.3;1.83;2.7;1.91;4.33;2.38;2.15;4.2;0;0;0;0;0;0;0;0;0;0;0;0;0;0;0;1.62;7.5;2.7;2.9;6.5;0;0;0;0;0;0;0;0;0;0;0;0;0;0;0;0;0;0;0;0;4;0;0;2;2;4;0;2019-08-31 14:00:00;-1;0;100;0;50;0;-1;1;-1;-1;-1;-1;-1;-1;1;2;1;2;3;3;-1;0;0;0;0;0;0;0;0;0;0;0;0;0;1;1;0;0;-1;-1;0;0;-1;-1;-1;-1;-1;-1;-1;-1;-1;0;0;50;100;100;0;100;100;50;8;0;4;2.5;Solin;Cibalia;1.78;0.4;3;1;2;2;100;100;50;0;0;50;50;50;1.45;1.92;3.37;2617;19;Y;Y;Y;Y;N;N;Y
2340660;1880;10667;2019/2020;complete;90431;3;-1;28,83;49;2;1;3;5;0;5;-1;-1;3;4;0;0;8;4;15;4;23;8;-1;-1;48;52;3;4;1.29;3.6;3.3;0;0;2.08;0;0;0;0;1.73;0;0;1.91;1.8;0;0;0;0;1.17;1.25;2;2.32;2.11;4.85;2.1;2.3;4.6;0;0;0;1.85;0;0;0;0;1.95;0;0;0;0;0;0;1.53;8.5;2.88;2.62;7.5;0;0;0;0;0;0;0;0;0;0;0;0;0;0;0;0;0;0;0;0;3;1;0;1;1;2;1;2019-08-31 17:00:00;1880;0;100;100;0;0;-1;1;-1;-1;-1;-1;-1;-1;1;2;2;2;3;4;1;46;24;92;73;2.34;0.97;3.3;1;0;1;0;0;0;1;1;0;0;-1;-1;0;0;-1;-1;-1;-1;-1;-1;-1;-1;-1;50;50;50;100;100;100;100;50;0;4;0;5;3.5;Šibenik;Osijek II;2.5;1.4;3;1;3;2;50;50;50;0;0;50;50;50;1.76;0;1.76;2617;19;Y;Y;Y;N;N;N;Y
2340661;1873;1858;2019/2020;complete;90431;3;-1;;64,71;0;2;2;9;3;12;-1;-1;-1;-1;-1;-1;6;6;6;6;12;12;-1;-1;46;54;-1;-1;2.4;3.2;1.5;0;0;2.25;0;0;0;0;1.62;0;0;1.91;1.8;0;0;0;0;1.67;1.36;1.33;4;2;2.75;3.8;2.15;2.5;0;0;0;0;0;0;0;0;0;0;0;0;0;0;0;0;0;0;5.5;3.2;0;0;0;0;0;0;0;0;0;0;0;0;0;0;0;0;0;0;0;0;2;0;0;0;2;2;0;2019-08-31 14:00:00;1858;0;50;50;50;0;1;-1;0;2;9;1;2;10;-1;-1;-1;-1;-1;-1;1;32;38;70;95;1.41;1.46;2.87;0;0;0;0;0;0;1;1;0;0;0;0;-1;-1;-1;-1;-1;-1;-1;-1;-1;-1;-1;50;50;50;100;100;50;100;100;50;7;0;5;3.5;Kustošija;Rudeš;1.2;1.2;0;3;0;1.5;50;50;50;0;0;0;0;0;1.37;1.95;3.32;2617;19;Y;Y;N;N;N;N;N
2340662;1876;1871;2019/2020;complete;90431;3;-1;18;;1;0;1;4;4;8;-1;-1;-1;-1;-1;-1;4;5;2;3;6;8;-1;-1;55;45;-1;-1;1.25;3.5;3.6;0;0;2.1;0;0;0;0;1.7;0;0;1.91;1.8;0;0;0;0;1.14;1.29;2.2;2.3;2.1;5;2.1;2.25;4.8;0;0;0;1.73;0;0;0;0;2;0;0;0;0;0;0;0;0;0;2.5;8;0;0;0;0;0;0;0;0;0;0;0;0;0;0;0;0;0;0;0;0;1;1;0;0;0;0;1;2019-09-01 15:00:00;1876;0;100;50;50;0;1;-1;1;4;3;0;5;3;-1;-1;-1;-1;-1;-1;1;51;55;110;83;1.04;1.26;2.3;-1;-1;-1;-1;-1;-1;-1;1;0;0;0;1;-1;-1;-1;-1;-1;-1;-1;-1;-1;-1;-1;0;0;50;100;100;50;100;50;50;4;0;5;2.5;Dinamo Zagreb II;Hrvatski Dragovoljac;2.1;0.6;1;0;1;0.5;100;100;50;0;0;0;0;0;0;1.27;1.27;2617;19;Y;N;N;N;N;N;N
2340663;10669;671523;2019/2020;complete;90431;3;-1;43,59,79;;3;0;3;6;4;10;-1;-1;2;1;0;0;6;5;5;5;11;10;-1;-1;50;50;2;1;2.05;3.4;3.2;0;0;2;0;0;0;0;1.8;0;0;0;0;0;0;0;0;1.36;1.3;1.73;2.75;2.1;3.6;0;0;0;0;0;0;0;0;0;0;0;0;0;0;0;0;0;0;0;0;0;0;0;0;0;0;0;0;0;0;0;0;0;0;0;0;0;0;0;0;0;0;0;3;1;0;2;0;2;1;2019-09-01 15:00:00;10669;0;50;0;50;0;1;1;5;4;1;0;9;1;0;0;2;1;0;3;1;73;63;106;104;1.64;1.44;3.09;0;0;0;0;0;0;1;1;0;0;5;0;0;0;-1;-1;-1;-1;-1;-1;-1;-1;-1;0;0;0;100;100;0;50;100;50;7;0;4;2;Bijelo Brdo;Orijent 1919;1.4;2;0;1;0;1;100;100;100;0;0;50;50;50;1.87;1.68;3.55;2617;19;Y;Y;Y;N;N;N;N
2340664;671524;1878;2019/2020;complete;90431;3;-1;;78;0;1;1;4;3;7;-1;-1;2;4;0;0;2;3;10;6;12;9;-1;-1;45;55;2;4;1.91;3.2;1.8;0;0;1.73;0;0;0;0;2.08;0;0;1.5;2.4;0;0;0;0;1.53;1.36;1.44;3;2.3;3;3;2.3;2.8;0;0;0;1.73;0;0;0;0;2;0;0;0;0;0;0;0;0;0;5;4.5;0;0;0;0;0;0;0;0;0;0;0;0;0;0;0;0;0;0;0;0;1;0;0;0;1;1;0;2019-09-01 15:00:00;1878;0;50;50;0;0;1;1;2;0;2;3;2;5;0;1;2;3;1;5;1;58;56;99;107;1.32;1.19;2.51;0;0;0;0;0;0;1;1;0;0;1;0;0;0;-1;-1;-1;-1;-1;-1;-1;-1;-1;50;50;50;100;100;50;100;100;0;11;0;5;3.5;Croatia Zmijavci;Hajduk Split II;2.4;1.45;3;0;3;1.5;50;50;50;0;0;50;50;50;0.77;1.66;2.43;2617;19;Y;N;N;N;N;N;N
2340665;1871;10669;2019/2020;complete;90431;4;-1;14,51,62;;3;0;3;2;2;4;-1;-1;2;1;0;0;8;2;2;10;10;12;-1;-1;39;61;2;1;1.22;3.6;4;0;0;1.95;0;0;0;0;1.85;0;0;1.91;1.8;0;0;0;0;1.11;1.25;2.25;2.1;2.2;5;1.97;2.4;5.45;0;0;0;1.73;0;0;0;0;2;0;0;0;0;0;0;1.44;9;3.25;2.6;9.5;0;0;0;0;0;0;0;0;0;0;0;0;0;0;0;0;0;0;0;0;3;1;0;2;0;2;1;2019-09-13 14:00:00;1871;0;50;50;0;0;1;1;1;2;1;0;3;1;0;1;2;0;1;2;1;52;76;95;138;1.57;1.46;3.03;0;0;0;0;0;0;1;1;0;0;0;1;0;0;-1;-1;-1;-1;-1;-1;-1;-1;-1;50;100;100;100;100;100;100;100;50;11;0;1;5;Hrvatski Dragovoljac;Bijelo Brdo;2.22;0.89;1;0;0.33;1;50;0;0;0;0;100;100;50;1.64;1.07;2.71;2617;19;Y;Y;Y;N;N;N;N
2340666;1882;1876;2019/2020;complete;90431;4;-1;20,30,67;;3;0;3;1;4;5;-1;-1;3;1;0;0;11;3;6;6;17;9;-1;-1;50;50;3;1;2.1;3.1;3.2;0;0;2.1;0;0;0;0;1.7;0;0;0;0;0;0;0;0;1.33;1.33;1.62;2.75;2.05;3.75;0;0;0;0;0;0;0;0;0;0;0;0;0;0;0;0;0;0;0;0;0;0;0;0;0;0;0;0;0;0;0;0;0;0;0;0;0;0;0;0;0;0;0;3;2;0;1;0;1;2;2019-09-13 14:30:00;1882;0;100;25;50;0;1;1;1;2;0;2;3;2;1;0;2;1;1;3;1;41;70;102;133;2.14;1.3;3.44;0;0;0;0;0;0;1;1;0;0;0;0;0;0;-1;-1;-1;-1;-1;-1;-1;-1;-1;0;50;50;100;100;25;100;75;50;21;0;4;3;Sesvete;Dinamo Zagreb II;1.67;0.56;1;1;1.67;1.67;100;50;50;0;0;100;100;50;2.65;1.45;4.1;2617;19;Y;Y;Y;N;N;N;N
2340667;1860;1879;2019/2020;complete;90431;4;-1;;18,26,32;0;3;3;8;2;10;-1;-1;3;2;0;0;4;8;8;5;12;13;-1;-1;53;47;3;2;1.5;3.25;2.5;0;0;1.9;0;0;0;0;1.9;0;0;1.65;2.1;0;0;0;0;1.3;1.3;1.67;2.63;2.2;3.75;2.45;2.45;3.25;0;0;0;0;0;0;0;0;0;0;0;0;0;0;0;1.67;9.5;2.4;3.75;5.5;0;0;0;0;0;0;0;0;0;0;0;0;0;0;0;0;0;0;0;0;3;0;3;0;0;0;3;2019-09-14 14:30:00;1879;0;100;75;25;0;1;1;2;2;6;0;4;6;2;1;1;1;3;2;1;27;23;42;38;1.23;1.54;2.76;0;0;0;0;0;0;1;1;0;0;0;0;1;0;-1;-1;-1;-1;-1;-1;-1;-1;-1;25;100;100;100;100;100;100;100;100;9.5;0;7;4.25;Cibalia;Dugopolje;1;1.11;3;2;1.67;1.33;75;0;0;0;0;50;50;0;1.67;1.48;3.15;2617;19;Y;Y;Y;N;N;N;N
2340668;671523;1880;2019/2020;complete;90431;4;-1;25;;1;0;1;3;7;10;-1;-1;6;1;0;0;4;6;3;10;7;16;-1;-1;36;64;6;1;2.5;3.25;1.5;0;0;1.9;0;0;0;0;1.9;0;0;1.65;2.1;0;0;0;0;1.67;1.3;1.3;3.75;2.2;2.63;3.2;2.45;2.5;0;0;0;0;0;0;0;0;0;0;0;0;0;0;0;2.1;10;1.83;5.5;3.9;0;0;0;0;0;0;0;0;0;0;0;0;0;0;0;0;0;0;0;0;1;1;0;0;0;0;1;2019-09-14 14:30:00;671523;0;50;0;50;0;1;1;3;3;0;4;6;4;1;0;5;1;1;6;1;21;51;27;67;0.87;1.79;2.66;0;0;0;0;0;0;1;1;0;0;3;0;0;0;-1;-1;-1;-1;-1;-1;-1;-1;-1;0;50;50;50;100;0;100;50;50;6;0;2;2.5;Orijent 1919;Šibenik;1.5;1.78;1;3;0.67;3;100;50;50;50;0;50;50;0;1;1.84;2.84;2617;19;Y;N;N;N;N;N;N
2340669;1877;10668;2019/2020;complete;90431;4;-1;33,70,82;;3;0;3;3;6;9;-1;-1;0;1;0;0;5;3;5;6;10;9;-1;-1;48;52;0;1;1.33;3.5;3.25;0;0;1.98;0;0;0;0;1.83;0;0;1.75;1.95;0;0;0;0;1.2;1.25;1.91;2.38;2.2;4.5;2.25;2.5;3.6;0;0;0;0;0;0;0;0;0;0;0;0;0;0;0;1.53;9;2.88;3.4;6.5;0;0;0;0;0;0;0;0;0;0;0;0;0;0;0;0;0;0;0;0;3;1;0;2;0;2;1;2019-09-14 14:30:00;1877;0;100;50;50;0;1;1;3;0;0;6;3;6;0;0;0;1;0;1;1;24;29;68;72;1.16;0.99;2.15;0;0;0;0;0;0;1;1;0;0;1;0;0;0;-1;-1;-1;-1;-1;-1;-1;-1;-1;0;75;100;100;100;50;75;100;50;8;0;6.5;3.75;Solin;Međimurje Čakovec;1.78;1.22;2;1;1.67;0.67;100;25;0;0;0;50;50;50;1.45;1.26;2.71;2617;19;Y;Y;Y;N;N;N;N
2340670;671525;1878;2019/2020;complete;90431;4;-1;36;45;1;1;2;-1;-1;-1;-1;-1;2;0;0;0;-1;-1;-1;-1;-1;-1;-1;-1;-1;-1;2;0;1.63;3.67;5.2;0;0;0;0;0;0;0;0;0;0;0;0;0;0;0;0;0;0;0;0;0;0;0;0;0;0;0;0;0;0;0;0;0;0;0;0;0;0;0;0;0;0;0;0;0;0;0;0;0;0;0;0;0;0;0;0;0;0;0;0;0;0;0;0;0;2;1;1;0;0;0;2;2019-09-14 14:00:00;-1;0;75;25;0;0;-1;1;-1;-1;-1;-1;-1;-1;0;0;2;0;0;2;-1;0;0;0;0;0;0;0;0;0;0;0;0;0;1;1;0;0;-1;-1;0;0;-1;-1;-1;-1;-1;-1;-1;-1;-1;25;75;75;75;100;75;75;100;50;6;0;6.5;3.5;Dubrava Zagreb;Hajduk Split II;1;1.45;1;1.5;0.33;2;75;25;25;25;0;25;25;25;0.92;1.43;2.35;2617;19;Y;Y;N;N;N;N;Y
2340671;1858;671524;2019/2020;complete;90431;4;-1;20,39,76;;3;0;3;4;4;8;-1;-1;-1;-1;-1;-1;9;3;5;8;14;11;-1;-1;48;52;-1;-1;1.22;3.75;4;0;0;1.9;0;0;0;0;1.9;0;0;1.85;1.85;0;0;0;0;1.13;1.25;2.38;2.1;2.25;5;1.95;2.45;5;0;0;0;0;0;0;0;0;0;0;0;0;0;0;0;1.4;9.5;3.25;2.6;9;0;0;0;0;0;0;0;0;0;0;0;0;0;0;0;0;0;0;0;0;3;2;0;1;0;1;2;2019-09-15 14:30:00;1858;0;0;0;0;0;1;-1;4;1;0;3;5;3;-1;-1;-1;-1;-1;-1;1;43;46;90;85;1.83;1.24;3.07;-1;-1;-1;-1;-1;-1;-1;1;0;0;1;0;-1;-1;-1;-1;-1;-1;-1;-1;-1;-1;-1;0;0;0;50;100;0;100;50;0;4;0;0;1.5;Rudeš;Croatia Zmijavci;1.89;1;0;3;2;2;100;100;100;50;0;0;0;0;0.95;1.07;2.02;2617;19;Y;Y;Y;N;N;N;N
2340672;10667;1873;2019/2020;complete;90431;4;-1;27,90;;2;0;2;0;5;5;-1;-1;1;3;0;0;6;4;12;3;18;7;-1;-1;60;40;1;3;1.06;4.75;8;0;0;1.73;0;0;0;0;2.08;0;0;2.25;1.57;0;0;0;0;1.02;1.14;3.75;1.67;2.5;9;1.62;2.63;8.2;0;0;0;1.88;0;0;0;0;1.93;0;0;0;0;0;0;1.18;10;6;1.85;15;0;0;0;0;0;0;0;0;0;0;0;0;0;0;0;0;0;0;0;0;2;1;0;1;0;1;1;2019-09-11 14:30:00;10667;0;0;0;0;0;-1;1;-1;-1;-1;-1;-1;-1;0;1;1;2;1;3;1;43;31;119;97;1.87;0.96;2.83;0;0;0;0;0;0;1;1;0;0;-1;-1;0;0;-1;-1;-1;-1;-1;-1;-1;-1;-1;50;100;100;100;100;100;100;100;100;11;0;0;5;Osijek II;Kustošija;1.33;1.22;3;0;1.33;0;50;0;0;0;0;50;50;0;3.04;0.52;3.56;2617;19;Y;Y;N;N;N;N;N
2340673;1876;1877;2019/2020;complete;90431;5;-1;66,84,86;;3;0;3;5;5;10;-1;-1;1;1;0;0;11;5;7;5;18;10;-1;-1;72;28;1;1;1.44;3.5;2.63;0;0;2.2;0;0;0;0;1.65;0;0;1.85;1.85;0;0;0;0;1.25;1.25;1.73;2.6;2.1;4;2.17;2.3;4.36;0;0;0;1.67;0;0;0;0;2.1;0;0;0;0;0;0;0;0;0;2.75;7;0;0;0;0;0;0;0;0;0;0;0;0;0;0;0;0;0;0;0;0;3;0;0;3;0;3;0;2019-10-30 13:00:00;1876;0;58;35;23;0;1;1;2;3;3;2;5;5;0;0;1;1;0;2;1;97;37;178;94;2.62;1.26;3.88;0;0;0;0;0;0;1;1;0;0;0;0;0;0;-1;-1;-1;-1;-1;-1;-1;-1;-1;0;13;35;68;100;35;78;68;23;7.5;0;4.75;2.15;Dinamo Zagreb II;Solin;2.1;0.3;2.6;0.25;1.4;1.1;100;88;65;33;0;38;38;38;1.28;1.12;2.4;2617;19;Y;Y;Y;N;N;N;N
2340674;10669;1882;2019/2020;complete;90431;5;-1;55;75,87;1;2;3;3;1;4;-1;-1;-1;-1;-1;-1;5;6;7;3;12;9;-1;-1;52;48;-1;-1;2.2;3.25;1.62;0;0;1.8;0;0;0;0;2;0;0;1.6;2.2;0;0;0;0;1.62;1.3;1.36;3.25;2.2;2.88;3.2;2.3;2.65;0;0;0;1.67;0;0;0;0;2.1;0;0;0;0;0;0;0;0;0;0;0;0;0;0;0;0;0;0;0;0;0;0;0;0;0;0;0;0;0;0;0;3;0;0;1;2;3;0;2019-09-18 14:30:00;1882;0;50;0;0;0;1;-1;2;0;1;1;2;2;-1;-1;-1;-1;-1;-1;1;48;32;103;90;1.46;1.23;2.69;-1;-1;-1;-1;-1;-1;-1;1;0;0;1;0;-1;-1;-1;-1;-1;-1;-1;-1;-1;-1;-1;0;0;75;100;100;0;100;100;75;5;0;3;2.75;Bijelo Brdo;Sesvete;1.4;1.4;1.5;3;0.75;2;100;100;25;0;0;25;25;0;1.76;0.65;2.41;2617;19;Y;Y;Y;N;N;N;Y
2340675;1880;1871;2019/2020;complete;90431;5;-1;27,65;;2;0;2;6;2;8;-1;-1;1;1;0;0;7;2;14;3;21;5;-1;-1;50;50;1;1;1.07;4.33;7.5;0;0;1.95;0;0;0;0;1.85;0;0;2.25;1.57;0;0;0;0;1.03;1.17;3.4;1.8;2.3;8.5;1.69;2.5;7.7;0;0;0;1.67;0;0;0;0;2.1;0;0;0;0;0;0;1.22;8.5;5.5;1.75;19;0;0;0;0;0;0;0;0;0;0;0;0;0;0;0;0;0;0;0;0;2;1;0;1;0;1;1;2019-09-18 16:00:00;1880;0;75;25;50;0;1;1;5;1;1;1;6;2;0;0;1;1;0;2;1;89;48;153;113;2.46;0.82;3.28;0;0;0;0;0;0;1;1;0;0;0;0;0;0;-1;-1;-1;-1;-1;-1;-1;-1;-1;25;25;75;75;100;25;100;75;50;8.5;0;5;3;Šibenik;Hrvatski Dragovoljac;2.5;0.6;3;0;2.25;1;75;75;25;25;0;25;25;25;2.05;1.26;3.31;2617;19;Y;Y;N;N;N;N;N
2340676;1873;671523;2019/2020;complete;90431;5;-1;17;11,38;1;2;3;8;5;13;-1;-1;1;1;0;0;4;3;7;7;11;10;-1;-1;50;50;1;1;1.83;3.2;1.83;0;0;2;0;0;0;0;1.8;0;0;1.73;2;0;0;0;0;1.36;1.33;1.53;3;2.1;3.25;2.77;2.25;3.2;0;0;0;1.73;0;0;0;0;2;0;0;0;0;0;0;0;0;0;4;4.8;0;0;0;0;0;0;0;0;0;0;0;0;0;0;0;0;0;0;0;0;3;1;2;0;0;0;3;2019-09-18 14:30:00;671523;0;50;25;50;0;1;1;3;0;5;5;3;10;1;1;0;0;2;0;1;59;35;128;105;1.41;1.11;2.52;0;0;0;0;0;0;1;1;0;0;1;0;0;0;-1;-1;-1;-1;-1;-1;-1;-1;-1;25;25;50;100;100;25;50;100;100;9.5;0;3.5;3;Kustošija;Orijent 1919;1.2;2;0;0.5;0;1.25;75;75;50;0;0;75;75;50;1.39;1.56;2.95;2617;19;Y;Y;Y;N;N;N;Y
2340677;671524;10667;2019/2020;complete;90431;5;-1;;82;0;1;1;4;4;8;-1;-1;2;2;0;0;6;7;9;5;15;12;-1;-1;51;49;2;2;1.67;3.25;2.1;0;0;2;0;0;0;0;1.8;0;0;1.73;2;0;0;0;0;1.36;1.3;1.57;2.88;2.1;3.4;2.72;2.25;3.2;0;0;0;1.9;0;0;0;0;1.9;0;0;0;0;0;0;0;0;0;4;5;0;0;0;0;0;0;0;0;0;0;0;0;0;0;0;0;0;0;0;0;1;0;0;0;1;1;0;2019-09-18 14:30:00;10667;0;50;25;25;0;1;1;1;4;3;0;5;3;1;1;1;1;2;2;1;66;62;125;120;1.85;1.7;3.55;0;0;0;0;0;0;1;1;0;0;0;0;0;0;-1;-1;-1;-1;-1;-1;-1;-1;-1;0;0;25;75;100;25;75;75;25;4;0;6;2;Croatia Zmijavci;Osijek II;2.4;1.4;1.5;0.5;1.5;1.75;100;100;75;25;0;0;0;0;1.04;0.97;2.01;2617;19;Y;N;N;N;N;N;N
2340678;671525;1858;2019/2020;complete;90431;5;-1;76,84;27,64;2;2;4;1;7;8;-1;-1;1;2;0;0;5;6;6;8;11;14;-1;-1;45;55;1;2;2.2;3.3;1.62;0;0;2;0;0;0;0;1.8;0;0;1.73;2;0;0;0;0;1.62;1.33;1.36;3.5;2.1;2.88;3.3;2.25;2.65;0;0;0;1.85;0;0;0;0;1.95;0;0;0;0;0;0;0;0;0;5.25;3.8;0;0;0;0;0;0;0;0;0;0;0;0;0;0;0;0;0;0;0;0;4;0;1;2;1;3;1;2019-09-18 14:00:00;-1;0;50;25;0;0;1;1;1;5;0;2;6;2;0;0;1;2;0;3;1;41;78;110;145;1.35;1.88;3.23;1;0;1;0;0;0;1;1;0;0;0;0;0;0;-1;-1;-1;-1;-1;-1;-1;-1;-1;0;25;25;100;100;50;75;75;50;4.5;0;5.5;2.5;Dubrava Zagreb;Rudeš;1;1.2;1;3;0.5;2.25;100;75;75;0;0;25;25;25;0.92;1.7;2.62;2617;19;Y;Y;Y;Y;N;N;Y
2340679;1879;1878;2019/2020;complete;90431;5;-1;26,78;62,72;2;2;4;5;7;12;-1;-1;1;1;0;0;4;7;2;4;6;11;-1;-1;32;68;1;1;1.8;3.2;1.91;0;0;2;0;0;0;0;1.8;0;0;1.73;2;0;0;0;0;1.4;1.33;1.5;3;2.2;3.1;2.82;2.3;3.01;0;0;0;1.98;0;0;0;0;1.83;0;0;0;0;0;0;0;0;0;4.25;4.75;0;0;0;0;0;0;0;0;0;0;0;0;0;0;0;0;0;0;0;0;4;1;0;1;2;3;1;2019-09-18 14:30:00;-1;0;34;34;0;0;1;1;2;3;3;4;5;7;0;0;1;1;0;2;1;46;71;83;133;1;1.71;2.71;1;0;1;0;0;0;1;1;0;0;1;0;0;0;-1;-1;-1;-1;-1;-1;-1;-1;-1;17;17;17;84;100;34;84;84;0;11;0;2.33;2.34;Dugopolje;Hajduk Split II;1.5;1.45;0;1.33;1.75;1.75;84;84;84;17;0;25;25;25;2.31;1.43;3.74;2617;19;Y;Y;Y;Y;N;N;Y
2340680;10668;1860;2019/2020;complete;90431;5;-1;46,68,82;;3;0;3;7;5;12;-1;-1;4;2;0;0;7;4;7;8;14;12;-1;-1;55;45;4;2;1.57;3.2;2.25;0;0;2;0;0;0;0;1.8;0;0;1.73;2;0;0;0;0;1.33;1.33;1.67;2.75;2.1;3.5;2.39;2.3;3.74;0;0;0;1.67;0;0;0;0;2.1;0;0;0;0;0;0;1.73;9;2.3;3.3;6.5;0;0;0;0;0;0;0;0;0;0;0;0;0;0;0;0;0;0;0;0;3;0;0;3;0;3;0;2019-09-18 16:00:00;10668;0;100;0;50;0;1;1;6;2;1;3;8;4;1;1;3;1;2;4;1;73;56;130;136;1.91;1.46;3.36;1;0;1;0;0;0;1;1;0;0;2;0;0;0;-1;-1;-1;-1;-1;-1;-1;-1;-1;0;25;50;100;100;0;50;100;75;11.5;0;6;2.75;Međimurje Čakovec;Cibalia;1.2;0.4;0.5;1;0.5;1.25;100;75;50;0;0;75;75;75;2;1.92;3.92;2617;19;Y;Y;Y;N;N;N;N
2340681;1860;1878;2019/2020;complete;90431;6;-1;;5,55,60,67;0;4;4;3;8;11;-1;-1;1;2;0;0;4;8;7;4;11;12;-1;-1;35;65;1;2;1.73;3.2;2;0;0;2;0;0;0;0;1.8;0;0;1.73;2;0;0;0;0;1.53;1.33;1.36;3.25;2.1;3;0;0;0;0;0;0;0;0;0;0;0;0;0;0;0;0;0;0;0;0;0;0;0;0;0;0;0;0;0;0;0;0;0;0;0;0;0;0;0;0;0;0;0;4;0;1;0;3;3;1;2019-09-21 12:30:00;1878;0;63;50;13;0;1;1;3;4;0;4;7;4;0;1;1;1;1;2;1;56;89;117;150;1.39;1.97;3.36;0;0;0;0;0;0;1;1;0;1;0;1;0;0;-1;-1;-1;-1;-1;-1;-1;-1;-1;13;50;75;88;100;75;88;63;38;12.17;0;5;3.25;Cibalia;Hajduk Split II;1;1.45;1.5;1.25;1;1.6;88;50;25;13;0;84;84;34;1.45;1.52;2.97;2617;19;Y;Y;Y;Y;N;N;N
2340682;671523;671524;2019/2020;complete;90431;6;-1;85;77;1;1;2;2;8;10;-1;-1;3;3;0;0;7;6;5;6;12;12;-1;-1;46;54;3;3;1.62;3.25;2.2;0;0;2;0;0;0;0;1.8;0;0;1.73;2;0;0;0;0;1.33;1.3;1.62;2.88;2.1;3.6;2.88;2.25;3;0;0;0;0;0;0;0;0;0;0;0;0;0;0;0;1.73;9;2.3;4.4;4.5;0;0;0;0;0;0;0;0;0;0;0;0;0;0;0;0;0;0;0;0;2;0;0;1;1;2;0;2019-09-21 14:30:00;-1;0;25;0;25;0;1;1;0;1;2;7;1;9;1;2;2;1;3;3;1;40;41;45;49;1.53;1.47;2.99;0;0;0;0;0;0;1;1;0;0;0;0;0;0;-1;-1;-1;-1;-1;-1;-1;-1;-1;0;25;50;75;100;25;100;75;25;5.5;0;4;2.5;Orijent 1919;Croatia Zmijavci;1.5;1;2;1.5;1.6;1.2;100;75;50;25;0;50;50;0;0.93;1.15;2.08;2617;19;Y;Y;N;N;N;N;Y
2340683;1871;1873;2019/2020;complete;90431;6;-1;56;59;1;1;2;-1;-1;-1;-1;-1;4;5;0;1;-1;-1;-1;-1;-1;-1;-1;-1;-1;-1;4;6;1.25;3.2;3.6;0;0;2.05;0;0;0;0;1.75;0;0;1.91;1.8;0;0;0;0;1.17;1.36;2;2.3;2.1;4.75;2.1;2.45;4.4;0;0;0;0;0;0;0;0;0;0;0;0;0;0;0;0;0;0;2.75;7.5;0;0;0;0;0;0;0;0;0;0;0;0;0;0;0;0;0;0;0;0;2;0;0;1;1;2;0;2019-09-21 14:30:00;-1;0;25;25;0;0;-1;1;-1;-1;-1;-1;-1;-1;2;2;2;4;4;6;-1;0;0;0;0;0;0;0;1;0;1;0;0;0;1;1;0;0;-1;-1;0;0;-1;-1;-1;-1;-1;-1;-1;-1;-1;0;50;75;100;100;50;100;100;50;9.5;0;4.5;3.25;Hrvatski Dragovoljac;Kustošija;2.22;1.22;2;0;0.8;0;100;50;25;0;0;25;25;25;1.61;0.74;2.35;2617;19;Y;Y;N;N;N;N;Y
2340684;1882;1880;2019/2020;complete;90431;6;-1;;89;0;1;1;-1;-1;-1;-1;-1;0;1;0;0;-1;-1;-1;-1;-1;-1;-1;-1;-1;-1;0;1;1.8;3.1;1.91;0;0;1.95;0;0;0;0;1.85;0;0;1.73;2;0;0;0;0;1.5;1.36;1.44;3.1;2.1;3.1;2.75;2.45;2.9;0;0;0;0;0;0;0;0;0;0;0;0;0;0;0;0;0;0;4.33;4.6;0;0;0;0;0;0;0;0;0;0;0;0;0;0;0;0;0;0;0;0;1;0;0;0;1;1;0;2019-09-21 14:30:00;1880;0;34;17;0;0;-1;1;-1;-1;-1;-1;-1;-1;0;0;0;1;0;1;-1;0;0;0;0;0;0;0;0;1;0;1;0;0;1;1;0;0;-1;-1;0;0;-1;-1;-1;-1;-1;-1;-1;-1;-1;0;0;17;50;100;34;100;34;0;14.67;0;4;1.67;Sesvete;Šibenik;1.67;1.78;1.67;1.5;2.2;2.4;100;100;84;50;0;59;59;34;2.48;1.82;4.3;2617;19;Y;N;N;N;N;N;N
2340685;1877;10669;2019/2020;complete;90431;6;-1;90;;1;0;1;6;3;9;-1;-1;1;3;0;0;3;2;8;5;11;7;-1;-1;60;40;1;3;1.14;4;5;0;0;1.7;0;0;0;0;2.1;0;0;1.8;1.91;0;0;0;0;1.08;1.2;2.63;1.91;2.4;6.5;1.73;2.62;6;0;0;0;0;0;0;0;0;0;0;0;0;0;0;0;1.3;11;4;2.4;12;0;0;0;0;0;0;0;0;0;0;0;0;0;0;0;0;0;0;0;0;1;0;0;1;0;1;0;2019-09-21 14:30:00;1877;0;34;0;34;0;1;1;4;2;2;1;6;3;0;0;1;3;0;4;1;37;20;73;58;1.17;0.73;1.9;1;0;1;0;0;0;1;1;0;0;0;0;0;0;-1;-1;-1;-1;-1;-1;-1;-1;-1;25;42;100;100;100;25;84;100;100;5.5;0;2;3.92;Solin;Bijelo Brdo;1.78;0.89;2.33;0;2;0.6;75;59;0;0;0;50;25;0;1.3;1.26;2.56;2617;19;Y;N;N;N;N;N;N
2340686;10668;1876;2019/2020;complete;90431;6;-1;14,52;48;2;1;3;6;4;10;-1;-1;4;2;0;0;5;4;6;0;11;4;-1;-1;50;50;4;2;1.73;3.2;2;0;0;2;0;0;0;0;1.8;0;0;1.75;1.95;0;0;0;0;1.36;1.33;1.5;3;2.1;3.25;2.8;2.25;3.1;0;0;0;0;0;0;0;0;0;0;0;0;0;0;0;1.83;9;2.2;4;4.75;0;0;0;0;0;0;0;0;0;0;0;0;0;0;0;0;0;0;0;0;3;1;0;1;1;2;1;2019-09-21 17:00:00;10668;0;59;0;42;0;1;1;2;0;4;4;2;8;1;1;3;1;2;4;1;61;47;105;130;1.49;0.9;2.39;0;0;0;0;0;0;1;1;0;0;0;0;0;0;-1;-1;-1;-1;-1;-1;-1;-1;-1;0;25;84;100;100;25;67;100;75;12.17;0;4;3.09;Međimurje Čakovec;Dinamo Zagreb II;1.2;0.56;1.33;0.5;1;1.25;100;75;17;0;0;59;59;34;1.97;1.37;3.34;2617;19;Y;Y;Y;N;N;N;Y
2340687;1858;1879;2019/2020;complete;90431;6;-1;31,67;50;2;1;3;3;1;4;-1;-1;-1;-1;-1;-1;7;5;2;6;9;11;-1;-1;52;48;-1;-1;1.29;3.6;3.5;0;0;1.85;0;0;0;0;1.95;0;0;1.85;1.85;0;0;0;0;1.14;1.25;2.1;2.2;2.25;4.75;2.1;2.38;4.5;0;0;0;1.85;0;0;0;0;1.95;0;0;0;0;0;0;1.44;10;3.1;2.7;8;0;0;0;0;0;0;0;0;0;0;0;0;0;0;0;0;0;0;0;0;3;1;0;1;1;2;1;2019-09-22 14:30:00;1858;0;34;17;17;0;1;-1;1;0;2;1;1;3;-1;-1;-1;-1;-1;-1;1;73;88;105;98;1.59;1.68;3.27;-1;-1;-1;-1;-1;-1;-1;1;0;0;0;0;-1;-1;-1;-1;-1;-1;-1;-1;-1;-1;-1;17;34;75;75;100;75;100;59;34;7.17;0;3.33;3;Rudeš;Dugopolje;1.89;1.11;1.5;2.33;2;1.6;84;67;25;25;0;17;17;0;1.39;1.5;2.89;2617;19;Y;Y;Y;N;N;N;Y
2340688;10667;671525;2019/2020;complete;90431;6;-1;;19;0;1;1;5;0;5;-1;-1;2;3;0;0;5;2;7;4;12;6;-1;-1;67;33;2;3;1.3;3.5;3.4;0;0;1.8;0;0;0;0;2;0;0;1.73;2;0;0;0;0;1.17;1.25;2;2.2;2.3;4.5;2.05;2.4;4.4;0;0;0;2.1;0;0;0;0;1.67;0;0;0;0;0;0;1.5;11;2.88;2.8;8;0;0;0;0;0;0;0;0;0;0;0;0;0;0;0;0;0;0;0;0;1;0;1;0;0;0;1;2019-09-22 14:30:00;671525;0;25;25;0;0;-1;1;-1;-1;-1;-1;-1;-1;1;0;1;3;1;4;1;40;13;95;46;1.4;0.62;2.02;0;0;0;0;0;0;1;1;0;0;-1;-1;0;0;-1;-1;-1;-1;-1;-1;-1;-1;-1;25;50;50;100;100;50;100;100;50;8;0;5;3.5;Osijek II;Dubrava Zagreb;1.33;1.44;3;0;2;0.6;75;50;50;0;0;50;50;0;2.46;1.05;3.51;2617;19;Y;N;N;N;N;N;N
2340689;671525;671523;2019/2020;complete;90431;7;-1;;37;0;1;1;1;7;8;-1;-1;4;2;0;0;-1;-1;-1;-1;-1;-1;-1;-1;-1;-1;4;2;1.5;3.25;2.5;0;0;2.1;0;0;0;0;1.7;0;0;1.75;1.95;0;0;0;0;1.29;1.3;1.67;2.75;2.1;4;0;0;0;0;0;0;0;0;0;0;0;0;0;0;0;0;0;0;1.67;8;2.5;0;0;0;0;0;0;0;0;0;0;0;0;0;0;0;0;0;0;0;0;0;0;1;0;1;0;0;0;1;2019-09-28 14:00:00;671523;0;84;33;33;0;1;1;0;5;1;2;5;3;0;0;4;2;0;6;-1;0;0;0;0;0;0;0;0;0;0;0;0;0;1;1;0;0;0;0;0;0;-1;-1;-1;-1;-1;-1;-1;-1;-1;0;34;67;100;100;50;84;67;67;5;0;3.33;3;Dubrava Zagreb;Orijent 1919;1;2;1;1.33;1;1.5;100;67;33;0;0;50;50;34;1.13;1.41;2.54;2617;19;Y;N;N;N;N;N;N
2340690;1880;1877;2019/2020;complete;90431;7;-1;84;;1;0;1;9;6;15;-1;-1;0;1;0;0;8;2;15;4;23;6;-1;-1;62;38;0;1;1.17;4;4.5;0;0;2.1;0;0;0;0;1.7;0;0;2.25;1.57;0;0;0;0;1.08;1.2;2.63;2.05;2.2;6;0;0;0;0;0;0;0;0;0;0;0;0;0;0;0;0;0;0;1.33;8;4;0;0;0;0;0;0;0;0;0;0;0;0;0;0;0;0;0;0;0;0;0;0;1;0;0;1;0;1;0;2019-09-28 12:30:00;1880;0;84;67;17;0;1;1;2;5;7;1;7;8;0;0;0;1;0;1;1;59;19;106;62;2.43;0.66;3.09;0;0;0;0;0;0;1;1;0;0;0;0;0;0;-1;-1;-1;-1;-1;-1;-1;-1;-1;17;17;34;100;100;67;100;50;17;6;0;1.67;2.67;Šibenik;Solin;2.5;0.3;3;1;2.5;2.2;84;84;67;0;0;67;67;67;2.19;1.25;3.44;2617;19;Y;N;N;N;N;N;N
2340691;1873;1882;2019/2020;complete;90431;7;-1;57;;1;0;1;-1;-1;-1;-1;-1;2;3;0;0;-1;-1;-1;-1;-1;-1;-1;-1;-1;-1;2;3;3.25;3.3;1.33;0;0;2.08;0;0;0;0;1.73;0;0;1.85;1.85;0;0;0;0;2;1.33;1.17;4.75;2.1;2.38;0;0;0;0;0;0;0;0;0;0;0;0;0;0;0;0;0;0;2.88;8;1.53;0;0;0;0;0;0;0;0;0;0;0;0;0;0;0;0;0;0;0;0;0;0;1;0;0;1;0;1;0;2019-09-28 14:00:00;1873;0;84;34;42;0;-1;1;-1;-1;-1;-1;-1;-1;0;1;2;2;1;4;-1;0;0;0;0;0;0;0;0;0;0;0;0;0;1;1;0;0;-1;-1;0;0;-1;-1;-1;-1;-1;-1;-1;-1;-1;17;17;84;100;100;34;59;84;84;7.17;0;2.5;3.17;Kustošija;Sesvete;1.2;1.4;0;3;0.17;1.83;84;84;17;0;0;34;34;34;1.4;0.94;2.34;2617;19;Y;N;N;N;N;N;N
2340692;1879;10667;2019/2020;complete;90431;7;-1;69;31,60,63,74;1;4;5;6;2;8;-1;-1;4;3;0;0;6;5;7;10;13;15;-1;-1;50;50;4;3;1.5;3.25;2.5;0;0;2.3;0;0;0;0;1.6;0;0;1.85;1.85;0;0;0;0;1.29;1.3;1.67;2.75;2;4;0;0;0;0;0;0;0;0;0;0;0;0;0;0;0;0;0;0;1.67;7.5;2.6;0;0;0;0;0;0;0;0;0;0;0;0;0;0;0;0;0;0;0;0;0;0;5;0;1;1;3;4;1;2019-09-28 14:00:00;10667;0;59;17;42;0;1;1;2;0;4;2;2;6;2;1;2;2;3;4;1;72;60;136;111;1.77;1.73;3.5;1;1;1;1;0;0;1;1;0;0;0;0;2;0;-1;-1;-1;-1;-1;-1;-1;-1;-1;0;25;42;84;100;17;84;84;42;7.5;0;4.33;2.5;Dugopolje;Osijek II;1.5;1.4;0.5;1.33;1.33;1.67;100;75;59;17;0;25;25;25;1.65;1.33;2.98;2617;19;Y;Y;Y;Y;Y;N;Y
2340693;1876;1860;2019/2020;complete;90431;7;-1;13,64;;2;0;2;3;5;8;-1;-1;2;0;0;0;4;7;5;5;9;12;-1;-1;57;43;2;0;1.17;4;4.5;0;0;2.2;0;0;0;0;1.65;0;0;2.4;1.5;0;0;0;0;1.08;1.2;2.5;2.1;2.1;6;1.87;2.38;6.35;0;0;0;0;2;0;0;0;0;1.8;0;0;0;0;0;1.36;8;4;2.05;11;0;0;0;0;0;0;0;0;0;0;0;0;0;0;0;0;0;0;0;0;2;1;0;1;0;1;1;2019-09-29 14:00:00;1876;0;59;25;17;0;1;1;2;5;1;0;7;1;2;0;0;0;2;0;1;43;67;85;72;1.16;1.72;2.89;1;0;1;0;0;0;1;1;0;0;0;0;0;0;-1;-1;-1;-1;-1;-1;-1;-1;-1;0;17;34;75;100;25;67;50;34;9;0;5;2.25;Dinamo Zagreb II;Cibalia;2.1;0.4;2;0.67;1;0.83;100;84;67;25;0;50;50;50;1.04;1.69;2.73;2617;19;Y;Y;N;N;N;N;N
2340694;10669;10668;2019/2020;complete;90431;7;-1;4,21,55;47;3;1;4;10;5;15;-1;-1;1;3;0;0;9;6;8;5;17;11;-1;-1;53;47;1;3;2.1;3.3;1.67;0;0;2.15;0;0;0;0;1.67;0;0;1.85;1.85;0;0;0;0;1.57;1.33;1.4;3.5;2.05;3;3.3;2.2;2.72;0;0;0;1.73;0;0;0;0;2;0;0;0;0;0;0;2.25;8;1.83;4.75;3.6;0;0;0;0;0;0;0;0;0;0;0;0;0;0;0;0;0;0;0;0;4;2;0;1;1;2;2;2019-09-29 14:00:00;10669;0;42;25;17;0;1;1;3;1;7;4;4;11;0;3;1;0;3;1;1;58;34;103;97;2.12;1.37;3.49;1;0;1;0;0;0;1;1;1;0;0;0;0;0;-1;-1;-1;-1;-1;-1;-1;-1;-1;0;25;84;100;100;25;84;100;59;9.83;0;5;3.09;Bijelo Brdo;Međimurje Čakovec;1.4;1.22;1;0.5;0.5;1.33;100;75;17;0;0;67;42;25;1.66;1.13;2.79;2617;19;Y;Y;Y;Y;N;N;Y
2340695;671524;1871;2019/2020;complete;90431;7;-1;5,67,86,90;37;4;1;5;7;2;9;-1;-1;3;1;0;0;10;6;6;3;16;9;-1;-1;50;50;3;1;1.5;3.5;2.5;0;0;2;0;0;0;0;1.8;0;0;1.75;1.95;0;0;0;0;1.3;1.29;1.8;2.6;2.2;3.75;2.52;2.25;3.6;0;0;0;1.88;0;0;0;0;1.93;0;0;0;0;0;0;1.67;9;2.5;3.5;5.5;0;0;0;0;0;0;0;0;0;0;0;0;0;0;0;0;0;0;0;0;5;1;1;3;0;3;2;2019-09-29 14:00:00;671524;0;17;0;17;0;1;1;2;2;5;0;4;5;0;0;3;1;0;4;1;84;46;117;117;2.32;1.34;3.65;1;0;1;0;0;0;1;1;1;0;1;0;0;0;-1;-1;-1;-1;-1;-1;-1;-1;-1;0;0;17;50;100;0;67;84;17;7.33;0;4;1.67;Croatia Zmijavci;Hrvatski Dragovoljac;2.4;0.6;1;0;1.17;0.83;100;100;84;50;0;0;0;0;1.31;1.12;2.43;2617;19;Y;Y;Y;Y;Y;N;Y
2340696;1878;1858;2019/2020;complete;90431;7;-1;67,89;56,73;2;2;4;2;4;6;-1;-1;1;2;0;0;8;6;4;7;12;13;-1;-1;58;42;1;2;1.57;3.1;2.25;0;0;2.1;0;0;0;0;1.7;0;0;1.8;1.91;0;0;0;0;1.3;1.36;1.67;2.88;2.05;3.6;0;0;0;0;0;0;0;0;0;0;0;0;0;0;0;0;0;0;1.73;8;2.38;0;0;0;0;0;0;0;0;0;0;0;0;0;0;0;0;0;0;0;0;0;0;4;0;0;2;2;4;0;2019-09-28 12:30:00;-1;0;17;0;17;0;1;1;2;2;0;2;4;2;0;0;1;2;0;3;1;40;26;62;56;1.6;1.42;3.03;1;0;1;0;0;0;1;1;0;0;0;0;0;0;-1;-1;-1;-1;-1;-1;-1;-1;-1;0;67;67;100;100;50;84;100;84;7.67;0;2.5;3.34;Hajduk Split II;Rudeš;1.38;1.2;3;2.33;1.83;2.17;100;34;34;0;0;17;17;17;1.7;1.76;3.46;2617;19;Y;Y;Y;Y;N;N;Y
2340697;1860;1858;2019/2020;complete;90431;8;-1;20,23;89;2;1;3;0;10;10;-1;-1;2;1;0;0;4;7;1;4;5;11;-1;-1;33;67;2;1;2.25;3.3;1.57;0;0;1.75;0;0;0;0;2.05;0;0;1.57;2.25;0;0;0;0;1.62;1.3;1.33;3.4;2.25;2.75;3.2;2.6;2.4;0;0;0;0;1.95;0;0;0;0;1.85;0;0;0;0;0;2.25;11;1.73;5.8;4;0;0;0;0;0;0;0;0;0;0;0;0;0;0;0;0;0;0;0;0;3;2;0;0;1;1;2;2019-10-02 13:30:00;1860;0;42;17;25;0;-1;1;-1;-1;-1;-1;-1;-1;0;0;2;1;0;3;1;28;126;95;182;0.81;2.11;2.92;0;0;0;0;0;0;1;1;0;0;-1;-1;0;0;-1;-1;-1;-1;-1;-1;-1;-1;-1;0;59;75;100;100;34;75;84;71;9.83;0;4.66;3.34;Cibalia;Rudeš;1;1.2;1;2;0.71;2;100;42;25;0;0;63;63;29;1.43;1.68;3.11;2617;19;Y;Y;Y;N;N;N;Y
2340698;10667;1878;2019/2020;complete;90431;8;-1;;;0;0;0;5;8;13;-1;-1;0;0;0;1;6;3;3;5;9;8;-1;-1;45;55;0;2;1.62;3.2;2.2;0;0;1.9;0;0;0;0;1.9;0;0;1.65;2.1;0;0;0;0;1.36;1.36;1.62;2.88;2.2;3.4;2.62;2.5;3;0;0;0;1.98;0;0;0;0;1.83;0;0;0;0;0;0;1.8;9.5;2.25;4.25;5;0;0;0;0;0;0;0;0;0;0;0;0;0;0;0;0;0;0;0;0;0;0;0;0;0;0;0;2019-10-02 14:00:00;-1;0;30;20;10;0;1;1;4;7;1;1;11;2;0;0;0;1;0;1;1;24;28;56;86;1.16;0.93;2.09;0;0;0;0;0;0;1;1;0;0;1;0;0;0;-1;-1;-1;-1;-1;-1;-1;-1;-1;27;47;47;74;100;37;90;74;37;10.25;0;3.5;3.1;Osijek II;Hajduk Split II;1.33;1.45;2;1.6;1.86;1.71;74;54;54;27;0;54;54;38;2.11;1.63;3.74;2617;19;N;N;N;N;N;N;N
2340699;671523;1879;2019/2020;complete;90431;8;-1;20,42,74;4,33;3;2;5;1;4;5;-1;-1;3;2;0;0;11;7;5;2;16;9;-1;-1;54;46;3;2;1.57;3.25;2.25;0;0;1.9;0;0;0;0;1.9;0;0;2;1.73;0;0;0;0;1.33;1.3;1.62;2.75;2.2;3.5;2.72;2.15;3.5;0;0;0;1.85;0;0;0;0;1.95;0;0;0;0;0;0;1.73;9.5;2.3;3.4;5;0;0;0;0;0;0;0;0;0;0;0;0;0;0;0;0;0;0;0;0;5;2;2;1;0;1;4;2019-10-02 14:30:00;671523;0;71;13;59;0;1;1;1;1;0;3;2;3;1;1;2;1;2;3;1;38;34;48;40;2.04;1.3;3.34;0;0;0;0;0;0;1;1;0;1;0;0;0;0;-1;-1;-1;-1;-1;-1;-1;-1;-1;13;42;67;84;100;38;84;71;71;5.67;0;7;3.04;Orijent 1919;Dugopolje;1.5;1.11;1.67;1.75;1.71;1.14;88;59;34;17;0;63;63;0;1.13;1.55;2.68;2617;19;Y;Y;Y;Y;Y;N;Y
2340700;1871;671525;2019/2020;complete;90431;8;-1;;23,45,56,67;0;4;4;5;5;10;-1;-1;3;0;0;0;7;9;8;7;15;16;-1;-1;55;45;3;0;1.44;3.1;2.63;0;0;1.85;0;0;0;0;1.95;0;0;1.65;2.1;0;0;0;0;1.25;1.36;1.73;2.5;2.2;4;2.4;2.5;3.3;0;0;0;1.93;0;0;0;0;1.88;0;0;0;0;0;0;1.62;9.5;2.5;3.8;5.75;0;0;0;0;0;0;0;0;0;0;0;0;0;0;0;0;0;0;0;0;4;0;2;0;2;2;2;2019-10-02 13:30:00;671525;0;50;33;17;0;1;1;2;1;3;4;3;7;1;0;2;0;1;2;1;44;40;84;94;1.75;1.93;3.68;0;0;0;0;0;0;1;1;0;0;0;0;0;0;-1;-1;-1;-1;-1;-1;-1;-1;-1;0;33;50;84;100;33;84;84;50;8;0;6;2.67;Hrvatski Dragovoljac;Dubrava Zagreb;2.22;1.44;1.67;1;0.71;0.86;100;67;50;17;0;42;42;25;1.61;0.91;2.52;2617;19;Y;Y;Y;Y;N;N;N
2340701;1882;671524;2019/2020;complete;90431;8;-1;13,16,52,61;72;4;1;5;3;4;7;-1;-1;1;5;0;0;12;4;7;10;19;14;-1;-1;46;54;1;5;1.2;3.5;4.33;0;0;1.73;0;0;0;0;2.08;0;0;1.65;2.1;0;0;0;0;1.1;1.29;2.38;2.05;2.3;5;1.87;2.75;4.6;0;0;0;1.85;0;0;0;0;1.95;0;0;0;0;0;0;1.4;11;3.2;2.8;10;0;0;0;0;0;0;0;0;0;0;0;0;0;0;0;0;0;0;0;0;5;2;0;2;1;3;2;2019-10-02 13:30:00;1882;0;42;13;17;0;1;1;0;0;3;4;0;7;0;3;1;2;3;3;1;70;61;111;117;2.54;1.61;4.15;0;0;0;0;0;0;1;1;0;0;0;0;0;0;-1;-1;-1;-1;-1;-1;-1;-1;-1;0;0;29;88;100;42;71;88;17;14;0;5;2.17;Sesvete;Croatia Zmijavci;1.67;1;1.25;1.33;1.57;1.43;100;100;71;13;0;50;50;34;2.48;1.26;3.74;2617;19;Y;Y;Y;Y;Y;N;Y
2340702;1877;1873;2019/2020;complete;90431;8;-1;;72;0;1;1;3;7;10;-1;-1;4;0;0;0;7;3;6;4;13;7;-1;-1;50;50;4;0;1.29;3.3;3.5;0;0;1.95;0;0;0;0;1.85;0;0;1.8;1.91;0;0;0;0;1.14;1.33;2.1;2.2;2.2;5;2.07;2.5;4.16;0;0;0;1.73;0;0;0;0;2;0;0;0;0;0;0;1.5;9;3.1;2.9;8;0;0;0;0;0;0;0;0;0;0;0;0;0;0;0;0;0;0;0;0;1;0;0;0;1;1;0;2019-10-02 13:30:00;1873;0;42;0;42;0;1;1;1;3;2;4;4;6;2;0;2;0;2;2;1;61;69;113;124;1.76;1.16;2.92;0;1;0;1;0;0;1;1;0;0;1;1;0;0;-1;-1;-1;-1;-1;-1;-1;-1;-1;0;29;54;88;100;17;59;100;71;8.5;0;5.5;2.71;Solin;Kustošija;1.78;1.22;2.5;0.33;1.83;0.57;100;71;46;13;0;34;0;0;1.26;0.74;2;2617;19;Y;N;N;N;N;N;N
2340703;1876;10669;2019/2020;complete;90431;8;-1;11,48;86;2;1;3;3;4;7;-1;-1;4;1;0;0;6;8;7;2;13;10;-1;-1;50;50;4;1;1.22;3.8;4;0;0;1.65;0;0;0;0;2.2;0;0;1.73;2;0;0;0;0;1.11;1.22;2.38;2.05;2.4;4.75;1.83;2.75;4.75;0;0;0;1.73;0;0;0;0;2;0;0;0;0;0;0;1.4;13;3.1;2.75;10;0;0;0;0;0;0;0;0;0;0;0;0;0;0;0;0;0;0;0;0;3;1;0;1;1;2;1;2019-10-02 13:30:00;1876;0;17;17;0;0;1;1;1;1;2;3;2;5;0;0;4;1;0;5;1;51;43;89;66;1.61;1.5;3.11;0;1;0;1;0;0;1;1;0;0;0;0;0;0;-1;-1;-1;-1;-1;-1;-1;-1;-1;17;17;34;67;100;33;84;67;34;6.17;0;4;2.5;Dinamo Zagreb II;Bijelo Brdo;2.1;0.89;2.33;0;1.33;0.86;84;84;67;33;0;34;17;0;1.1;1.08;2.18;2617;19;Y;Y;Y;N;N;N;Y
2340704;10668;1880;2019/2020;complete;90431;8;-1;56;13,75;1;2;3;6;8;14;-1;-1;3;3;0;0;6;6;6;5;12;11;-1;-1;51;49;3;3;2.25;3.2;1.57;0;0;2;0;0;0;0;1.8;0;0;1.73;2;0;0;0;0;1.73;1.36;1.3;3.6;2.1;2.75;3.6;2.5;2.25;0;0;0;1.73;0;0;0;0;2;0;0;0;0;0;0;2.38;9;1.73;6.5;3.4;0;0;0;0;0;0;0;0;0;0;0;0;0;0;0;0;0;0;0;0;3;0;1;1;1;2;1;2019-10-02 15:00:00;1880;0;38;0;25;0;1;1;2;5;4;3;7;7;1;0;2;3;1;5;1;31;37;49;54;1.4;1.38;2.77;0;0;0;0;0;0;1;1;0;0;0;1;0;0;-1;-1;-1;-1;-1;-1;-1;-1;-1;0;0;38;50;100;0;59;67;50;11.5;0;4.25;1.88;Međimurje Čakovec;Šibenik;1.2;1.78;1.75;2;1.14;2.57;100;100;63;50;0;63;63;25;1.85;1.82;3.67;2617;19;Y;Y;Y;N;N;N;Y
2340705;1880;1876;2019/2020;complete;90431;9;-1;23,90;30;2;1;3;8;2;10;-1;-1;1;3;0;0;10;3;11;5;21;8;-1;-1;50;50;1;3;1.25;3.4;3.75;0;0;2;0;0;0;0;1.8;0;0;1.85;1.85;0;0;0;0;1.13;1.29;2.1;2.2;2.1;5.5;0;0;0;0;0;0;0;0;0;0;0;0;0;0;0;0;0;0;1.44;8.5;3.25;0;0;0;0;0;0;0;0;0;0;0;0;0;0;0;0;0;0;0;0;0;0;3;1;1;1;0;1;2;2019-10-05 12:30:00;1880;0;59;13;46;0;1;1;1;0;7;2;1;9;0;1;1;2;1;3;1;48;23;95;63;2.37;0.89;3.25;0;0;0;0;0;0;1;1;0;0;0;0;0;1;-1;-1;-1;-1;-1;-1;-1;-1;-1;13;29;75;88;100;29;88;100;46;11;0;2.58;3.04;Šibenik;Dinamo Zagreb II;2.5;0.56;3;0.33;2.63;1.57;88;71;25;13;0;59;59;25;2.25;1.21;3.46;2617;19;Y;Y;Y;N;N;N;Y
2340706;1873;10668;2019/2020;complete;90431;9;-1;;;0;0;0;9;2;11;-1;-1;1;2;0;0;6;2;7;1;13;3;-1;-1;53;47;1;2;1.67;3.25;2.1;0;0;1.8;0;0;0;0;2;0;0;1.57;2.25;0;0;0;0;1.36;1.3;1.57;2.88;2.2;3.25;2.6;2.4;3.1;0;0;0;0;0;0;0;0;0;0;0;0;0;0;0;1.8;11;2.2;4;5.8;0;0;0;0;0;0;0;0;0;0;0;0;0;0;0;0;0;0;0;0;0;0;0;0;0;0;0;2019-10-05 13:30:00;-1;0;59;42;29;0;1;1;1;1;8;1;2;9;0;0;1;2;0;3;1;33;32;58;56;1.47;0.57;2.04;0;0;0;0;0;0;1;1;0;0;0;0;0;0;-1;-1;-1;-1;-1;-1;-1;-1;-1;13;46;75;88;100;59;75;88;59;12;0;4.67;3.21;Kustošija;Međimurje Čakovec;1.2;1.22;0.75;0.33;0.88;1;88;54;25;13;0;84;67;67;1.4;1.21;2.61;2617;19;N;N;N;N;N;N;N
2340707;671525;1882;2019/2020;complete;90431;9;-1;;23,68;0;2;2;5;4;9;-1;-1;1;1;0;0;5;7;4;3;9;10;-1;-1;51;49;1;1;2.5;3.2;1.5;0;0;2;0;0;0;0;1.8;0;0;1.8;1.91;0;0;0;0;1.67;1.33;1.3;3.75;2.1;2.63;0;0;0;0;0;0;0;0;0;0;0;0;0;0;0;0;0;0;2.2;9;1.83;0;0;0;0;0;0;0;0;0;0;0;0;0;0;0;0;0;0;0;0;0;0;2;0;1;0;1;1;1;2019-10-05 13:30:00;1882;0;71;13;29;0;1;1;2;1;3;3;3;6;0;0;1;1;0;2;1;46;38;54;47;1.25;1.39;2.64;0;0;0;0;0;0;1;1;0;0;0;0;0;0;-1;-1;-1;-1;-1;-1;-1;-1;-1;0;25;59;71;100;25;67;75;59;1.5;0;4.5;2.54;Dubrava Zagreb;Sesvete;1;1.4;0.75;2;1.13;1.75;100;75;42;29;0;0;0;0;1.13;0.94;2.07;2617;19;Y;Y;N;N;N;N;N
2340708;1879;1871;2019/2020;complete;90431;9;-1;26,62;87;2;1;3;-1;-1;-1;-1;-1;3;4;0;1;-1;-1;-1;-1;-1;-1;-1;-1;-1;-1;3;5;1.33;3.4;3.25;0;0;1.9;0;0;0;0;1.9;0;0;1.6;2.2;0;0;0;0;1.22;1.3;1.91;2.3;2.2;4.33;2.15;2.38;4.2;0;0;0;0;0;0;0;0;0;0;0;0;0;0;0;1.53;9.5;2.75;3.1;7;0;0;0;0;0;0;0;0;0;0;0;0;0;0;0;0;0;0;0;0;3;1;0;1;1;2;1;2019-10-05 13:30:00;1879;0;59;13;46;0;-1;1;-1;-1;-1;-1;-1;-1;2;2;1;3;4;4;-1;0;0;0;0;0;0;0;1;0;1;0;0;0;1;1;0;0;-1;-1;0;0;-1;-1;-1;-1;-1;-1;-1;-1;-1;29;46;59;88;100;13;100;88;59;8.67;0;4.17;3.21;Dugopolje;Hrvatski Dragovoljac;1.5;0.6;0.33;0;1;0.63;71;54;42;13;0;29;17;17;1.69;1.17;2.86;2617;19;Y;Y;Y;N;N;N;Y
2340709;10669;1860;2019/2020;complete;90431;9;-1;31;80;1;1;2;8;2;10;-1;-1;2;5;0;0;4;4;5;7;9;11;-1;-1;47;53;2;5;1.3;3.6;3.4;0;0;1.9;0;0;0;0;1.9;0;0;1.8;1.91;0;0;0;0;1.2;1.25;2;2.25;2.2;4.75;1.93;2.6;4.54;0;0;0;0;0;0;0;0;0;0;0;0;0;0;0;1.5;10;3;0;0;0;0;0;0;0;0;0;0;0;0;0;0;0;0;0;0;0;0;0;0;2;1;0;0;1;1;1;2019-10-06 13:30:00;-1;0;50;0;38;0;1;1;5;2;3;0;7;3;0;1;2;4;1;6;1;26;26;43;37;1.03;1.16;2.19;1;0;1;0;0;0;1;1;0;0;0;1;0;0;-1;-1;-1;-1;-1;-1;-1;-1;-1;0;25;63;100;100;13;63;100;63;10.75;0;3.92;2.88;Bijelo Brdo;Cibalia;1.4;0.4;1.5;0.5;0.75;1;100;75;38;0;0;59;59;46;1.77;1.7;3.47;2617;19;Y;Y;N;N;N;N;Y
2340710;671524;1877;2019/2020;complete;90431;9;-1;13,90;20;2;1;3;4;7;11;-1;-1;2;3;0;0;6;4;10;4;16;8;-1;-1;58;42;2;3;1.8;3.2;1.91;0;0;2.08;0;0;0;0;1.73;0;0;1.75;1.95;0;0;0;0;1.44;1.33;1.5;3.1;2.05;3.25;2.65;2.25;3.3;0;0;0;0;0;0;0;0;0;0;0;0;0;0;0;1.91;8.5;2.2;0;0;0;0;0;0;0;0;0;0;0;0;0;0;0;0;0;0;0;0;0;0;3;1;1;1;0;1;2;2019-10-06 13:30:00;671524;0;38;38;0;0;1;1;2;7;2;0;9;2;1;1;1;2;2;3;1;47;34;88;89;1.77;1.04;2.81;1;0;1;0;0;0;1;1;0;0;0;0;0;0;-1;-1;-1;-1;-1;-1;-1;-1;-1;13;13;13;50;100;38;50;75;13;8.25;0;3.25;1.88;Croatia Zmijavci;Solin;2.4;0.3;1.5;0.5;1.25;1.57;88;88;88;50;0;63;50;50;1.56;0.96;2.52;2617;19;Y;Y;Y;N;N;N;Y
2340711;671523;1878;2019/2020;complete;90431;9;-1;;76,79;0;2;2;2;3;5;-1;-1;2;1;0;0;4;6;7;9;11;15;-1;-1;34;66;2;1;2;3.2;1.73;0;0;2;0;0;0;0;1.8;0;0;1.73;2;0;0;0;0;1.5;1.33;1.4;3.25;2.1;3;2.77;2.25;3.2;0;0;0;0;0;0;0;0;0;0;0;0;0;0;0;2.2;9;1.83;4.5;4.5;0;0;0;0;0;0;0;0;0;0;0;0;0;0;0;0;0;0;0;0;2;0;0;0;2;2;0;2019-10-06 14:00:00;1878;0;63;29;34;0;1;1;0;2;2;1;2;3;0;0;2;1;0;3;1;31;51;41;69;1.19;1.73;2.92;0;0;0;0;0;0;1;1;0;0;0;0;0;0;-1;-1;-1;-1;-1;-1;-1;-1;-1;21;50;50;71;92;29;71;71;42;8.85;0;5.5;2.84;Orijent 1919;Hajduk Split II;1.5;1.45;2;1.5;1.88;1.63;79;50;50;29;9;78;78;40;1.36;1.49;2.85;2617;19;Y;Y;N;N;N;N;N
2340712;1858;10667;2019/2020;complete;90431;9;-1;90;;1;0;1;3;4;7;-1;-1;2;2;0;0;7;4;7;5;14;9;-1;-1;43;57;2;2;1.3;3.25;3.4;0;0;1.88;0;0;0;0;1.93;0;0;1.8;1.91;0;0;0;0;1.17;1.3;1.91;2.3;2.2;4.75;2.07;2.4;4.46;0;0;0;1.98;0;0;0;0;1.83;0;0;0;0;0;0;1.5;9.5;2.88;0;0;0;0;0;0;0;0;0;0;0;0;0;0;0;0;0;0;0;0;0;0;1;0;0;1;0;1;0;2019-10-06 13:30:00;1858;0;54;13;42;0;1;1;2;0;1;4;2;5;1;1;1;1;2;2;1;34;35;47;51;1.61;1.1;2.71;0;0;0;0;0;0;1;1;0;0;0;0;0;0;-1;-1;-1;-1;-1;-1;-1;-1;-1;13;13;59;71;100;29;88;71;42;5.33;0;3.25;2.54;Rudeš;Osijek II;1.89;1.4;2;1.75;1.75;1.75;88;88;42;29;0;0;0;0;1.45;1.47;2.92;2617;19;Y;N;N;N;N;N;N
2340713;1871;1878;2019/2020;complete;90431;10;-1;50;;1;0;1;1;4;5;-1;-1;2;3;0;0;7;4;4;2;11;6;-1;-1;38;62;2;3;2.25;3.3;1.57;0;0;2;0;0;0;0;1.8;0;0;1.65;2.1;0;0;0;0;1.44;1.33;1.53;3.1;2.1;3.1;3.3;2.3;2.62;0;0;0;1.85;0;0;0;0;1.95;0;0;0;0;0;0;0;0;0;5.25;3.8;0;0;0;0;0;0;0;0;0;0;0;0;0;0;0;0;0;0;0;0;1;0;0;1;0;1;0;2019-10-18 13:00:00;1871;0;47;27;20;0;1;1;1;2;0;2;3;2;0;2;2;1;2;3;1;20;55;87;112;1.34;1.07;2.41;0;0;0;0;0;0;1;1;0;0;1;0;0;0;-1;-1;-1;-1;-1;-1;-1;-1;-1;7;47;59;86;93;40;66;86;59;11;0;4.36;2.91;Hrvatski Dragovoljac;Hajduk Split II;2.22;1.45;1.25;1.71;0.56;1.78;93;54;41;15;7;67;67;50;1.66;1.53;3.19;2617;19;Y;N;N;N;N;N;N
2340714;1882;1879;2019/2020;complete;90431;10;-1;;86;0;1;1;6;1;7;-1;-1;-1;-1;-1;-1;5;5;5;5;10;10;-1;-1;65;35;-1;-1;1.3;3.4;3.4;0;0;1.95;0;0;0;0;1.85;0;0;1.8;1.91;0;0;0;0;1.17;1.3;2.1;2.25;2.2;4.75;2.07;2.4;4.46;0;0;0;1.88;0;0;0;0;1.93;0;0;0;0;0;0;0;0;0;2.87;8;0;0;0;0;0;0;0;0;0;0;0;0;0;0;0;0;0;0;0;0;1;0;0;0;1;1;0;2019-10-18 13:00:00;1879;0;70;30;30;0;1;-1;1;1;5;0;2;5;-1;-1;-1;-1;-1;-1;1;83;49;174;113;1.6;1.35;2.95;-1;-1;-1;-1;-1;-1;-1;1;0;0;1;1;-1;-1;-1;-1;-1;-1;-1;-1;-1;-1;-1;30;40;70;90;100;70;90;80;40;11.2;0;4.75;3.3;Sesvete;Dugopolje;1.67;1.11;1.6;1.4;1.89;1.22;70;60;30;10;0;35;35;25;2.5;1.5;4;2617;19;Y;N;N;N;N;N;N
2340715;10668;671524;2019/2020;complete;90431;10;-1;;;0;0;0;6;1;7;-1;-1;0;1;0;0;3;2;8;5;11;7;-1;-1;50;50;0;1;1.73;3.4;2;0;0;2.08;0;0;0;0;1.73;0;0;1.85;1.85;0;0;0;0;1.33;1.29;1.67;2.75;2.1;3.6;3;2.2;3.02;0;0;0;0;0;0;0;0;0;0;0;0;0;0;0;0;0;0;4;4.6;0;0;0;0;0;0;0;0;0;0;0;0;0;0;0;0;0;0;0;0;0;0;0;0;0;0;0;2019-10-18 16:00:00;-1;0;65;0;55;0;1;1;2;0;4;1;2;5;0;1;0;0;1;0;1;77;76;132;121;1.47;1.14;2.61;0;0;0;0;0;0;1;1;0;0;0;0;0;0;-1;-1;-1;-1;-1;-1;-1;-1;-1;13;13;65;100;100;25;68;100;75;10.65;0;7.2;2.9;Međimurje Čakovec;Croatia Zmijavci;1.2;1;1.4;1;1;1.44;88;88;35;0;0;53;53;30;1.76;1.35;3.11;2617;19;N;N;N;N;N;N;N
2340716;1860;10667;2019/2020;complete;90431;10;-1;;53,85;0;2;2;5;7;12;-1;-1;2;2;0;0;3;5;4;6;7;11;-1;-1;39;61;2;2;2.2;3.2;1.62;0;0;1.95;0;0;0;0;1.85;0;0;1.73;2;0;0;0;0;1.57;1.33;1.36;3.4;2.2;2.88;3.4;2.25;2.62;0;0;0;0;0;0;0;0;0;0;0;0;0;0;0;0;0;0;0;0;0;0;0;0;0;0;0;0;0;0;0;0;0;0;0;0;0;0;0;0;2;0;0;0;2;2;0;2019-10-19 13:00:00;10667;0;55;23;20;0;1;1;1;3;4;4;4;8;1;2;1;0;3;1;1;24;32;67;77;0.83;1.28;2.11;0;0;0;0;0;0;1;1;0;0;1;1;0;1;-1;-1;-1;-1;-1;-1;-1;-1;-1;10;35;70;80;100;48;80;78;45;6.5;0;5.25;2.95;Cibalia;Osijek II;1;1.4;1.5;1.4;1;1.56;90;65;30;20;0;50;50;13;1.27;1.38;2.65;2617;19;Y;Y;N;N;N;N;N
2340717;671523;1858;2019/2020;complete;90431;10;-1;8,14;;2;0;2;1;5;6;-1;-1;1;2;0;0;2;0;0;0;2;0;-1;-1;50;50;1;2;3;3.3;2.1;0;0;2;0;0;0;0;1.8;0;0;1.75;1.95;0;0;0;0;1.62;1.3;1.33;3.5;2.1;2.75;0;0;0;0;0;0;0;0;0;0;0;0;0;0;0;0;0;0;0;0;0;0;0;0;0;0;0;0;0;0;0;0;0;0;0;0;0;0;0;0;0;0;0;2;2;0;0;0;0;2;2019-10-19 11:00:00;671523;0;60;10;40;0;1;1;1;2;0;3;3;3;0;0;1;2;0;3;-1;0;0;0;0;0;0;0;0;0;0;0;0;0;1;1;1;0;0;0;0;0;-1;-1;-1;-1;-1;-1;-1;-1;-1;10;40;50;90;100;20;60;90;60;7.8;0;5.2;2.9;Orijent 1919;Rudeš;1.5;1.2;1.6;1.6;1.67;1.89;90;60;50;10;0;50;50;10;1.33;1.76;3.09;2617;19;Y;Y;N;N;N;N;N
2340718;1877;671525;2019/2020;complete;90431;10;-1;;58,67;0;2;2;7;2;9;-1;-1;3;1;0;0;6;8;5;8;11;16;-1;-1;59;41;3;1;1.4;3.5;2.75;0;0;1.95;0;0;0;0;1.85;0;0;1.85;1.85;0;0;0;0;1.25;1.25;1.73;2.5;2.2;4;2.39;2.25;3.9;0;0;0;0;0;0;0;0;0;0;0;0;0;0;0;0;0;0;0;0;0;0;0;0;0;0;0;0;0;0;0;0;0;0;0;0;0;0;0;0;2;0;0;0;2;2;0;2019-10-19 13:00:00;671525;0;33;13;20;0;1;1;6;1;1;1;7;2;1;0;2;1;1;3;1;42;29;76;68;1.42;1.78;3.19;0;1;0;1;0;0;1;1;0;0;0;0;0;0;-1;-1;-1;-1;-1;-1;-1;-1;-1;0;35;55;68;100;25;70;88;55;7.25;0;4.35;2.58;Solin;Dubrava Zagreb;1.78;1.44;2;1.5;1.38;1;100;65;45;33;0;63;38;0;1.38;1.16;2.54;2617;19;Y;Y;N;N;N;N;N
2340719;1876;1873;2019/2020;complete;90431;10;-1;90;;1;0;1;3;5;8;-1;-1;3;1;0;0;4;5;7;3;11;8;-1;-1;61;39;3;1;1.3;3.8;3.4;0;0;2.35;0;0;0;0;1.57;0;0;1.85;1.85;0;0;0;0;1.2;1.25;2.1;2.4;2.05;4.75;2.02;2.4;4.7;0;0;0;1.73;0;0;0;0;2;0;0;0;0;0;0;0;0;0;0;0;0;0;0;0;0;0;0;0;0;0;0;0;0;0;0;0;0;0;0;0;1;0;0;1;0;1;0;2019-10-20 13:00:00;1876;0;38;13;25;0;1;1;1;3;2;2;4;4;2;0;1;1;2;2;1;44;35;91;55;1.3;1.11;2.4;1;0;1;0;0;0;1;1;0;0;0;0;1;0;-1;-1;-1;-1;-1;-1;-1;-1;-1;0;13;25;75;100;25;75;75;38;8.66;0;5.67;2.13;Dinamo Zagreb II;Kustošija;2.1;1.22;2.5;1;1.38;0.89;100;88;75;25;0;17;17;0;1.27;0.88;2.15;2617;19;Y;N;N;N;N;N;N
2340720;10669;1880;2019/2020;complete;90431;10;-1;;39;0;1;1;4;8;12;-1;-1;3;1;0;0;5;4;3;11;8;15;-1;-1;43;57;3;1;2.75;3.6;1.4;0;0;2;0;0;0;0;1.8;0;0;1.8;1.91;0;0;0;0;1.91;1.29;1.22;4;2.2;2.5;3.9;2.25;2.39;0;0;0;1.73;0;0;0;0;2;0;0;0;0;0;0;0;0;0;0;0;0;0;0;0;0;0;0;0;0;0;0;0;0;0;0;0;0;0;0;0;1;0;1;0;0;0;1;2019-10-20 13:00:00;1880;0;43;0;33;0;1;1;0;7;4;1;7;5;1;1;2;0;2;2;1;33;46;77;80;1.1;1.56;2.66;0;0;0;0;0;0;1;1;0;0;0;1;0;0;-1;-1;-1;-1;-1;-1;-1;-1;-1;0;10;43;63;100;10;78;75;43;12.2;0;3.42;2.15;Bijelo Brdo;Šibenik;1.4;1.78;1.4;2.25;0.78;2.67;100;90;58;38;0;64;64;27;1.63;1.67;3.3;2617;19;Y;N;N;N;N;N;N
2340721;671525;10668;2019/2020;complete;90431;11;-1;23;48,49;1;2;3;8;5;13;-1;-1;2;4;0;0;4;5;11;6;15;11;-1;-1;48;52;2;4;1.83;3.1;1.83;0;0;2.08;0;0;0;0;1.73;0;0;1.73;2;0;0;0;0;1.44;1.33;1.44;3.2;2.1;3.2;3;2.25;2.89;0;0;0;1.88;0;0;0;0;1.93;0;0;0;0;0;0;0;0;0;4.2;4.4;0;0;0;0;0;0;0;0;0;0;0;0;0;0;0;0;0;0;0;0;3;1;0;0;2;2;1;2019-10-25 13:00:00;10668;0;55;23;23;0;1;1;1;4;7;1;5;8;2;1;0;3;3;3;1;86;80;109;108;1.84;1.62;3.47;0;0;0;0;0;0;1;1;0;0;0;2;0;0;-1;-1;-1;-1;-1;-1;-1;-1;-1;0;45;58;78;88;45;88;68;45;6.5;0;4.95;2.68;Dubrava Zagreb;Međimurje Čakovec;1;1.22;0.6;0.5;1.2;1;100;55;43;23;13;63;38;38;1.17;1.05;2.22;2617;19;Y;Y;Y;N;N;N;Y
2340722;1880;1860;2019/2020;complete;90431;11;-1;61;;1;0;1;15;2;17;-1;-1;2;3;0;0;9;3;12;1;21;4;-1;-1;62;38;2;3;1.04;5;9;0;0;1.9;0;0;0;0;1.9;0;0;2.55;1.45;0;0;0;0;1.01;1.12;4;1.62;2.5;11;1.44;3.1;11;0;0;0;0;0;0;0;0;0;0;0;0;0;0;0;0;0;0;1.61;23;0;0;0;0;0;0;0;0;0;0;0;0;0;0;0;0;0;0;0;0;1;0;0;1;0;1;0;2019-10-26 13:00:00;1880;0;60;20;20;0;1;1;10;0;5;2;10;7;0;2;2;1;2;3;1;55;20;105;68;2.35;0.62;2.97;0;0;0;0;0;0;1;1;0;0;4;0;0;0;-1;-1;-1;-1;-1;-1;-1;-1;-1;10;20;50;90;100;20;70;100;30;10.65;0;4;2.7;Šibenik;Cibalia;2.5;0.4;3;0.6;2.7;0.9;90;80;50;10;0;68;68;45;2.27;1.56;3.83;2617;19;Y;N;N;N;N;N;N
2340723;1873;10669;2019/2020;complete;90431;11;-1;;55,77,86;0;3;3;1;4;5;-1;-1;2;4;0;0;5;7;7;8;12;15;-1;-1;53;47;2;4;1.5;3.3;2.5;0;0;2.4;0;0;0;0;1.53;0;0;1.91;1.8;0;0;0;0;1.29;1.3;1.67;2.75;2;4;2.52;2.2;3.7;0;0;0;0;0;0;0;0;0;0;0;0;0;0;0;0;0;0;0;0;0;0;0;0;0;0;0;0;0;0;0;0;0;0;0;0;0;0;0;0;3;0;0;0;3;3;0;2019-10-26 13:00:00;10669;0;33;20;23;0;1;1;0;2;1;2;2;3;1;2;1;2;3;3;1;37;25;81;65;1.38;1.61;2.99;0;1;0;1;0;0;1;1;0;0;0;0;0;0;-1;-1;-1;-1;-1;-1;-1;-1;-1;23;23;58;68;90;33;58;80;58;10.25;0;3.17;2.73;Kustošija;Bijelo Brdo;1.2;0.89;0.8;0;0.8;0.7;78;78;43;33;10;63;50;38;1.42;1.19;2.61;2617;19;Y;Y;Y;N;N;N;N
2340724;1879;1877;2019/2020;complete;90431;11;-1;2,75,79;48;3;1;4;4;3;7;-1;-1;-1;-1;-1;-1;6;7;8;6;14;13;-1;-1;49;51;-1;-1;1.44;3.25;2.63;0;0;2;0;0;0;0;1.8;0;0;1.8;1.91;0;0;0;0;1.25;1.3;1.73;2.6;2.1;4;2.39;2.25;3.8;0;0;0;0;0;0;0;0;0;0;0;0;0;0;0;0;0;0;0;0;0;0;0;0;0;0;0;0;0;0;0;0;0;0;0;0;0;0;0;0;4;1;0;2;1;3;1;2019-10-26 13:00:00;1879;0;71;34;38;0;1;-1;1;1;3;2;2;5;-1;-1;-1;-1;-1;-1;1;31;28;63;61;1.52;1.51;3.03;-1;-1;-1;-1;-1;-1;-1;1;1;0;0;0;-1;-1;-1;-1;-1;-1;-1;-1;-1;-1;-1;13;25;54;84;100;34;84;84;38;10.34;0;4.67;2.75;Dugopolje;Solin;1.5;0.3;1;0.33;1.4;1.22;88;75;46;17;0;67;67;67;1.69;0.98;2.67;2617;19;Y;Y;Y;Y;N;N;Y
2340725;671524;1876;2019/2020;complete;90431;11;-1;87;;1;0;1;8;6;14;-1;-1;2;2;0;0;7;4;10;2;17;6;-1;-1;52;48;2;2;1.73;3.4;2;0;0;2.05;0;0;0;0;1.75;0;0;1.75;1.95;0;0;0;0;1.4;1.29;1.53;3;2.1;3.25;2.75;2.25;3.2;0;0;0;1.85;0;0;0;0;1.95;0;0;0;0;0;0;0;0;0;3.9;4.75;0;0;0;0;0;0;0;0;0;0;0;0;0;0;0;0;0;0;0;0;1;0;0;1;0;1;0;2019-10-27 12:00:00;671524;0;58;33;25;0;1;1;2;4;6;2;6;8;1;1;1;1;2;2;1;42;32;80;88;1.86;0.9;2.76;0;0;0;0;0;0;1;1;0;0;0;1;0;0;-1;-1;-1;-1;-1;-1;-1;-1;-1;10;23;70;80;100;45;80;100;35;8.85;0;3.95;2.83;Croatia Zmijavci;Dinamo Zagreb II;2.4;0.56;1.8;0.25;1.4;1.56;90;78;30;20;0;58;48;10;1.6;1.13;2.73;2617;19;Y;N;N;N;N;N;N
2340726;1878;1882;2019/2020;complete;90431;11;-1;56,63,70;31;3;1;4;6;4;10;-1;-1;1;3;0;0;10;5;7;12;17;17;-1;-1;61;39;1;3;1.57;3.5;2.25;0;0;2;0;0;0;0;1.8;0;0;1.75;1.95;0;0;0;0;1.3;1.25;1.73;2.62;2.2;3.75;2.52;2.3;3.5;0;0;0;1.73;0;0;0;0;2;0;0;0;0;0;0;0;0;0;3.9;5;0;0;0;0;0;0;0;0;0;0;0;0;0;0;0;0;0;0;0;0;4;0;1;3;0;3;1;2019-10-27 13:00:00;1878;0;50;0;38;0;1;1;5;2;1;2;7;3;0;1;1;2;1;3;1;50;35;110;83;2.14;1.67;3.81;0;0;0;0;0;0;1;1;0;0;0;2;0;0;-1;-1;-1;-1;-1;-1;-1;-1;-1;0;50;75;88;100;25;50;100;75;4.17;0;2.67;3.13;Hajduk Split II;Sesvete;1.38;1.4;2;2.25;1.6;1.7;100;50;25;13;0;17;0;0;1.65;1.09;2.74;2617;19;Y;Y;Y;Y;N;N;Y
2340727;1858;1871;2019/2020;complete;90431;11;-1;7;42;1;1;2;17;3;20;-1;-1;4;3;1;0;5;4;12;4;17;8;-1;-1;62;38;5;3;1.22;3.8;4;0;0;1.75;0;0;0;0;2.05;0;0;1.85;1.85;0;0;0;0;1.11;1.22;2.38;2.1;2.3;5;1.85;2.5;5.5;0;0;0;1.73;0;0;0;0;2;0;0;0;0;0;0;0;0;0;2.5;10;0;0;0;0;0;0;0;0;0;0;0;0;0;0;0;0;0;0;0;0;2;1;1;0;0;0;2;2019-10-27 13:00:00;-1;0;43;10;33;0;1;1;7;2;10;1;9;11;1;0;4;3;1;7;1;53;27;83;66;1.8;0.98;2.78;1;0;1;0;0;0;1;1;1;0;3;0;0;0;-1;-1;-1;-1;-1;-1;-1;-1;-1;10;10;55;65;100;23;88;78;43;6.25;0;4.5;2.4;Rudeš;Hrvatski Dragovoljac;1.89;0.6;2.25;0;1.7;0.8;90;90;45;35;0;13;0;0;1.49;1.17;2.66;2617;19;Y;Y;N;N;N;N;Y
2340728;10667;671523;2019/2020;complete;90431;11;-1;31;45,56,82;1;3;4;3;4;7;-1;-1;0;0;1;0;6;8;6;5;12;13;-1;-1;56;44;2;0;1.4;3.3;2.75;0;0;2;0;0;0;0;1.8;0;0;1.85;1.85;0;0;0;0;1.22;1.3;1.83;2.5;2.2;4.33;2.27;2.3;4.18;0;0;0;0;0;0;0;0;0;0;0;0;0;0;0;0;0;0;2.9;7;0;0;0;0;0;0;0;0;0;0;0;0;0;0;0;0;0;0;0;0;4;1;1;0;2;2;2;2019-10-26 15:00:00;671523;0;25;13;13;0;1;1;1;3;2;1;4;3;0;0;1;0;0;1;1;37;20;103;72;1.45;1.53;2.98;0;0;0;0;0;0;1;1;0;0;0;0;0;0;-1;-1;-1;-1;-1;-1;-1;-1;-1;13;13;38;63;88;25;75;50;38;9;0;2.5;2.25;Osijek II;Orijent 1919;1.33;2;1.75;1.75;1.7;1.8;88;88;63;38;13;63;63;38;1.87;1.41;3.28;2617;19;Y;Y;Y;Y;N;N;Y
2340729;1860;671523;2019/2020;complete;90431;12;-1;68;16,87;1;2;3;9;5;14;-1;-1;-1;-1;-1;-1;5;5;5;4;10;9;-1;-1;52;48;-1;-1;2;3.1;1.73;0;0;2;0;0;0;0;1.8;0;0;1.65;2.1;0;0;0;0;1.5;1.33;1.36;3.25;2.1;3;3.1;2.25;2.82;0;0;0;1.67;0;0;0;0;2.1;0;0;0;0;0;0;0;0;0;0;0;0;0;0;0;0;0;0;0;0;0;0;0;0;0;0;0;0;0;0;0;3;0;1;1;1;2;1;2019-11-02 13:00:00;671523;0;50;30;10;0;1;-1;3;5;6;0;8;6;-1;-1;-1;-1;-1;-1;1;34;29;82;73;1.23;1.13;2.37;-1;-1;-1;-1;-1;-1;-1;1;0;0;2;2;-1;-1;-1;-1;-1;-1;-1;-1;-1;-1;-1;0;30;70;90;100;50;80;70;60;8.8;0;3.4;2.9;Cibalia;Orijent 1919;1;2;1.2;2;0.82;1.91;100;70;30;10;0;80;80;40;1.19;1.44;2.63;2617;19;Y;Y;Y;N;N;N;Y
2340730;1871;10667;2019/2020;complete;90431;12;-1;34,64;17;2;1;3;3;5;8;-1;-1;-1;-1;-1;-1;4;5;3;1;7;6;-1;-1;36;64;-1;-1;1.83;3.1;1.83;0;0;2.08;0;0;0;0;1.73;0;0;1.73;2;0;0;0;0;1.5;1.33;1.4;3.25;2.05;3.2;3;2.2;3.02;0;0;0;1.93;0;0;0;0;1.88;0;0;0;0;0;0;0;0;0;0;0;0;0;0;0;0;0;0;0;0;0;0;0;0;0;0;0;0;0;0;0;3;1;1;1;0;1;2;2019-11-03 13:00:00;1871;0;45;19;27;0;1;-1;3;3;0;2;6;2;-1;-1;-1;-1;-1;-1;1;45;55;66;98;1.05;1.14;2.19;-1;-1;-1;-1;-1;-1;-1;1;0;0;2;0;-1;-1;-1;-1;-1;-1;-1;-1;-1;-1;-1;9;29;47;74;100;29;55;92;55;7.4;0;5.23;2.57;Hrvatski Dragovoljac;Osijek II;2.22;1.4;1.6;1.67;0.82;1.55;92;72;54;27;0;35;35;23;1.58;1.36;2.94;2617;19;Y;Y;Y;N;N;N;Y
2340731;1882;1858;2019/2020;complete;90431;12;-1;34,67,77;8,20;3;2;5;6;1;7;-1;-1;2;5;0;0;7;4;6;3;13;7;-1;-1;51;49;2;5;1.83;3.2;1.83;0;0;2.08;0;0;0;0;1.73;0;0;1.8;1.91;0;0;0;0;1.36;1.33;1.53;3;2.1;3.4;2.82;2.2;3.2;0;0;0;1.67;0;0;0;0;2.1;0;0;0;0;0;0;0;0;0;0;0;0;0;0;0;0;0;0;0;0;0;0;0;0;0;0;0;0;0;0;0;5;1;2;2;0;2;3;2019-11-02 12:00:00;1882;0;50;9;25;0;1;1;2;0;4;1;2;5;1;1;1;4;2;5;1;38;30;72;68;1.58;0.94;2.53;0;1;0;1;0;0;1;1;0;1;1;0;1;0;-1;-1;-1;-1;-1;-1;-1;-1;-1;9;25;42;84;100;42;67;83;34;13.1;0;3.75;2.58;Sesvete;Rudeš;1.67;1.2;1.33;1.33;1.55;1.64;92;75;59;17;0;37;37;29;2.32;1.76;4.08;2617;19;Y;Y;Y;Y;Y;N;Y
2340732;1877;1878;2019/2020;complete;90431;12;-1;69,89;30,65,82;2;3;5;6;6;12;-1;-1;2;3;0;0;7;7;10;5;17;12;-1;-1;46;54;2;3;2.5;3.5;1.5;0;0;2.05;0;0;0;0;1.75;0;0;1.8;1.91;0;0;0;0;1.67;1.25;1.36;3.6;2.1;2.75;3.7;2.2;2.52;0;0;0;1.67;0;0;0;0;2.1;0;0;0;0;0;0;0;0;0;0;0;0;0;0;0;0;0;0;0;0;0;0;0;0;0;0;0;0;0;0;0;5;0;1;2;2;4;1;2019-11-02 13:00:00;1878;0;36;13;23;0;1;1;4;4;2;2;8;4;1;2;1;1;3;2;1;30;42;98;98;1.78;1.56;3.34;0;0;0;0;0;0;1;1;0;0;1;0;1;0;-1;-1;-1;-1;-1;-1;-1;-1;-1;7;28;44;65;94;13;42;88;53;10.11;0;3.83;2.36;Solin;Hajduk Split II;1.78;1.45;1.67;1.5;1;1.73;94;73;57;36;7;69;39;29;1.39;1.47;2.86;2617;19;Y;Y;Y;Y;Y;N;Y
2340733;1880;1873;2019/2020;complete;90431;12;-1;48,78;;2;0;2;4;6;10;-1;-1;2;1;0;0;7;6;13;4;20;10;-1;-1;55;45;2;1;1.05;4.5;8.5;0;0;2.1;0;0;0;0;1.7;0;0;2.88;1.36;0;0;0;0;1.03;1.14;3.4;1.8;2.25;10;1.67;2.4;9.1;0;0;0;0;2;0;0;0;0;1.8;0;0;0;0;0;0;0;0;0;0;0;0;0;0;0;0;0;0;0;0;0;0;0;0;0;0;0;0;0;0;2;0;0;2;0;2;0;2019-11-02 13:00:00;1880;0;35;17;19;0;1;1;2;1;2;5;3;7;1;0;1;1;1;2;1;48;34;102;93;2.1;1.31;3.4;0;0;0;0;0;0;1;1;0;0;0;1;0;0;-1;-1;-1;-1;-1;-1;-1;-1;-1;9;19;35;64;100;27;54;100;29;13.08;0;3.83;2.25;Šibenik;Kustošija;2.5;1.22;3;0.8;2.73;0.73;92;82;65;37;0;46;46;25;2.28;0.94;3.22;2617;19;Y;Y;N;N;N;N;N
2340734;10668;1879;2019/2020;complete;90431;12;-1;46,58,77,90;10,13;4;2;6;5;8;13;-1;-1;-1;-1;-1;-1;8;4;8;6;16;10;-1;-1;53;47;-1;-1;1.73;3;2;0;0;2.2;0;0;0;0;1.65;0;0;1.8;1.91;0;0;0;0;1.36;1.33;1.5;3.1;2.05;3.4;2.75;2.37;3;0;0;0;1.85;0;0;0;0;1.95;0;0;0;0;0;0;0;0;0;4;4.6;0;0;0;0;0;0;0;0;0;0;0;0;0;0;0;0;0;0;0;0;6;0;2;4;0;4;2;2019-10-31 16:00:00;10668;0;67;17;42;0;1;-1;1;4;4;4;5;8;-1;-1;-1;-1;-1;-1;1;59;53;114;109;2;1.3;3.3;-1;-1;-1;-1;-1;-1;-1;1;0;1;0;2;-1;-1;-1;-1;-1;-1;-1;-1;-1;-1;-1;17;25;75;83;92;34;67;83;67;9.16;0;5.67;2.92;Međimurje Čakovec;Dugopolje;1.2;1.11;1.33;1.67;1.18;1.55;84;75;25;17;9;42;42;25;1.71;1.47;3.18;2617;19;Y;Y;Y;Y;Y;Y;Y
2340735;1876;671525;2019/2020;complete;90431;12;-1;82;64;1;1;2;5;4;9;-1;-1;2;2;0;0;5;3;6;4;11;7;-1;-1;50;50;2;2;1.5;3.5;2.5;0;0;1.85;0;0;0;0;1.95;0;0;1.65;2.1;0;0;0;0;1.3;1.25;1.73;2.6;2.2;3.75;2.72;2.25;3.26;0;0;0;0;0;0;0;0;0;0;0;0;0;0;0;0;0;0;0;0;0;0;0;0;0;0;0;0;0;0;0;0;0;0;0;0;0;0;0;0;2;0;0;1;1;2;0;2019-11-03 12:00:00;-1;0;27;19;9;0;1;1;1;0;4;4;1;8;1;2;1;0;3;1;1;72;38;125;95;1.57;0.94;2.51;0;0;0;0;0;0;1;1;0;0;0;0;0;0;-1;-1;-1;-1;-1;-1;-1;-1;-1;0;20;37;74;100;29;74;74;47;6.8;0;4.8;2.3;Dinamo Zagreb II;Dubrava Zagreb;2.1;1.44;2.67;1.8;1.55;1.09;100;80;64;27;0;40;30;0;1.55;1.29;2.84;2617;19;Y;Y;N;N;N;N;Y
2340736;10669;671524;2019/2020;complete;90431;12;-1;48;45;1;1;2;5;1;6;-1;-1;1;3;0;0;6;4;12;3;18;7;-1;-1;57;43;1;3;1.62;3.1;2.2;0;0;2.08;0;0;0;0;1.73;0;0;1.8;1.91;0;0;0;0;1.33;1.33;1.57;2.88;2.1;3.5;2.52;2.2;3.74;0;0;0;1.73;0;0;0;0;2;0;0;0;0;0;0;1.8;0;2.3;0;0;0;0;0;0;0;0;0;0;0;0;0;0;0;0;0;0;0;0;0;0;2;0;1;1;0;1;1;2019-11-03 13:00:00;-1;0;45;0;37;0;1;1;2;0;3;1;2;4;0;1;1;2;1;3;1;64;25;128;89;2.02;0.92;2.94;0;0;0;0;0;0;1;1;0;0;1;0;0;0;-1;-1;-1;-1;-1;-1;-1;-1;-1;10;19;45;82;90;29;72;82;45;9.43;0;5;2.45;Bijelo Brdo;Croatia Zmijavci;1.4;1;1.17;1;0.91;1.55;90;82;55;19;10;44;44;17;1.54;1.31;2.85;2617;19;Y;Y;N;N;N;N;Y
2340737;671525;10669;2019/2020;complete;90431;13;-1;;;0;0;0;8;0;8;-1;-1;-1;-1;-1;-1;11;0;10;7;21;7;-1;-1;57;43;-1;-1;1.53;3.3;2.38;0;0;2;0;0;0;0;1.8;0;0;1.73;2;0;0;0;0;1.3;1.3;1.67;2.75;2.2;3.6;2.47;2.25;3.7;0;0;0;1.85;0;0;0;0;1.95;0;0;0;0;0;0;1.73;9.5;2.38;0;0;0;0;0;0;0;0;0;0;0;0;0;0;0;0;0;0;0;0;0;0;0;0;0;0;0;0;0;2019-11-08 12:30:00;-1;0;44;9;19;0;-1;-1;-1;-1;-1;-1;-1;-1;-1;-1;-1;-1;-1;-1;1;91;47;152;145;2.75;0.81;3.56;0;0;0;0;0;0;1;1;0;0;-1;-1;-1;-1;-1;-1;-1;-1;-1;-1;-1;-1;-1;10;27;65;82;100;27;80;84;65;6.4;0;4.42;2.94;Dubrava Zagreb;Bijelo Brdo;1;0.89;0.5;0.6;1.08;0.92;90;74;35;19;0;40;20;10;1.34;1.27;2.61;2617;19;N;N;N;N;N;N;N
2340738;1873;1860;2019/2020;complete;90431;13;-1;38,78,85;;3;0;3;6;5;11;-1;-1;-1;-1;-1;-1;7;0;12;6;19;6;-1;-1;58;42;-1;-1;1.4;3.5;2.75;0;0;1.95;0;0;0;0;1.85;0;0;1.75;1.95;0;0;0;0;1.25;1.29;1.8;2.5;2.2;4;2.22;2.38;3.98;0;0;0;0;1.93;0;0;0;0;1.88;0;0;0;0;0;1.62;9.5;2.6;0;0;0;0;0;0;0;0;0;0;0;0;0;0;0;0;0;0;0;0;0;0;3;1;0;2;0;2;1;2019-11-09 12:00:00;1873;0;42;17;17;0;1;-1;3;3;3;2;6;5;-1;-1;-1;-1;-1;-1;1;84;62;91;90;2.28;0.83;3.12;-1;-1;-1;-1;-1;-1;-1;1;0;0;1;0;-1;-1;-1;-1;-1;-1;-1;-1;-1;-1;-1;9;17;42;75;92;17;42;84;42;9.8;0;4.43;2.33;Kustošija;Cibalia;1.2;0.4;0.67;0.5;0.67;0.75;92;83;59;25;9;70;70;60;1.41;1.37;2.78;2617;19;Y;Y;Y;N;N;N;N
2340739;1879;1876;2019/2020;complete;90431;13;-1;35,74,79;;3;0;3;2;3;5;-1;-1;-1;-1;-1;-1;6;5;7;5;13;10;-1;-1;41;59;-1;-1;2.1;3.2;1.67;0;0;2;0;0;0;0;1.8;0;0;1.73;2;0;0;0;0;1.5;1.33;1.44;3.25;2.1;2.88;3;2.25;2.92;0;0;0;1.95;0;0;0;0;1.85;0;0;0;0;0;0;2.2;9;1.8;0;0;0;0;0;0;0;0;0;0;0;0;0;0;0;0;0;0;0;0;0;0;3;1;0;2;0;2;1;2019-11-09 12:30:00;1879;0;70;10;60;0;1;-1;2;0;0;3;2;3;-1;-1;-1;-1;-1;-1;1;56;53;110;141;1.65;1.38;3.03;-1;-1;-1;-1;-1;-1;-1;1;0;0;0;0;-1;-1;-1;-1;-1;-1;-1;-1;-1;-1;-1;10;40;80;90;100;20;90;100;60;9.85;0;4.47;3.2;Dugopolje;Dinamo Zagreb II;1.5;0.56;1.4;0.2;1.42;1.5;90;60;20;10;0;53;53;23;1.65;1.09;2.74;2617;19;Y;Y;Y;N;N;N;N
2340740;671523;1871;2019/2020;complete;90431;13;-1;;;0;0;0;3;3;6;-1;-1;-1;-1;-1;-1;4;6;4;6;8;12;-1;-1;52;48;-1;-1;1.2;3.6;4.33;0;0;1.85;0;0;0;0;1.95;0;0;1.85;1.85;0;0;0;0;1.08;1.25;2.38;2;2.25;6;1.93;2.45;5.4;0;0;0;1.73;0;0;0;0;2;0;0;0;0;0;0;1.36;9.5;3.6;0;0;0;0;0;0;0;0;0;0;0;0;0;0;0;0;0;0;0;0;0;0;0;0;0;0;0;0;0;2019-11-09 14:00:00;-1;0;59;25;33;0;1;-1;1;1;2;2;2;4;-1;-1;-1;-1;-1;-1;1;72;57;129;87;1.32;1.59;2.91;0;0;0;0;0;0;1;1;0;0;1;1;-1;-1;-1;-1;-1;-1;-1;-1;-1;-1;-1;17;25;42;83;100;33;84;67;50;5;0;5.43;2.67;Orijent 1919;Hrvatski Dragovoljac;1.5;0.6;1.83;0.17;2;1;83;75;59;17;0;45;35;10;1.33;1.13;2.46;2617;19;N;N;N;N;N;N;N
2340741;671524;1880;2019/2020;complete;90431;13;-1;3,78;;2;0;2;4;6;10;-1;-1;1;0;0;0;8;11;5;11;13;22;-1;-1;39;61;1;0;2.2;3.3;1.62;0;0;2.15;0;0;0;0;1.67;0;0;1.8;1.91;0;0;0;0;1.62;1.33;1.36;3.5;2.05;3;3.5;2.15;2.72;0;0;0;1.73;0;0;0;0;2;0;0;0;0;0;0;2.3;8;1.8;0;0;0;0;0;0;0;0;0;0;0;0;0;0;0;0;0;0;0;0;0;0;2;1;0;1;0;1;1;2019-11-10 12:30:00;671524;0;27;17;10;0;1;1;1;5;3;1;6;4;0;0;1;0;0;1;1;43;62;88;112;1.69;2.6;4.3;0;0;0;0;0;0;1;1;1;0;0;0;0;0;-1;-1;-1;-1;-1;-1;-1;-1;-1;9;9;27;35;100;17;65;70;19;11.67;0;3.67;1.79;Croatia Zmijavci;Šibenik;2.4;1.78;2;2.4;1.5;2.75;92;92;74;65;0;63;54;42;1.65;1.64;3.29;2617;19;Y;Y;N;N;N;N;N
2340742;1878;10668;2019/2020;complete;90431;13;-1;;60,81,82;0;3;3;4;2;6;-1;-1;2;5;0;0;7;5;3;4;10;9;-1;-1;65;35;2;5;1.1;4.75;6.5;0;0;1.53;0;0;0;0;2.4;0;0;1.75;1.95;0;0;0;0;1.08;1.17;3.25;1.73;2.63;6;1.63;2.88;6.35;0;0;0;1.73;0;0;0;0;2;0;0;0;0;0;0;1.25;15;4;0;0;0;0;0;0;0;0;0;0;0;0;0;0;0;0;0;0;0;0;0;0;3;0;0;0;3;3;0;2019-11-11 12:30:00;10668;0;64;10;27;0;1;1;2;0;2;2;2;4;0;2;2;3;2;5;1;61;42;143;108;1.58;1.23;2.81;0;0;0;0;0;0;1;1;0;0;0;0;0;0;-1;-1;-1;-1;-1;-1;-1;-1;-1;0;70;90;90;90;37;74;90;80;8.27;0;4;3.4;Hajduk Split II;Međimurje Čakovec;1.38;1.22;2.33;1;1.83;1.33;100;30;10;10;10;67;57;40;1.81;1.16;2.97;2617;19;Y;Y;Y;N;N;N;N
2340743;1858;1877;2019/2020;complete;90431;13;-1;81;;1;0;1;4;2;6;-1;-1;1;4;0;0;6;3;4;2;10;5;-1;-1;63;37;1;4;1.22;3.75;4;0;0;1.8;0;0;0;0;2;0;0;1.75;1.95;0;0;0;0;1.11;1.22;2.25;2.1;2.3;4.75;1.87;2.5;5.4;0;0;0;0;2;0;0;0;0;1.73;0;0;0;0;0;1.44;11;3.1;0;0;0;0;0;0;0;0;0;0;0;0;0;0;0;0;0;0;0;0;0;0;1;0;0;1;0;1;0;2019-11-10 12:30:00;1858;0;50;30;20;0;1;1;3;2;1;0;5;1;0;0;1;4;0;5;1;62;36;104;72;1.51;0.79;2.3;1;0;1;0;0;0;1;1;0;0;0;2;0;0;-1;-1;-1;-1;-1;-1;-1;-1;-1;0;10;50;70;100;40;70;70;30;10.4;0;5.17;2.3;Rudeš;Solin;1.89;0.3;2;0.2;1.5;0.92;100;90;50;30;0;50;50;40;1.55;1.14;2.69;2617;19;Y;N;N;N;N;N;N
2340744;10667;1882;2019/2020;complete;90431;13;-1;45;74;1;1;2;6;7;13;-1;-1;0;4;0;0;4;7;8;7;12;14;-1;-1;49;51;0;4;1.8;3.2;1.91;0;0;2.05;0;0;0;0;1.75;0;0;1.73;2;0;0;0;0;1.4;1.33;1.5;3.1;2.1;3.2;3;2.25;2.92;0;0;0;1.93;0;0;0;0;1.88;0;0;0;0;0;0;1.91;8.5;2.1;0;0;0;0;0;0;0;0;0;0;0;0;0;0;0;0;0;0;0;0;0;0;2;1;0;0;1;1;1;2019-11-10 12:00:00;-1;0;40;10;10;0;1;1;6;2;0;5;8;5;0;2;0;2;2;2;1;56;57;118;154;1.45;1.8;3.25;0;0;0;0;0;0;1;1;0;0;1;0;0;0;-1;-1;-1;-1;-1;-1;-1;-1;-1;10;30;50;70;90;20;70;80;50;6.25;0;3.25;2.6;Osijek II;Sesvete;1.33;1.4;1.4;1.8;1.42;1.67;90;70;50;30;10;45;33;10;1.79;1.24;3.03;2617;19;Y;Y;N;N;N;N;Y
2340745;1882;671523;2019/2020;complete;90431;14;-1;;;0;0;0;6;3;9;-1;-1;2;3;0;0;6;4;8;5;14;9;-1;-1;52;48;2;3;1.2;3.75;4.33;0;0;2.1;0;0;0;0;1.7;0;0;2.2;1.6;0;0;0;0;1.1;1.25;2.5;2.1;2.1;6;2.02;2.25;5.45;0;0;0;0;0;0;0;0;0;0;0;0;0;0;0;0;0;0;0;0;0;0;0;0;0;0;0;0;0;0;0;0;0;0;0;0;0;0;0;0;0;0;0;0;0;0;0;2019-11-23 12:30:00;-1;0;62;31;24;0;1;1;2;2;4;1;4;5;1;1;1;2;2;3;1;73;45;123;122;1.84;1.19;3.03;0;0;0;0;0;0;1;1;0;0;1;0;0;0;-1;-1;-1;-1;-1;-1;-1;-1;-1;15;23;55;77;100;45;77;77;48;12;0;3;2.69;Sesvete;Orijent 1919;1.67;2;1.57;2.17;1.62;1.92;86;77;45;23;0;50;50;42;2.2;1.38;3.58;2617;19;N;N;N;N;N;N;N
2340746;10668;1858;2019/2020;complete;90431;14;-1;;42;0;1;1;10;2;12;-1;-1;5;5;0;0;7;4;6;1;13;5;-1;-1;49;51;5;5;1.8;3.2;1.91;0;0;2;0;0;0;0;1.8;0;0;1.8;1.91;0;0;0;0;1.44;1.36;1.5;3;2.1;3.25;2.92;2.2;3.11;0;0;0;0;0;0;0;0;0;0;0;0;0;0;0;0;0;0;0;0;0;0;0;0;0;0;0;0;0;0;0;0;0;0;0;0;0;0;0;0;1;0;1;0;0;0;1;2019-11-22 16:00:00;1858;0;64;7;36;0;1;1;1;1;9;1;2;10;0;0;5;5;0;10;1;75;50;126;108;1.86;0.97;2.83;0;0;0;0;0;0;1;1;0;0;0;0;0;0;-1;-1;-1;-1;-1;-1;-1;-1;-1;14;29;64;93;93;29;64;86;72;11;0;5.17;3;Međimurje Čakovec;Rudeš;1.2;1.2;1.57;1.14;1.46;1.62;86;72;36;7;7;50;50;36;1.75;1.63;3.38;2617;19;Y;N;N;N;N;N;N
2340747;1860;1871;2019/2020;complete;90431;14;-1;37;41;1;1;2;5;6;11;-1;-1;6;4;0;0;6;5;9;4;15;9;-1;-1;50;50;6;4;1.8;3.2;1.91;0;0;2.08;0;0;0;0;1.73;0;0;1.73;2;0;0;0;0;1.44;1.33;1.44;3.1;2.1;3.1;2.82;0;3.1;0;0;0;0;0;0;0;0;0;0;0;0;0;0;0;0;0;0;0;0;0;0;0;0;0;0;0;0;0;0;0;0;0;0;0;0;0;0;0;0;2;1;1;0;0;0;2;2019-11-23 12:30:00;-1;0;54;23;23;0;1;1;2;5;3;1;7;4;1;1;5;3;2;8;1;85;54;151;108;1.99;1.32;3.31;0;0;0;0;0;0;1;1;0;0;1;1;0;0;-1;-1;-1;-1;-1;-1;-1;-1;-1;7;24;63;86;93;40;85;70;55;8;0;4.8;2.73;Cibalia;Hrvatski Dragovoljac;1;0.6;1;0.29;0.69;1;93;77;37;15;7;67;59;34;1.19;1.21;2.4;2617;19;Y;Y;N;N;N;N;Y
2340748;1877;10667;2019/2020;complete;90431;14;-1;31,71;;2;0;2;3;8;11;-1;-1;2;4;0;0;7;4;3;8;10;12;-1;-1;46;54;2;4;2.38;3.25;1.53;0;0;2.1;0;0;0;0;1.7;0;0;1.85;1.85;0;0;0;0;1.73;1.33;1.3;3.75;2.05;2.75;3.7;0;2.52;0;0;0;0;0;0;0;0;0;0;0;0;0;0;0;0;0;0;0;0;0;0;0;0;0;0;0;0;0;0;0;0;0;0;0;0;0;0;0;0;2;1;0;1;0;1;1;2019-11-23 12:30:00;1877;0;50;15;36;0;1;1;0;3;3;5;3;8;0;1;2;3;1;5;1;59;78;93;103;1.55;1.6;3.15;0;0;0;0;0;0;1;1;0;0;0;0;0;0;-1;-1;-1;-1;-1;-1;-1;-1;-1;14;22;50;71;100;15;50;93;57;8.34;0;4.69;2.57;Solin;Osijek II;1.78;1.4;1.43;1.43;0.85;1.38;86;79;50;29;0;50;25;17;1.46;1.32;2.78;2617;19;Y;Y;N;N;N;N;N
2340749;1880;671525;2019/2020;complete;90431;14;-1;82;;1;0;1;11;1;12;-1;-1;1;1;0;0;6;3;5;6;11;9;-1;-1;61;39;1;1;1.05;5;8.5;0;0;1.85;0;0;0;0;1.95;0;0;2.4;1.5;0;0;0;0;1.02;1.12;3.75;1.67;2.5;9.5;1.63;2.63;7.8;0;0;0;0;0;0;0;0;0;0;0;0;0;0;0;1.17;10;6.5;0;0;0;0;0;0;0;0;0;0;0;0;0;0;0;0;0;0;0;0;0;0;1;0;0;1;0;1;0;2019-11-23 12:30:00;1880;0;38;23;16;0;1;1;8;1;3;0;9;3;0;0;1;1;0;2;1;92;49;156;128;1.79;1.15;2.94;0;0;0;0;0;0;1;1;0;0;1;0;0;0;-1;-1;-1;-1;-1;-1;-1;-1;-1;7;24;38;77;100;31;62;92;48;10.62;0;3.76;2.47;Šibenik;Dubrava Zagreb;2.5;1.44;3;1.67;2.54;1.08;93;77;62;23;0;69;52;22;2.26;1.23;3.49;2617;19;Y;N;N;N;N;N;N
2340750;1873;671524;2019/2020;complete;90431;14;-1;3;;1;0;1;3;3;6;-1;-1;2;1;0;0;2;2;0;0;2;2;-1;-1;50;50;2;1;1.83;3;1.83;0;0;2.25;0;0;0;0;1.62;0;0;1.8;1.91;0;0;0;0;1.44;1.33;1.44;3.1;2;3.5;0;0;0;0;0;0;0;0;0;0;0;0;0;0;0;0;0;0;0;0;0;0;0;0;0;0;0;0;0;0;0;0;0;0;0;0;0;0;0;0;0;0;0;1;1;0;0;0;0;1;2019-11-23 12:30:00;1873;0;40;15;24;0;1;1;2;2;1;1;4;2;2;0;0;1;2;1;-1;0;0;0;0;0;0;0;0;0;0;0;0;0;1;1;1;0;1;1;1;0;-1;-1;-1;-1;-1;-1;-1;-1;-1;16;16;45;77;85;31;55;77;45;9.17;0;4.6;2.38;Kustošija;Croatia Zmijavci;1.2;1;1;1;0.85;1.62;85;85;55;23;16;42;42;34;1.55;1.24;2.79;2617;19;Y;N;N;N;N;N;N
2340751;1876;1878;2019/2020;complete;90431;14;-1;19;;1;0;1;0;6;6;-1;-1;3;2;0;0;3;2;7;9;10;11;-1;-1;48;52;3;2;1.8;3.2;1.91;0;0;2;0;0;0;0;1.8;0;0;1.73;2;0;0;0;0;1.4;1.36;1.53;3.1;2.1;3.2;2.9;2.25;3;0;0;0;0;0;0;0;0;0;0;0;0;0;0;0;0;0;0;0;0;0;0;0;0;0;0;0;0;0;0;0;0;0;0;0;0;0;0;0;0;1;1;0;0;0;0;1;2019-11-23 12:00:00;1876;0;44;18;26;0;-1;1;-1;-1;-1;-1;-1;-1;0;0;3;2;0;5;1;47;81;102;122;1.19;1.43;2.62;0;0;0;0;0;0;1;1;0;0;-1;-1;0;0;-1;-1;-1;-1;-1;-1;-1;-1;-1;11;22;37;69;95;18;57;75;44;9.58;0;4.44;2.34;Dinamo Zagreb II;Hajduk Split II;2.1;1.45;2.43;1.67;1.38;1.69;89;78;64;31;6;48;40;32;1.55;1.48;3.03;2617;19;Y;N;N;N;N;N;N
2340752;10669;1879;2019/2020;complete;90431;14;-1;54;;1;0;1;3;2;5;-1;-1;-1;-1;-1;-1;4;4;5;3;9;7;-1;-1;59;41;-1;-1;1.73;3.2;2;0;0;2.05;0;0;0;0;1.75;0;0;1.73;2;0;0;0;0;1.36;1.33;1.53;2.88;2.1;3.4;2.72;2.25;3.2;0;0;0;0;0;0;0;0;0;0;0;0;0;0;0;0;0;0;0;0;0;0;0;0;0;0;0;0;0;0;0;0;0;0;0;0;0;0;0;0;1;0;0;1;0;1;0;2019-11-24 12:30:00;10669;0;64;15;29;0;1;-1;1;1;2;1;2;3;-1;-1;-1;-1;-1;-1;1;79;61;150;137;1.44;1.18;2.62;-1;-1;-1;-1;-1;-1;-1;1;0;0;0;0;-1;-1;-1;-1;-1;-1;-1;-1;-1;-1;-1;22;36;65;86;100;43;86;86;50;9.28;0;4.83;3.15;Bijelo Brdo;Dugopolje;1.4;1.11;1.14;1.43;0.92;1.54;79;65;36;14;0;43;43;22;1.61;1.45;3.06;2617;19;Y;N;N;N;N;N;N
2340753;671525;1873;2019/2020;complete;90431;15;-1;45;69,75;1;2;3;3;3;6;-1;-1;-1;-1;-1;-1;4;6;4;6;8;12;-1;-1;48;52;-1;-1;2.1;3.3;1.67;0;0;2.15;0;0;0;0;1.67;0;0;1.8;1.91;0;0;0;0;1.4;1.33;1.57;3;2.05;3.4;3.1;2.2;2.9;0;0;0;0;0;0;0;0;0;0;0;0;0;0;0;0;0;0;0;0;0;0;0;0;0;0;0;0;0;0;0;0;0;0;0;0;0;0;0;0;3;1;0;0;2;2;1;2019-11-30 12:30:00;1873;0;37;7;16;0;1;-1;1;2;1;1;3;2;-1;-1;-1;-1;-1;-1;1;45;49;87;96;1.12;1.54;2.65;-1;-1;-1;-1;-1;-1;-1;1;0;0;1;0;-1;-1;-1;-1;-1;-1;-1;-1;-1;-1;-1;0;23;30;69;93;23;60;79;47;9.4;0;4.37;2.15;Dubrava Zagreb;Kustošija;1;1.22;0.57;0.67;1;1;100;77;70;31;7;37;29;9;1.62;1.01;2.63;2617;19;Y;Y;Y;N;N;N;Y
2340754;1871;1882;2019/2020;complete;90431;15;-1;44,74,90;8,50;3;2;5;8;4;12;-1;-1;3;1;0;0;6;4;7;5;13;9;-1;-1;50;50;3;1;2.88;3.2;2.3;0;0;1.95;0;0;0;0;1.85;0;0;0;0;0;0;0;0;1.53;1.33;1.36;3.25;2.2;3;0;0;0;0;0;0;0;0;0;0;0;0;0;0;0;0;0;0;0;0;0;0;0;0;0;0;0;0;0;0;0;0;0;0;0;0;0;0;0;0;0;0;0;5;1;1;2;1;3;2;2019-11-30 12:30:00;1871;0;59;17;17;0;1;1;3;1;5;3;4;8;0;0;3;1;0;4;1;59;62;102;98;1.67;1.3;2.97;1;0;1;0;0;0;1;1;0;1;0;0;0;0;-1;-1;-1;-1;-1;-1;-1;-1;-1;0;25;59;83;100;25;67;100;50;7;0;4.8;2.67;Hrvatski Dragovoljac;Sesvete;2.22;1.4;1.83;1.67;1;1.57;100;75;42;17;0;50;40;20;1.47;1.35;2.82;2617;19;Y;Y;Y;Y;Y;N;Y
2340755;1879;1880;2019/2020;complete;90431;15;-1;;38,64;0;2;2;2;11;13;-1;-1;2;2;0;0;5;4;5;8;10;12;-1;-1;44;56;2;2;3;3.5;1.36;0;0;2.15;0;0;0;0;1.67;0;0;1.95;1.75;0;0;0;0;1.91;1.29;1.2;4.75;2.05;2.4;4.2;2.15;2.39;0;0;0;0;0;0;0;0;0;0;0;0;0;0;0;0;0;0;6;3;0;0;0;0;0;0;0;0;0;0;0;0;0;0;0;0;0;0;0;0;2;0;1;0;1;1;1;2019-11-29 12:30:00;1880;0;42;0;42;0;1;1;1;2;1;9;3;10;1;0;1;2;1;3;1;72;80;112;131;1.51;1.62;3.13;0;1;0;1;0;0;1;1;0;0;0;0;0;0;-1;-1;-1;-1;-1;-1;-1;-1;-1;9;25;50;67;100;0;92;75;50;11;0;3.87;2.5;Dugopolje;Šibenik;1.5;1.78;1.67;2;1.43;2.57;92;75;50;34;0;50;50;30;1.65;1.83;3.48;2617;19;Y;Y;N;N;N;N;N
2340756;671523;1877;2019/2020;complete;90431;15;-1;26,39,88;46,65;3;2;5;3;5;8;-1;-1;2;1;0;0;4;3;4;3;8;6;-1;-1;54;46;2;1;1.2;4;4.33;0;0;1.85;0;0;0;0;1.95;0;0;1.91;1.8;0;0;0;0;1.1;1.2;2.5;2.05;2.3;5.5;2.02;2.4;4.7;0;0;0;0;0;0;0;0;0;0;0;0;0;0;0;1.36;10;3.6;2.65;9;0;0;0;0;0;0;0;0;0;0;0;0;0;0;0;0;0;0;0;0;5;2;0;1;2;3;2;2019-11-30 12:00:00;671523;0;47;24;23;0;1;1;1;3;2;2;4;4;1;0;1;1;1;2;1;51;69;116;110;1.17;1.1;2.27;1;0;1;0;0;0;1;1;0;0;0;0;0;0;-1;-1;-1;-1;-1;-1;-1;-1;-1;7;23;40;69;93;31;54;70;38;6.14;0;5.08;2.31;Orijent 1919;Solin;1.5;0.3;1.71;0.17;1.86;1;93;77;61;31;7;55;55;25;1.32;1.09;2.41;2617;19;Y;Y;Y;Y;Y;N;Y
2340757;671524;1860;2019/2020;complete;90431;15;-1;24,31,68,81;;4;0;4;5;1;6;-1;-1;-1;-1;-1;-1;11;4;10;6;21;10;-1;-1;59;41;-1;-1;1.22;3.8;4;0;0;1.9;0;0;0;0;1.9;0;0;2;1.73;0;0;0;0;1.05;1.22;2.75;1.95;2.3;6;1.82;2.45;6.35;0;0;0;0;0;0;0;0;0;0;0;0;0;0;0;0;0;0;0;0;0;0;0;0;0;0;0;0;0;0;0;0;0;0;0;0;0;0;0;0;4;2;0;2;0;2;2;2019-12-01 12:30:00;671524;0;36;15;7;0;1;-1;4;1;1;0;5;1;-1;-1;-1;-1;-1;-1;1;58;38;121;95;2.51;1.19;3.71;0;0;0;0;0;0;1;1;0;0;0;1;-1;-1;-1;-1;-1;-1;-1;-1;-1;-1;-1;7;14;36;72;100;15;57;100;29;9;0;4.83;2.29;Croatia Zmijavci;Cibalia;2.4;0.4;2.14;0.43;1.5;0.71;93;86;64;29;0;70;63;48;1.65;1.28;2.93;2617;19;Y;Y;Y;Y;N;N;N
2340758;1878;10669;2019/2020;complete;90431;15;-1;;;0;0;0;8;4;12;-1;-1;1;2;0;0;9;2;10;2;19;4;-1;-1;65;35;1;2;1.22;4;4;0;0;1.67;0;0;0;0;2.15;0;0;1.91;1.8;0;0;0;0;1.1;1.22;2.62;2;2.38;5.5;1.93;2.5;4.92;0;0;0;0;0;0;0;0;0;0;0;0;0;0;0;0;0;0;2.6;10;0;0;0;0;0;0;0;0;0;0;0;0;0;0;0;0;0;0;0;0;0;0;0;0;0;0;0;2019-12-02 12:30:00;-1;0;34;0;21;0;1;1;2;1;6;3;3;9;0;0;1;2;0;3;1;111;47;149;96;2.63;0.75;3.38;0;0;0;0;0;0;1;1;0;0;1;0;0;0;-1;-1;-1;-1;-1;-1;-1;-1;-1;9;46;84;84;92;21;50;92;84;6.42;0;3.58;3.21;Hajduk Split II;Bijelo Brdo;1.38;0.89;1.75;0.67;1.57;1.07;92;54;17;17;9;29;21;0;1.76;1.2;2.96;2617;19;N;N;N;N;N;N;N
2340759;1858;1876;2019/2020;complete;90431;15;-1;;;0;0;0;2;6;8;-1;-1;-1;-1;-1;-1;3;4;3;6;6;10;-1;-1;41;59;-1;-1;1.67;3.25;2.1;0;0;1.95;0;0;0;0;1.85;0;0;1.75;1.95;0;0;0;0;1.33;1.33;1.67;2.75;2.2;3.5;2.62;2.2;3.4;0;0;0;0;0;0;0;0;0;0;0;0;0;0;0;0;0;0;3.7;5.5;0;0;0;0;0;0;0;0;0;0;0;0;0;0;0;0;0;0;0;0;0;0;0;0;0;0;0;2019-12-01 12:30:00;-1;0;42;17;25;0;1;-1;1;3;1;3;4;4;-1;-1;-1;-1;-1;-1;1;40;56;62;102;0.88;1.32;2.2;0;0;0;0;0;0;1;1;0;0;0;2;-1;-1;-1;-1;-1;-1;-1;-1;-1;-1;-1;0;9;58;67;100;33;75;84;34;10;0;4.47;2.33;Rudeš;Dinamo Zagreb II;1.89;0.56;2.17;0.17;1.71;1.5;100;92;42;34;0;42;42;17;1.55;1.14;2.69;2617;19;N;N;N;N;N;N;N
2340760;10667;10668;2019/2020;complete;90431;15;-1;49,60;81;2;1;3;4;2;6;-1;-1;1;0;0;0;8;3;4;5;12;8;-1;-1;59;41;1;0;1.62;3.5;2.2;0;0;1.9;0;0;0;0;1.9;0;0;1.72;2;0;0;0;0;1.12;1.25;2.2;2.2;2.25;5;0;0;0;0;0;0;0;0;0;0;0;0;0;0;0;0;0;0;0;0;0;0;0;0;0;0;0;0;0;0;0;0;0;0;0;0;0;0;0;0;0;0;0;3;0;0;2;1;3;0;2019-11-30 12:30:00;10667;0;42;17;9;0;1;1;3;1;1;1;4;2;0;0;1;0;0;1;1;39;26;109;87;1.61;0.91;2.52;0;0;0;0;0;0;1;1;0;0;0;0;0;0;-1;-1;-1;-1;-1;-1;-1;-1;-1;9;33;58;75;83;33;75;75;50;8.5;0;4.33;2.67;Osijek II;Međimurje Čakovec;1.33;1.22;1.33;1.33;1.29;1.36;92;67;42;25;17;67;59;50;1.73;1.17;2.9;2617;19;Y;Y;Y;N;N;N;Y
2340761;1871;1877;2019/2020;complete;90431;16;-1;81;;1;0;1;-1;-1;-1;-1;-1;4;1;0;0;-1;-1;-1;-1;-1;-1;-1;-1;-1;-1;4;1;1.4;3.3;2.75;0;0;2.15;0;0;0;0;1.67;0;0;1.95;1.75;0;0;0;0;1.22;1.3;1.8;2.4;2.1;4.5;2.32;2.2;4.18;0;0;0;0;0;0;0;0;0;0;0;0;0;0;0;0;0;0;0;0;0;0;0;0;0;0;0;0;0;0;0;0;0;0;0;0;0;0;0;0;1;0;0;1;0;1;0;2019-12-07 12:30:00;1871;0;57;36;29;0;-1;1;-1;-1;-1;-1;-1;-1;1;0;3;1;1;4;-1;0;0;0;0;0;0;0;0;0;0;0;0;0;1;1;0;0;-1;-1;0;0;-1;-1;-1;-1;-1;-1;-1;-1;-1;14;36;64;79;100;50;64;93;50;8.64;0;4.5;2.93;Hrvatski Dragovoljac;Solin;2.22;0.3;2;0.14;1.13;0.93;86;64;36;22;0;54;54;38;1.5;1.09;2.59;2617;19;Y;N;N;N;N;N;N
2340762;671525;671524;2019/2020;complete;90431;16;-1;83;;1;0;1;3;4;7;-1;-1;2;2;0;0;3;5;4;7;7;12;-1;-1;43;57;2;2;1.62;3.1;2.2;0;0;2.4;0;0;0;0;1.53;0;0;1.95;1.75;0;0;0;0;1.36;1.36;1.57;3.1;1.95;3.75;2.82;2.1;3.4;0;0;0;0;0;0;0;0;0;0;0;0;0;0;0;0;0;0;0;0;0;0;0;0;0;0;0;0;0;0;0;0;0;0;0;0;0;0;0;0;1;0;0;1;0;1;0;2019-12-07 12:30:00;671525;0;53;7;21;0;1;1;1;0;2;4;1;6;0;2;2;0;2;2;1;72;101;99;97;1.18;1.83;3.01;0;0;0;0;0;0;1;1;0;0;0;0;0;0;-1;-1;-1;-1;-1;-1;-1;-1;-1;7;20;40;73;87;27;80;67;40;7;0;4.77;2.26;Dubrava Zagreb;Croatia Zmijavci;1;1;0.5;0.86;0.93;1.6;93;81;61;27;14;22;14;7;1.54;1.24;2.78;2617;19;Y;N;N;N;N;N;N
2340763;1860;1882;2019/2020;complete;90431;16;-1;;;0;0;0;3;6;9;-1;-1;0;1;0;0;4;3;13;6;17;9;-1;-1;49;51;0;1;3;3.5;1.36;0;0;2.25;0;0;0;0;1.62;0;0;2;1.73;0;0;0;0;1.91;1.25;1.2;4.5;2.05;2.5;4.38;2.15;2.32;0;0;0;0;0;0;0;0;0;0;0;0;0;0;0;0;0;0;0;0;0;0;0;0;0;0;0;0;0;0;0;0;0;0;0;0;0;0;0;0;0;0;0;0;0;0;0;2019-12-07 12:30:00;-1;0;64;22;22;0;1;1;3;3;0;3;6;3;0;0;0;1;0;1;1;45;42;97;110;1.68;1.1;2.77;0;0;0;0;0;0;1;1;0;0;0;1;0;0;-1;-1;-1;-1;-1;-1;-1;-1;-1;7;29;64;93;100;36;79;86;57;8.33;0;5;2.93;Cibalia;Sesvete;1;1.4;1;1.43;0.67;1.47;93;71;36;7;0;84;75;45;1.31;1.34;2.65;2617;19;N;N;N;N;N;N;N
2340764;671523;10668;2019/2020;complete;90431;16;-1;;10,26;0;2;2;6;4;10;-1;-1;2;3;0;0;5;4;4;5;9;9;-1;-1;61;39;2;3;1.25;3.2;3.75;0;0;2.08;0;0;0;0;1.73;0;0;1.91;1.8;0;0;0;0;1.2;1.33;1.83;2.5;2.1;4.33;2.05;2.45;4.5;0;0;0;0;0;0;0;0;0;0;0;0;0;0;0;0;0;0;2.7;7.5;0;0;0;0;0;0;0;0;0;0;0;0;0;0;0;0;0;0;0;0;2;0;2;0;0;0;2;2019-12-07 13:30:00;10668;0;54;14;34;0;1;1;2;3;4;1;5;5;1;2;1;1;3;2;1;79;52;141;107;1.5;1.23;2.74;0;0;0;0;0;0;1;1;0;1;0;1;0;1;-1;-1;-1;-1;-1;-1;-1;-1;-1;13;34;62;81;87;34;60;75;61;6.11;0;5.57;2.75;Orijent 1919;Međimurje Čakovec;1.5;1.22;1.88;1.14;1.93;1.27;88;67;39;20;14;55;48;29;1.3;1.14;2.44;2617;19;Y;Y;N;N;N;N;N
2340765;1879;1873;2019/2020;complete;90431;16;-1;29,45;58,83;2;2;4;6;6;12;-1;-1;2;4;0;0;4;7;5;5;9;12;-1;-1;59;41;2;4;1.36;3.6;3;0;0;2.2;0;0;0;0;1.65;0;0;2;1.73;0;0;0;0;1.22;1.29;2;2.4;2.1;4.5;2.22;2.25;4.46;0;0;0;0;0;0;0;0;0;0;0;0;0;0;0;0;0;0;0;0;0;0;0;0;0;0;0;0;0;0;0;0;0;0;0;0;0;0;0;0;4;2;0;0;2;2;2;2019-12-07 12:30:00;-1;0;43;0;36;0;1;1;2;1;4;5;3;9;0;1;2;3;1;5;1;67;70;116;123;1.34;1.76;3.1;0;0;0;0;0;0;1;1;0;0;0;0;0;0;-1;-1;-1;-1;-1;-1;-1;-1;-1;7;29;50;86;100;7;72;100;64;9.17;0;4.7;2.72;Dugopolje;Kustošija;1.5;1.22;1.43;1;1.33;1.13;93;72;50;15;0;33;33;17;1.63;1.1;2.73;2617;19;Y;Y;Y;Y;N;N;Y
2340766;10667;1876;2019/2020;complete;90431;16;-1;;76;0;1;1;4;2;6;-1;-1;2;1;0;0;2;5;4;7;6;12;-1;-1;44;56;2;1;1.67;3.6;2.1;0;0;1.95;0;0;0;0;1.85;0;0;1.8;1.91;0;0;0;0;1.36;1.25;1.62;2.75;2.2;3.4;2.72;2.25;3.26;0;0;0;0;0;0;0;0;0;0;0;0;0;0;0;0;0;0;3.6;5;0;0;0;0;0;0;0;0;0;0;0;0;0;0;0;0;0;0;0;0;1;0;0;0;1;1;0;2019-12-04 12:30:00;1876;0;43;14;22;0;1;1;3;1;1;1;4;2;0;0;2;1;0;3;1;54;47;145;188;0.93;1.48;2.41;0;0;0;0;0;0;1;1;0;0;0;0;0;0;-1;-1;-1;-1;-1;-1;-1;-1;-1;7;22;57;71;86;29;71;79;43;8.86;0;2.8;2.5;Osijek II;Dinamo Zagreb II;1.33;0.56;1.57;0.29;1.4;1.47;93;79;43;29;14;50;50;22;1.71;1.16;2.87;2617;19;Y;N;N;N;N;N;N
2340767;1858;10669;2019/2020;complete;90431;16;-1;38;;1;0;1;6;2;8;-1;-1;3;1;0;0;4;0;3;5;7;5;-1;-1;48;52;3;1;1.22;3.75;4;0;0;2.25;0;0;0;0;1.62;0;0;2.2;1.6;0;0;0;0;1.11;1.22;2.38;2.25;2.1;5.5;1.93;2.38;5.7;0;0;0;0;0;0;0;0;0;0;0;0;0;0;0;1.44;0;3.5;0;0;0;0;0;0;0;0;0;0;0;0;0;0;0;0;0;0;0;0;0;0;1;1;0;0;0;0;1;2019-12-08 12:30:00;1858;0;22;7;14;0;1;1;5;1;1;1;6;2;1;1;2;0;2;2;1;64;51;136;157;1.2;0.71;1.92;0;0;0;0;0;0;1;1;0;0;2;1;0;0;-1;-1;-1;-1;-1;-1;-1;-1;-1;7;7;43;50;79;22;50;64;36;8;0;4.87;1.93;Rudeš;Bijelo Brdo;1.89;0.89;2;0.71;1.67;1.07;93;93;57;50;22;29;22;14;1.45;1.13;2.58;2617;19;Y;N;N;N;N;N;N
2340768;1878;1880;2019/2020;complete;90431;16;-1;31;;1;0;1;3;5;8;-1;-1;4;2;0;0;3;4;6;5;9;9;-1;-1;53;47;4;2;2.1;3;1.67;0;0;2.3;0;0;0;0;1.6;0;0;1.91;1.8;0;0;0;0;1.53;1.36;1.36;3.5;2;3.1;3.5;2.1;2.77;0;0;0;0;0;0;0;0;0;0;0;0;0;0;0;0;0;0;0;0;0;0;0;0;0;0;0;0;0;0;0;0;0;0;0;0;0;0;0;0;1;1;0;0;0;0;1;2019-12-08 12:00:00;1878;0;27;0;17;0;1;1;2;3;1;2;5;3;2;0;2;2;2;4;1;47;71;132;123;1.14;1.37;2.51;0;0;0;0;0;0;1;1;0;0;0;1;1;0;-1;-1;-1;-1;-1;-1;-1;-1;-1;0;30;47;62;90;10;63;69;47;11.77;0;2.58;2.29;Hajduk Split II;Šibenik;1.38;1.78;1.6;2.14;1.53;2.6;100;70;53;39;10;62;62;35;1.93;1.8;3.73;2617;19;Y;N;N;N;N;N;N
2340769;671525;1860;2019/2020;complete;90431;17;-1;4,26;57;2;1;3;6;9;15;-1;-1;-1;-1;-1;-1;3;7;3;10;6;17;-1;-1;47;53;-1;-1;1.29;3.5;3.5;0;0;2.25;0;0;0;0;1.62;0;0;2.1;1.65;0;0;0;0;1.14;1.29;2.2;2.3;2.1;5;2.07;2.3;4.94;0;0;0;0;0;0;0;0;0;0;0;0;0;0;0;0;0;0;2.4;8.5;0;0;0;0;0;0;0;0;0;0;0;0;0;0;0;0;0;0;0;0;3;2;0;0;1;1;2;2020-02-21 14:00:00;671525;0;47;6;12;0;1;-1;4;2;2;7;6;9;-1;-1;-1;-1;-1;-1;1;65;69;115;118;1.07;2.06;3.13;1;0;1;0;0;0;1;1;1;0;0;0;-1;-1;-1;-1;-1;-1;-1;-1;-1;-1;-1;0;24;47;78;95;18;71;84;47;7.32;0;4.97;2.43;Dubrava Zagreb;Cibalia;1;0.4;0.78;0.38;1.06;0.69;100;77;53;23;6;48;42;35;1.49;1.27;2.76;2617;19;Y;Y;Y;N;N;N;Y
2340770;10668;1871;2019/2020;complete;90431;17;-1;23;57,79;1;2;3;7;1;8;-1;-1;1;4;0;0;6;7;8;3;14;10;-1;-1;56;44;1;4;1.4;3.6;2.75;0;0;2.2;0;0;0;0;1.65;0;0;1.91;1.8;0;0;0;0;1.2;1.25;1.91;2.5;2.1;4.33;2.17;2.3;4.36;0;0;0;0;0;0;0;0;0;0;0;0;0;0;0;0;0;0;2.75;7;0;0;0;0;0;0;0;0;0;0;0;0;0;0;0;0;0;0;0;0;3;1;0;0;2;2;1;2020-02-21 17:00:00;1871;0;63;19;32;0;1;1;2;1;5;0;3;5;0;0;1;4;0;5;1;76;51;94;95;1.85;1.5;3.34;0;0;0;0;0;0;1;1;0;0;0;0;0;0;-1;-1;-1;-1;-1;-1;-1;-1;-1;13;13;51;75;88;26;76;63;57;10.06;0;5.83;2.44;Međimurje Čakovec;Hrvatski Dragovoljac;1.2;0.6;1.38;0.38;1.38;1.25;88;88;51;25;13;59;52;46;1.77;1.22;2.99;2617;19;Y;Y;Y;N;N;N;Y
2340771;1873;1878;2019/2020;complete;90431;17;-1;90;9;1;1;2;5;4;9;-1;-1;1;2;0;0;8;4;15;6;23;10;-1;-1;50;50;1;2;2;3.3;1.73;0;0;2.05;0;0;0;0;1.75;0;0;1.72;2;0;0;0;0;1.57;1.33;1.4;3.4;2.1;3;3.2;2.25;2.77;0;0;0;0;0;0;0;0;0;0;0;0;0;0;0;0;0;0;0;0;0;0;0;0;0;0;0;0;0;0;0;0;0;0;0;0;0;0;0;0;2;0;1;1;0;1;1;2020-02-22 14:00:00;-1;0;33;23;17;0;1;1;2;2;3;2;4;5;1;0;0;2;1;2;1;99;53;137;123;2.72;1.31;4.03;0;0;0;0;0;0;1;1;0;1;0;0;0;0;-1;-1;-1;-1;-1;-1;-1;-1;-1;17;27;45;62;89;23;55;67;45;11.35;0;3.77;2.38;Kustošija;Hajduk Split II;1.2;1.45;1.25;1.5;1.13;1.63;84;74;55;39;12;57;57;57;1.55;1.47;3.02;2617;19;Y;Y;N;N;N;N;Y
2340772;1880;1858;2019/2020;complete;90431;17;-1;7,22,37;50,86,90;3;3;6;8;3;11;-1;-1;2;4;0;0;10;3;8;4;18;7;-1;-1;50;50;2;4;1.29;3.6;3.5;0;0;2.35;0;0;0;0;1.57;0;0;2.2;1.6;0;0;0;0;1.13;1.25;2.1;2.3;2.05;5.5;2.17;2.2;4.96;0;0;0;0;0;0;0;0;0;0;0;0;0;0;0;1.44;0;3.5;0;0;0;0;0;0;0;0;0;0;0;0;0;0;0;0;0;0;0;0;0;0;6;3;0;0;3;3;3;2020-02-22 12:00:00;-1;0;44;19;19;0;1;1;6;0;2;3;6;5;1;1;1;3;2;4;1;44;29;90;76;2.15;0.87;3.02;0;1;0;1;0;0;1;1;1;0;1;0;0;0;-1;-1;-1;-1;-1;-1;-1;-1;-1;13;26;44;76;100;32;63;88;38;12.25;0;4.24;2.57;Šibenik;Rudeš;2.5;1.2;3;1.38;2.44;1.75;88;76;57;26;0;57;57;38;2.2;1.53;3.73;2617;19;Y;Y;Y;Y;Y;Y;Y
2340773;1877;1882;2019/2020;complete;90431;17;-1;56,67,70;52;3;1;4;3;2;5;-1;-1;2;2;0;0;9;3;5;3;14;6;-1;-1;53;47;2;2;2.1;3;1.67;0;0;2.05;0;0;0;0;1.75;0;0;1.73;2;0;0;0;0;1.57;1.36;1.36;3.4;2.1;2.88;3.2;2.25;2.77;0;0;0;0;0;0;0;0;0;0;0;0;0;0;0;0;0;0;0;0;0;0;0;0;0;0;0;0;0;0;0;0;0;0;0;0;0;0;0;0;4;0;0;3;1;4;0;2020-02-22 14:00:00;1877;0;51;7;32;0;1;1;3;0;0;2;3;2;0;2;2;0;2;2;1;33;18;80;65;1.75;0.73;2.48;0;0;0;0;0;0;1;1;0;0;0;0;0;0;-1;-1;-1;-1;-1;-1;-1;-1;-1;13;25;50;75;94;7;57;94;57;8.14;0;3.88;2.57;Solin;Sesvete;1.78;1.4;1.63;1.38;0.88;1.44;88;75;50;25;7;79;43;29;1.47;1.31;2.78;2617;19;Y;Y;Y;Y;N;N;Y
2340774;671524;1879;2019/2020;complete;90431;17;-1;40,72,73;;3;0;3;5;7;12;-1;-1;1;1;0;0;6;2;6;10;12;12;-1;-1;48;52;1;1;1.53;3.1;2.38;0;0;1.8;0;0;0;0;2;0;0;1.6;2.2;0;0;0;0;1.3;1.36;1.67;2.62;2.2;3.6;2.72;2.3;3.1;0;0;0;0;0;0;0;0;0;0;0;0;0;0;0;0;0;0;3.9;6;0;0;0;0;0;0;0;0;0;0;0;0;0;0;0;0;0;0;0;0;3;1;0;2;0;2;1;2020-02-23 14:00:00;671524;0;44;25;13;0;1;1;4;2;1;5;6;6;0;0;1;1;0;2;1;53;55;112;146;1.57;1.31;2.88;0;0;0;0;0;0;1;1;0;0;0;1;0;0;-1;-1;-1;-1;-1;-1;-1;-1;-1;26;38;57;69;100;51;69;94;38;8.38;0;5;2.94;Croatia Zmijavci;Dugopolje;2.4;1.11;2.25;1.25;1.5;1.31;76;63;44;32;0;38;32;19;1.76;1.41;3.17;2617;19;Y;Y;Y;N;N;N;N
2340775;10669;10667;2019/2020;complete;90431;17;-1;;3;0;1;1;7;2;9;-1;-1;0;0;0;1;3;3;11;3;14;6;-1;-1;64;36;0;2;1.83;3.2;1.83;0;0;2.3;0;0;0;0;1.6;0;0;1.85;1.85;0;0;0;0;1.5;1.36;1.44;3.4;2;3.2;3.2;2.15;2.92;0;0;0;0;0;0;0;0;0;0;0;0;0;0;0;0;0;0;4.2;4;0;0;0;0;0;0;0;0;0;0;0;0;0;0;0;0;0;0;0;0;1;0;1;0;0;0;1;2020-02-23 14:00:00;10667;0;50;13;25;0;1;1;3;2;4;0;5;4;0;0;0;1;0;1;1;57;25;108;70;1.51;0.78;2.29;0;0;0;0;0;0;1;1;0;1;0;1;0;0;-1;-1;-1;-1;-1;-1;-1;-1;-1;7;13;38;75;100;19;69;88;38;9.67;0;4.83;2.32;Bijelo Brdo;Osijek II;1.4;1.4;1.38;1.25;1;1.31;94;88;63;25;0;40;40;27;1.59;1.36;2.95;2617;19;Y;N;N;N;N;N;N
2340776;1876;671523;2019/2020;complete;90431;17;-1;6,57;33,90;2;2;4;3;2;5;-1;-1;2;1;0;0;6;5;1;3;7;8;-1;-1;56;44;2;1;1.53;3.2;2.38;0;0;2.3;0;0;0;0;1.6;0;0;1.95;1.75;0;0;0;0;1.3;1.36;1.67;2.75;2;4;2.47;2.15;3.98;0;0;0;0;0;0;0;0;0;0;0;0;0;0;0;0;0;0;0;0;0;0;0;0;0;0;0;0;0;0;0;0;0;0;0;0;0;0;0;0;4;1;1;1;1;2;2;2020-02-22 14:00:00;-1;0;48;21;27;0;1;1;2;2;1;0;4;1;0;0;2;1;0;3;1;46;45;102;99;1.21;1.19;2.4;1;0;1;0;0;0;1;1;1;0;0;0;0;0;-1;-1;-1;-1;-1;-1;-1;-1;-1;0;7;41;67;93;21;67;60;48;7.72;0;3.93;2.09;Dinamo Zagreb II;Orijent 1919;2.1;2;2.5;2;1.56;1.81;100;93;59;34;7;50;36;22;1.5;1.35;2.85;2617;19;Y;Y;Y;Y;N;N;Y
2340777;1882;10668;2019/2020;complete;90431;18;-1;13,27,33;47;3;1;4;8;8;16;-1;-1;3;1;0;0;10;6;7;3;17;9;-1;-1;55;45;3;1;1.17;4;4.5;0;0;1.95;0;0;0;0;1.85;0;0;2.1;1.65;0;0;0;0;1.06;1.2;2.62;1.95;2.25;6.5;1.86;2.4;5.85;0;0;0;0;0;0;0;0;0;0;0;0;0;0;0;1.33;0;4;2.2;12;0;0;0;0;0;0;0;0;0;0;0;0;0;0;0;0;0;0;0;0;4;3;0;0;1;1;3;2020-02-28 14:00:00;1882;0;50;19;19;0;1;1;4;1;4;7;5;11;1;0;2;1;1;3;1;88;62;131;118;2.41;1.45;3.86;0;0;0;0;0;0;1;1;0;0;1;0;0;0;-1;-1;-1;-1;-1;-1;-1;-1;-1;13;25;57;76;88;44;63;75;44;11.02;0;4.71;2.57;Sesvete;Međimurje Čakovec;1.67;1.22;1.5;1.38;1.35;1.29;88;75;44;26;13;59;46;40;2.14;1.15;3.29;2617;19;Y;Y;Y;Y;N;N;Y
2340778;1871;1876;2019/2020;complete;90431;18;-1;44;;1;0;1;3;2;5;-1;-1;2;3;0;0;6;3;5;4;11;7;-1;-1;48;52;2;3;1.73;3.25;2;0;0;2.25;0;0;0;0;1.62;0;0;1.91;1.8;0;0;0;0;1.4;1.33;1.57;3.1;2;3.5;2.82;2.1;3.4;0;0;0;0;0;0;0;0;0;0;0;0;0;0;0;0;0;0;3.75;4.5;0;0;0;0;0;0;0;0;0;0;0;0;0;0;0;0;0;0;0;0;1;1;0;0;0;0;1;2020-02-28 14:00:00;1871;0;44;26;25;0;1;1;1;0;2;2;1;4;0;0;2;3;0;5;1;61;50;100;102;1.56;1.02;2.58;1;0;1;0;0;0;1;1;0;0;0;0;0;0;-1;-1;-1;-1;-1;-1;-1;-1;-1;7;26;63;69;94;38;63;94;44;8.75;0;4.38;2.57;Hrvatski Dragovoljac;Dinamo Zagreb II;2.22;0.56;2.13;0.63;1.35;1.53;94;76;38;32;7;50;50;23;1.5;1.2;2.7;2617;19;Y;N;N;N;N;N;N
2340779;1860;1877;2019/2020;complete;90431;18;-1;90;60;1;1;2;6;4;10;-1;-1;3;1;0;0;4;2;4;8;8;10;-1;-1;60;40;3;1;1.36;3.75;3;0;0;1.8;0;0;0;0;2;0;0;1.73;2;0;0;0;0;1.2;1.25;1.91;2.38;2.25;4;1.95;2.65;4.6;0;0;0;0;2;0;0;0;0;2;0;0;0;0;0;1.53;11;2.63;0;0;0;0;0;0;0;0;0;0;0;0;0;0;0;0;0;0;0;0;0;0;2;0;0;1;1;2;0;2020-02-29 14:00:00;-1;0;50;25;19;0;1;1;3;1;3;3;4;6;1;1;2;0;2;2;1;59;29;100;74;1.22;0.99;2.2;0;1;0;1;0;0;1;1;0;0;1;0;0;0;-1;-1;-1;-1;-1;-1;-1;-1;-1;7;25;57;76;94;44;63;76;44;8.89;0;4.26;2.57;Cibalia;Solin;1;0.3;1;0.13;0.65;1;94;75;44;26;7;79;73;47;1.35;1.09;2.44;2617;19;Y;Y;N;N;N;N;Y
2340780;671523;10669;2019/2020;complete;90431;18;-1;14;44,48;1;2;3;7;2;9;-1;-1;-1;-1;-1;-1;4;3;2;2;6;5;-1;-1;50;50;-1;-1;1.29;3.5;3.5;0;0;2.05;0;0;0;0;1.75;0;0;1.91;1.8;0;0;0;0;1.14;1.29;2.1;2.25;2.2;5;2.95;2.65;2.55;0;0;0;0;0;0;0;0;0;0;0;0;0;0;0;0;0;0;0;0;0;0;0;0;0;0;0;0;0;0;0;0;0;0;0;0;0;0;0;0;3;1;1;0;1;1;2;2020-02-29 14:00:00;10669;0;29;6;23;0;1;-1;2;2;5;0;4;5;-1;-1;-1;-1;-1;-1;1;88;41;145;102;1.31;0.84;2.15;-1;-1;-1;-1;-1;-1;-1;1;0;0;1;2;-1;-1;-1;-1;-1;-1;-1;-1;-1;-1;-1;18;23;42;64;82;29;59;60;47;5.42;0;4.63;2.35;Orijent 1919;Bijelo Brdo;1.5;0.89;1.67;0.63;1.76;0.94;83;78;59;36;18;41;35;7;1.33;1.08;2.41;2617;19;Y;Y;Y;N;N;N;Y
2340781;1879;671525;2019/2020;complete;90431;18;-1;29,65,70;;3;0;3;5;6;11;-1;-1;2;2;0;0;10;3;5;5;15;8;-1;-1;56;44;2;2;1.5;3.25;2.5;0;0;2.1;0;0;0;0;1.7;0;0;1.85;1.85;0;0;0;0;1.29;1.33;1.73;2.75;2.1;3.75;2.1;2.55;4.2;0;0;0;0;0;0;0;0;0;0;0;0;0;0;0;0;0;0;0;0;0;0;0;0;0;0;0;0;0;0;0;0;0;0;0;0;0;0;0;0;3;1;0;2;0;2;1;2020-02-29 14:00:00;1879;0;46;7;32;0;1;1;2;2;3;4;4;7;2;2;0;0;4;0;1;85;71;122;122;2.26;1.24;3.5;1;0;1;0;0;0;1;1;0;0;0;0;0;2;-1;-1;-1;-1;-1;-1;-1;-1;-1;7;40;52;86;100;21;79;93;66;7.43;0;4.54;2.84;Dugopolje;Dubrava Zagreb;1.5;1.44;1.38;1.43;1.24;1.18;94;61;48;15;0;57;43;29;1.59;1.22;2.81;2617;19;Y;Y;Y;N;N;N;N
2340782;10667;1880;2019/2020;complete;90431;18;-1;21;11;1;1;2;2;8;10;-1;-1;-1;-1;-1;-1;6;5;5;14;11;19;-1;-1;47;53;-1;-1;2.63;3.2;1.44;0;0;2.1;0;0;0;0;1.7;0;0;1.8;1.9;0;0;0;0;1.73;1.33;1.22;4;2.05;2.6;3.8;2.2;2.47;0;0;0;0;0;0;0;0;0;0;0;0;0;0;0;0;0;0;0;0;0;0;0;0;0;0;0;0;0;0;0;0;0;0;0;0;0;0;0;0;2;1;1;0;0;0;2;2020-03-01 14:00:00;-1;0;26;7;13;0;1;-1;2;4;0;4;6;4;-1;-1;-1;-1;-1;-1;1;31;56;82;90;1.34;1.95;3.29;0;0;0;0;0;0;1;1;0;0;0;0;-1;-1;-1;-1;-1;-1;-1;-1;-1;-1;-1;7;13;26;51;94;13;76;63;26;11.11;0;2.57;1.94;Osijek II;Šibenik;1.33;1.78;1.38;1.88;1.41;2.35;94;88;76;51;7;55;55;34;1.62;1.74;3.36;2617;19;Y;Y;N;N;N;N;Y
2340783;1858;1873;2019/2020;complete;90431;18;-1;13;71,81;1;2;3;1;4;5;-1;-1;-1;-1;-1;-1;3;3;1;6;4;9;-1;-1;41;59;-1;-1;1.2;3.75;4.33;0;0;1.95;0;0;0;0;1.85;0;0;2.05;1.68;0;0;0;0;1.1;1.25;2.5;2.05;2.25;5.5;1.97;2.38;5.45;0;0;0;1.73;0;0;0;0;2;0;0;0;0;0;0;0;0;0;2.37;0;0;0;0;0;0;0;0;0;0;0;0;0;0;0;0;0;0;0;0;0;3;1;0;0;2;2;1;2020-03-01 14:00:00;1873;0;32;7;13;0;1;-1;1;2;0;2;3;2;-1;-1;-1;-1;-1;-1;1;34;57;115;152;0.73;1.21;1.94;-1;-1;-1;-1;-1;-1;-1;1;0;0;1;0;-1;-1;-1;-1;-1;-1;-1;-1;-1;-1;-1;0;13;32;57;94;25;57;75;38;10.39;0;5.25;1.94;Rudeš;Kustošija;1.89;1.22;2.13;1;1.71;1.12;100;88;69;44;7;28;28;14;1.42;1.19;2.61;2617;19;Y;Y;Y;N;N;N;Y
2340784;1878;671524;2019/2020;complete;90431;18;-1;49,65;12,45,73,79;2;4;6;6;12;18;-1;-1;-1;-1;-1;-1;5;7;6;3;11;10;-1;-1;56;44;-1;-1;1.44;3.4;2.63;0;0;1.75;0;0;0;0;2.05;0;0;1.62;2.15;0;0;0;0;1.25;1.29;1.73;2.5;2.25;3.75;5.75;2.9;1.68;0;0;0;0;0;0;0;0;0;0;0;0;0;0;0;0;0;0;0;0;0;0;0;0;0;0;0;0;0;0;0;0;0;0;0;0;0;0;0;0;6;0;2;2;2;4;2;2020-03-01 14:00:00;671524;0;36;0;21;0;1;-1;2;10;4;2;12;6;-1;-1;-1;-1;-1;-1;1;57;68;119;124;1.47;1.62;3.09;0;0;0;0;0;0;1;1;0;0;1;3;-1;-1;-1;-1;-1;-1;-1;-1;-1;-1;-1;7;32;46;65;86;21;57;71;46;7.58;0;4.3;2.34;Hajduk Split II;Croatia Zmijavci;1.38;1;1.83;0.75;1.59;1.59;94;69;54;36;15;23;23;9;1.8;1.32;3.12;2617;19;Y;Y;Y;Y;Y;Y;Y
2340785;1878;671525;2019/2020;complete;90431;19;-1;70;56,65;1;2;3;4;11;15;-1;-1;-1;-1;-1;-1;5;7;8;12;13;19;-1;-1;59;41;-1;-1;1.36;3.3;3;0;0;2;0;0;0;0;1.8;0;0;1.75;1.95;0;0;0;0;1.2;1.3;1.83;2.4;2.2;4.33;2.27;2.38;3.98;0;0;0;0;0;0;0;0;0;0;0;0;0;0;0;1.57;0;2.75;0;0;0;0;0;0;0;0;0;0;0;0;0;0;0;0;0;0;0;0;0;0;3;0;0;1;2;3;0;2020-03-07 14:30:00;671525;0;34;7;21;0;1;-1;2;8;2;3;10;5;-1;-1;-1;-1;-1;-1;1;24;32;68;69;1.34;1.91;3.26;0;1;0;1;0;0;1;1;0;0;0;2;-1;-1;-1;-1;-1;-1;-1;-1;-1;-1;-1;7;41;55;73;93;27;60;80;67;7.95;0;3.93;2.76;Hajduk Split II;Dubrava Zagreb;1.38;1.44;1.57;1.25;1.5;1.11;93;59;46;27;7;59;47;27;1.75;1.22;2.97;2617;19;Y;Y;Y;N;N;N;Y
2340786;10668;1877;2019/2020;complete;90431;19;-1;35;87;1;1;2;8;4;12;-1;-1;-1;-1;-1;-1;10;3;4;3;14;6;-1;-1;49;51;-1;-1;1.33;3.5;3.25;0;0;1.85;0;0;0;0;1.95;0;0;1.75;1.95;0;0;0;0;1.14;1.25;2;2.3;2.2;4.5;2.12;2.3;4.56;0;0;0;0;0;0;0;0;0;0;0;0;0;0;0;0;0;0;2.8;7.5;0;0;0;0;0;0;0;0;0;0;0;0;0;0;0;0;0;0;0;0;2;1;0;0;1;1;1;2020-03-06 17:00:00;-1;0;62;11;33;0;1;-1;0;2;8;2;2;10;-1;-1;-1;-1;-1;-1;1;68;65;137;152;2.09;1.08;3.17;0;0;0;0;0;0;1;1;0;0;0;0;-1;-1;-1;-1;-1;-1;-1;-1;-1;-1;-1;11;17;56;73;95;22;56;84;61;10.8;0;4.46;2.56;Međimurje Čakovec;Solin;1.2;0.3;1.22;0.22;1.22;1;89;84;45;28;6;65;65;47;1.78;1.07;2.85;2617;19;Y;Y;N;N;N;N;Y
2340787;1879;1860;2019/2020;complete;90431;19;-1;;;0;0;0;4;4;8;-1;-1;-1;-1;-1;-1;5;5;5;1;10;6;-1;-1;53;47;-1;-1;1.36;3.6;3;0;0;1.85;0;0;0;0;1.95;0;0;1.65;2.1;0;0;0;0;1.2;1.25;1.91;2.4;2.25;4;2.12;2.45;4.16;0;0;0;0;0;0;0;0;0;0;0;0;0;0;0;0;0;0;0;0;0;0;0;0;0;0;0;0;0;0;0;0;0;0;0;0;0;0;0;0;0;0;0;0;0;0;0;2020-03-07 14:30:00;-1;0;50;0;28;0;1;-1;1;2;3;2;3;5;-1;-1;-1;-1;-1;-1;1;35;31;101;100;1.25;0.97;2.21;0;0;0;0;0;0;1;1;0;0;0;2;-1;-1;-1;-1;-1;-1;-1;-1;-1;-1;-1;6;33;67;95;100;17;84;100;61;8.75;0;5.16;3;Dugopolje;Cibalia;1.5;0.4;1.56;0.33;1.33;0.67;95;67;33;6;0;63;63;57;1.67;1.37;3.04;2617;19;N;N;N;N;N;N;N
2340788;1873;10667;2019/2020;complete;90431;19;-1;10,40;21,63;2;2;4;5;3;8;-1;-1;-1;-1;-1;-1;7;3;11;6;18;9;-1;-1;49;51;-1;-1;1.67;3.4;2.1;0;0;2.2;0;0;0;0;1.65;0;0;1.85;1.85;0;0;0;0;1.36;1.29;1.53;3;2.05;3.5;2.75;2.3;3.15;0;0;0;0;0;0;0;0;0;0;0;0;0;0;0;0;0;0;0;0;0;0;0;0;0;0;0;0;0;0;0;0;0;0;0;0;0;0;0;0;4;2;1;0;1;1;3;2020-03-07 14:30:00;-1;0;39;22;17;0;1;-1;4;1;1;2;5;3;-1;-1;-1;-1;-1;-1;1;45;48;89;94;1.95;1.13;3.08;-1;-1;-1;-1;-1;-1;-1;1;1;0;1;0;-1;-1;-1;-1;-1;-1;-1;-1;-1;-1;-1;11;11;39;67;95;22;62;73;39;9.5;0;4.45;2.22;Kustošija;Osijek II;1.2;1.4;1.22;1.44;1.22;1.39;89;89;62;33;6;51;38;38;1.72;1.29;3.01;2617;19;Y;Y;Y;Y;N;N;Y
2340789;1880;671523;2019/2020;complete;90431;19;-1;66;39,90;1;2;3;5;0;5;-1;-1;3;1;0;0;7;5;11;6;18;11;-1;-1;55;45;3;1;1.17;4.2;4.5;0;0;2.05;0;0;0;0;1.75;0;0;2.1;1.65;0;0;0;0;1.08;1.2;2.62;2;2.2;6;1.95;2.45;5;0;0;0;0;0;0;0;0;0;0;0;0;0;0;0;0;0;0;2.2;12;0;0;0;0;0;0;0;0;0;0;0;0;0;0;0;0;0;0;0;0;3;0;1;1;1;2;1;2020-03-07 12:00:00;671523;0;54;30;25;0;1;1;5;0;0;0;5;0;1;0;2;1;1;3;1;83;54;138;114;2.23;1.44;3.67;0;0;0;0;0;0;1;1;0;0;0;0;0;0;-1;-1;-1;-1;-1;-1;-1;-1;-1;11;24;54;71;94;36;66;82;48;11.91;0;2.87;2.59;Šibenik;Orijent 1919;2.5;2;2.78;1.88;2.28;1.67;89;77;47;29;7;71;64;47;2.19;1.32;3.51;2617;19;Y;Y;Y;N;N;N;Y
2340790;671524;1858;2019/2020;complete;90431;19;-1;28;;1;0;1;2;7;9;-1;-1;2;1;0;0;4;2;3;5;7;7;-1;-1;50;50;2;1;1.44;3.25;2.63;0;0;2.1;0;0;0;0;1.7;0;0;1.8;1.91;0;0;0;0;1.29;1.33;1.73;2.63;2.1;4;2.75;2.45;2.85;0;0;0;0;0;0;0;0;0;0;0;0;0;0;0;1.67;8;2.5;3.4;5.5;0;0;0;0;0;0;0;0;0;0;0;0;0;0;0;0;0;0;0;0;1;1;0;0;0;0;1;2020-03-08 14:30:00;671524;0;39;17;11;0;1;1;0;2;2;5;2;7;1;0;1;1;1;2;1;63;68;129;122;1.19;1.09;2.28;0;0;0;0;0;0;1;1;0;0;0;0;0;0;-1;-1;-1;-1;-1;-1;-1;-1;-1;17;33;50;78;100;39;73;89;45;9.33;0;4.88;2.83;Croatia Zmijavci;Rudeš;2.4;1.2;2.33;1.33;1.67;1.61;84;67;50;22;0;50;44;33;1.74;1.45;3.19;2617;19;Y;N;N;N;N;N;N
2340791;10669;1871;2019/2020;complete;90431;19;-1;24,55;;2;0;2;4;1;5;-1;-1;4;2;0;0;8;7;1;7;9;14;-1;-1;49;51;4;2;1.5;3.5;2.5;0;0;2.3;0;0;0;0;1.6;0;0;1.95;1.75;0;0;0;0;1.3;1.29;1.8;2.63;2.05;4;2.62;2.1;3.8;0;0;0;0;0;0;0;0;0;0;0;0;0;0;0;1.67;7.5;2.63;3.2;5.5;0;0;0;0;0;0;0;0;0;0;0;0;0;0;0;0;0;0;0;0;2;1;0;1;0;1;1;2020-03-08 14:30:00;10669;0;56;17;22;0;1;1;2;1;2;0;3;2;0;1;4;1;1;5;1;35;39;67;77;1.38;1.65;3.04;0;0;0;0;0;0;1;1;0;0;0;0;0;0;-1;-1;-1;-1;-1;-1;-1;-1;-1;6;11;39;73;95;22;84;67;39;8.69;0;4.57;2.22;Bijelo Brdo;Hrvatski Dragovoljac;1.4;0.6;1.22;0.67;1.06;1.44;95;89;62;28;6;47;35;24;1.58;1.26;2.84;2617;19;Y;Y;N;N;N;N;N
2340792;1876;1882;2019/2020;complete;90431;19;-1;31;23,61;1;2;3;11;5;16;-1;-1;-1;-1;-1;-1;3;6;3;8;6;14;-1;-1;55;45;-1;-1;1.73;3.4;2;0;0;2.1;0;0;0;0;1.7;0;0;1.75;1.95;0;0;0;0;1.4;1.29;1.53;3;2.1;3.25;2.82;2.2;3.2;0;0;0;1.73;0;0;0;0;2;0;0;0;0;0;0;1.83;9;2.2;4;4.6;0;0;0;0;0;0;0;0;0;0;0;0;0;0;0;0;0;0;0;0;3;1;1;0;1;1;2;2020-03-08 12:00:00;1882;0;56;17;33;0;1;-1;3;4;8;1;7;9;-1;-1;-1;-1;-1;-1;1;64;64;135;138;1.07;1.78;2.85;-1;-1;-1;-1;-1;-1;-1;1;0;0;2;1;-1;-1;-1;-1;-1;-1;-1;-1;-1;-1;-1;6;22;45;73;95;17;62;78;50;6.75;0;4.38;2.39;Dinamo Zagreb II;Sesvete;2.1;1.4;2.33;1.22;1.44;1.44;95;78;56;28;6;44;26;13;1.46;1.23;2.69;2617;19;Y;Y;Y;N;N;N;Y
