ID;HOMEID;AWAYID;SEASON;STATUS;ROUNDID;GAME_WEEK;REVISED_GAME_WEEK;HOMEGOALS;AWAYGOALS;HOMEGOALCOUNT;AWAYGOALCOUNT;TOTALGOALCOUNT;TEAM_A_CORNERS;TEAM_B_CORNERS;TOTALCORNERCOUNT;TEAM_A_OFFSIDES;TEAM_B_OFFSIDES;TEAM_A_YELLOW_CARDS;TEAM_B_YELLOW_CARDS;TEAM_A_RED_CARDS;TEAM_B_RED_CARDS;TEAM_A_SHOTSONTARGET;TEAM_B_SHOTSONTARGET;TEAM_A_SHOTSOFFTARGET;TEAM_B_SHOTSOFFTARGET;TEAM_A_SHOTS;TEAM_B_SHOTS;TEAM_A_FOULS;TEAM_B_FOULS;TEAM_A_POSSESSION;TEAM_B_POSSESSION;TEAM_A_CARDS_NUM;TEAM_B_CARDS_NUM;ODDS_FT_1;ODDS_FT_X;ODDS_FT_2;ODDS_FT_OVER05;ODDS_FT_OVER15;ODDS_FT_OVER25;ODDS_FT_OVER35;ODDS_FT_OVER45;ODDS_FT_UNDER05;ODDS_FT_UNDER15;ODDS_FT_UNDER25;ODDS_FT_UNDER35;ODDS_FT_UNDER45;ODDS_BTTS_YES;ODDS_BTTS_NO;ODDS_TEAM_A_CS_YES;ODDS_TEAM_A_CS_NO;ODDS_TEAM_B_CS_YES;ODDS_TEAM_B_CS_NO;ODDS_DOUBLECHANCE_1X;ODDS_DOUBLECHANCE_12;ODDS_DOUBLECHANCE_X2;ODDS_1ST_HALF_RESULT_1;ODDS_1ST_HALF_RESULT_X;ODDS_1ST_HALF_RESULT_2;ODDS_2ND_HALF_RESULT_1;ODDS_2ND_HALF_RESULT_X;ODDS_2ND_HALF_RESULT_2;ODDS_DNB_1;ODDS_DNB_2;ODDS_CORNERS_OVER_75;ODDS_CORNERS_OVER_85;ODDS_CORNERS_OVER_95;ODDS_CORNERS_OVER_105;ODDS_CORNERS_OVER_115;ODDS_CORNERS_UNDER_75;ODDS_CORNERS_UNDER_85;ODDS_CORNERS_UNDER_95;ODDS_CORNERS_UNDER_105;ODDS_CORNERS_UNDER_115;ODDS_CORNERS_1;ODDS_CORNERS_X;ODDS_CORNERS_2;ODDS_TEAM_TO_SCORE_FIRST_1;ODDS_TEAM_TO_SCORE_FIRST_X;ODDS_TEAM_TO_SCORE_FIRST_2;ODDS_WIN_TO_NIL_1;ODDS_WIN_TO_NIL_2;ODDS_1ST_HALF_OVER05;ODDS_1ST_HALF_OVER15;ODDS_1ST_HALF_OVER25;ODDS_1ST_HALF_OVER35;ODDS_1ST_HALF_UNDER05;ODDS_1ST_HALF_UNDER15;ODDS_1ST_HALF_UNDER25;ODDS_1ST_HALF_UNDER35;ODDS_2ND_HALF_OVER05;ODDS_2ND_HALF_OVER15;ODDS_2ND_HALF_OVER25;ODDS_2ND_HALF_OVER35;ODDS_2ND_HALF_UNDER05;ODDS_2ND_HALF_UNDER15;ODDS_2ND_HALF_UNDER25;ODDS_2ND_HALF_UNDER35;ODDS_BTTS_1ST_HALF_YES;ODDS_BTTS_1ST_HALF_NO;ODDS_BTTS_2ND_HALF_YES;ODDS_BTTS_2ND_HALF_NO;OVERALLGOALCOUNT;HT_GOALS_TEAM_A;HT_GOALS_TEAM_B;GOALS_2HG_TEAM_A;GOALS_2HG_TEAM_B;GOALCOUNT_2HG;HTGOALCOUNT;DATE_UNIX;WINNINGTEAM;NO_HOME_AWAY;BTTS_POTENTIAL;BTTS_FHG_POTENTIAL;BTTS_2HG_POTENTIAL;GOALTIMINGDISABLED;CORNER_TIMINGS_RECORDED;CARD_TIMINGS_RECORDED;TEAM_A_FH_CORNERS;TEAM_B_FH_CORNERS;TEAM_A_2H_CORNERS;TEAM_B_2H_CORNERS;CORNER_FH_COUNT;CORNER_2H_COUNT;TEAM_A_FH_CARDS;TEAM_B_FH_CARDS;TEAM_A_2H_CARDS;TEAM_B_2H_CARDS;TOTAL_FH_CARDS;TOTAL_2H_CARDS;ATTACKS_RECORDED;TEAM_A_DANGEROUS_ATTACKS;TEAM_B_DANGEROUS_ATTACKS;TEAM_A_ATTACKS;TEAM_B_ATTACKS;TEAM_A_XG;TEAM_B_XG;TOTAL_XG;TEAM_A_PENALTIES_WON;TEAM_B_PENALTIES_WON;TEAM_A_PENALTY_GOALS;TEAM_B_PENALTY_GOALS;TEAM_A_PENALTY_MISSED;TEAM_B_PENALTY_MISSED;PENS_RECORDED;GOAL_TIMINGS_RECORDED;TEAM_A_0_10_MIN_GOALS;TEAM_B_0_10_MIN_GOALS;TEAM_A_CORNERS_0_10_MIN;TEAM_B_CORNERS_0_10_MIN;TEAM_A_CARDS_0_10_MIN;TEAM_B_CARDS_0_10_MIN;THROWINS_RECORDED;TEAM_A_THROWINS;TEAM_B_THROWINS;FREEKICKS_RECORDED;TEAM_A_FREEKICKS;TEAM_B_FREEKICKS;GOALKICKS_RECORDED;TEAM_A_GOALKICKS;TEAM_B_GOALKICKS;O45_POTENTIAL;O35_POTENTIAL;O25_POTENTIAL;O15_POTENTIAL;O05_POTENTIAL;O15HT_POTENTIAL;O05HT_POTENTIAL;O05_2H_POTENTIAL;O15_2H_POTENTIAL;CORNERS_POTENTIAL;OFFSIDES_POTENTIAL;CARDS_POTENTIAL;AVG_POTENTIAL;HOME_NAME;AWAY_NAME;HOME_PPG;AWAY_PPG;PRE_MATCH_HOME_PPG;PRE_MATCH_AWAY_PPG;PRE_MATCH_TEAMA_OVERALL_PPG;PRE_MATCH_TEAMB_OVERALL_PPG;U45_POTENTIAL;U35_POTENTIAL;U25_POTENTIAL;U15_POTENTIAL;U05_POTENTIAL;CORNERS_O85_POTENTIAL;CORNERS_O95_POTENTIAL;CORNERS_O105_POTENTIAL;TEAM_A_XG_PREMATCH;TEAM_B_XG_PREMATCH;TOTAL_XG_PREMATCH;COMPETITION_ID;MATCHES_COMPLETED_MINIMUM;OVER05;OVER15;OVER25;OVER35;OVER45;OVER55;BTTS
108625;1875;1876;2017/2018;complete;580;1;-1;;73,90;0;2;2;5;6;11;-1;-1;3;4;1;0;2;8;2;3;4;11;-1;-1;46;54;4;4;0;0;0;0;0;0;0;0;0;0;0;0;0;0;0;0;0;0;0;0;0;0;0;0;0;0;0;0;0;0;0;0;0;0;0;0;0;0;0;0;0;0;0;0;0;0;0;0;0;0;0;0;0;0;0;0;0;0;0;0;0;0;0;0;0;0;0;0;2;0;0;0;2;2;0;2017-08-18 15:00:00;1876;0;0;0;0;0;-1;1;-1;-1;-1;-1;-1;-1;1;1;3;3;2;6;-1;0;0;0;0;0;0;0;0;0;0;0;0;0;1;1;0;0;-1;-1;0;0;-1;-1;-1;-1;-1;-1;-1;-1;-1;0;0;0;0;0;0;0;0;0;0;0;0;0;Gorica;Dinamo Zagreb II;2.27;1.64;0;0;0;0;0;0;0;0;0;0;0;0;0;0;0;405;22;Y;Y;N;N;N;N;N
108626;1871;1879;2017/2018;complete;580;1;-1;19,43,75;26,35,40;3;3;6;6;0;6;-1;-1;2;6;0;0;10;5;8;8;18;13;-1;-1;63;37;2;6;0;0;0;0;0;0;0;0;0;0;0;0;0;0;0;0;0;0;0;0;0;0;0;0;0;0;0;0;0;0;0;0;0;0;0;0;0;0;0;0;0;0;0;0;0;0;0;0;0;0;0;0;0;0;0;0;0;0;0;0;0;0;0;0;0;0;0;0;6;2;3;1;0;1;5;2017-08-18 18:00:00;-1;0;0;0;0;0;-1;1;-1;-1;-1;-1;-1;-1;0;1;2;5;1;7;-1;0;0;0;0;0;0;0;0;0;0;0;0;0;1;1;0;0;-1;-1;0;0;-1;-1;-1;-1;-1;-1;-1;-1;-1;0;0;0;0;0;0;0;0;0;0;0;0;0;Hrvatski Dragovoljac;Dugopolje;1.36;1.25;0;0;0;0;0;0;0;0;0;0;0;0;0;0;0;405;22;Y;Y;Y;Y;Y;Y;Y
108627;1872;1881;2017/2018;complete;580;1;-1;50;28;1;1;2;-1;-1;-1;-1;-1;2;2;0;0;-1;-1;-1;-1;-1;-1;-1;-1;-1;-1;2;2;0;0;0;0;0;0;0;0;0;0;0;0;0;0;0;0;0;0;0;0;0;0;0;0;0;0;0;0;0;0;0;0;0;0;0;0;0;0;0;0;0;0;0;0;0;0;0;0;0;0;0;0;0;0;0;0;0;0;0;0;0;0;0;0;0;0;0;0;2;0;1;1;0;1;1;2017-08-19 15:30:00;-1;0;0;0;0;0;-1;1;-1;-1;-1;-1;-1;-1;1;0;1;2;1;3;-1;0;0;0;0;0;0;0;0;0;0;0;0;0;1;1;0;0;-1;-1;0;0;-1;-1;-1;-1;-1;-1;-1;-1;-1;0;0;0;0;0;0;0;0;0;0;0;0;0;Novigrad;Varaždin;0.82;1.4;0;0;0;0;0;0;0;0;0;0;0;0;0;0;0;405;22;Y;Y;N;N;N;N;Y
108628;1874;1880;2017/2018;complete;580;1;-1;6;;1;0;1;-1;-1;-1;-1;-1;2;0;0;0;-1;-1;-1;-1;-1;-1;-1;-1;-1;-1;2;0;0;0;0;0;0;0;0;0;0;0;0;0;0;0;0;0;0;0;0;0;0;0;0;0;0;0;0;0;0;0;0;0;0;0;0;0;0;0;0;0;0;0;0;0;0;0;0;0;0;0;0;0;0;0;0;0;0;0;0;0;0;0;0;0;0;0;0;0;1;1;0;0;0;0;1;2017-08-19 15:30:00;1874;0;0;0;0;0;-1;1;-1;-1;-1;-1;-1;-1;2;0;0;0;2;0;-1;0;0;0;0;0;0;0;0;0;0;0;0;0;1;1;1;0;-1;-1;0;0;-1;-1;-1;-1;-1;-1;-1;-1;-1;0;0;0;0;0;0;0;0;0;0;0;0;0;Lučko;Šibenik;1.45;1.09;0;0;0;0;0;0;0;0;0;0;0;0;0;0;0;405;22;Y;N;N;N;N;N;N
108629;1877;1882;2017/2018;complete;580;1;-1;32,43,82,88;80,90;4;2;6;-1;-1;-1;-1;-1;2;5;0;0;-1;-1;-1;-1;-1;-1;-1;-1;-1;-1;2;5;0;0;0;0;0;0;0;0;0;0;0;0;0;0;0;0;0;0;0;0;0;0;0;0;0;0;0;0;0;0;0;0;0;0;0;0;0;0;0;0;0;0;0;0;0;0;0;0;0;0;0;0;0;0;0;0;0;0;0;0;0;0;0;0;0;0;0;0;6;2;0;2;2;4;2;2017-08-19 15:30:00;1877;0;0;0;0;0;-1;1;-1;-1;-1;-1;-1;-1;0;2;2;3;2;5;-1;0;0;0;0;0;0;0;0;0;0;0;0;0;1;1;0;0;-1;-1;0;1;-1;-1;-1;-1;-1;-1;-1;-1;-1;0;0;0;0;0;0;0;0;0;0;0;0;0;Solin;Sesvete;1.36;1.55;0;0;0;0;0;0;0;0;0;0;0;0;0;0;0;405;22;Y;Y;Y;Y;Y;Y;Y
108630;1878;1873;2017/2018;complete;580;1;-1;35,44;;2;0;2;8;4;12;-1;-1;0;3;0;0;11;0;7;6;18;6;-1;-1;68;32;0;3;0;0;0;0;0;0;0;0;0;0;0;0;0;0;0;0;0;0;0;0;0;0;0;0;0;0;0;0;0;0;0;0;0;0;0;0;0;0;0;0;0;0;0;0;0;0;0;0;0;0;0;0;0;0;0;0;0;0;0;0;0;0;0;0;0;0;0;0;2;2;0;0;0;0;2;2017-08-20 15:00:00;1878;0;0;0;0;0;-1;1;-1;-1;-1;-1;-1;-1;0;0;0;3;0;3;-1;0;0;0;0;0;0;0;0;0;0;0;0;0;1;1;0;0;-1;-1;0;0;-1;-1;-1;-1;-1;-1;-1;-1;-1;0;0;0;0;0;0;0;0;0;0;0;0;0;Hajduk Split II;Kustošija;1.55;0.73;0;0;0;0;0;0;0;0;0;0;0;0;0;0;0;405;22;Y;Y;N;N;N;N;N
108631;1882;1878;2017/2018;complete;580;2;-1;36,44;90;2;1;3;3;2;5;-1;-1;6;1;1;0;3;4;6;6;9;10;-1;-1;41;59;8;1;0;0;0;0;0;0;0;0;0;0;0;0;0;0;0;0;0;0;0;0;0;0;0;0;0;0;0;0;0;0;0;0;0;0;0;0;0;0;0;0;0;0;0;0;0;0;0;0;0;0;0;0;0;0;0;0;0;0;0;0;0;0;0;0;0;0;0;0;3;2;0;0;1;1;2;2017-08-25 15:00:00;1882;0;0;0;0;0;-1;1;-1;-1;-1;-1;-1;-1;3;1;4;0;4;4;-1;0;0;0;0;0;0;0;0;0;0;0;0;0;1;1;0;0;-1;-1;1;1;-1;-1;-1;-1;-1;-1;-1;-1;-1;0;0;0;0;0;0;0;0;0;0;0;0;0;Sesvete;Hajduk Split II;1.64;1;0;0;0;3;0;0;0;0;0;0;0;0;0;0;0;405;22;Y;Y;Y;N;N;N;Y
108632;1872;1871;2017/2018;complete;580;2;-1;45;;1;0;1;-1;-1;-1;-1;-1;3;4;0;0;-1;-1;-1;-1;-1;-1;-1;-1;-1;-1;3;4;0;0;0;0;0;0;0;0;0;0;0;0;0;0;0;0;0;0;0;0;0;0;0;0;0;0;0;0;0;0;0;0;0;0;0;0;0;0;0;0;0;0;0;0;0;0;0;0;0;0;0;0;0;0;0;0;0;0;0;0;0;0;0;0;0;0;0;0;1;1;0;0;0;0;1;2017-08-26 15:30:00;1872;0;50;0;0;0;-1;1;-1;-1;-1;-1;-1;-1;1;2;2;2;3;4;-1;0;0;0;0;0;0;0;0;0;0;0;0;0;1;1;0;0;-1;-1;0;0;-1;-1;-1;-1;-1;-1;-1;-1;-1;0;0;0;50;50;0;50;50;0;0;0;2;1;Novigrad;Hrvatski Dragovoljac;0.82;0.73;1;0;1;1;50;50;50;0;0;0;0;0;0;0;0;405;22;Y;N;N;N;N;N;N
108633;1879;1874;2017/2018;complete;580;2;-1;48;;1;0;1;3;1;4;-1;-1;1;0;0;0;3;0;9;2;12;2;-1;-1;51;49;1;0;0;0;0;0;0;0;0;0;0;0;0;0;0;0;0;0;0;0;0;0;0;0;0;0;0;0;0;0;0;0;0;0;0;0;0;0;0;0;0;0;0;0;0;0;0;0;0;0;0;0;0;0;0;0;0;0;0;0;0;0;0;0;0;0;0;0;0;0;1;0;0;1;0;1;0;2017-08-26 15:30:00;1879;0;0;0;0;0;-1;1;-1;-1;-1;-1;-1;-1;0;0;1;0;0;1;-1;0;0;0;0;0;0;0;0;0;0;0;0;0;1;1;0;0;-1;-1;0;0;-1;-1;-1;-1;-1;-1;-1;-1;-1;0;0;0;0;0;0;0;0;0;0;0;0;0;Dugopolje;Lučko;2.3;1;0;0;1;3;0;0;0;0;0;0;0;0;0;0;0;405;22;Y;N;N;N;N;N;N
108634;1876;1877;2017/2018;complete;580;2;-1;14;;1;0;1;2;2;4;-1;-1;4;3;0;0;4;4;7;4;11;8;-1;-1;46;54;4;3;0;0;0;0;0;0;0;0;0;0;0;0;0;0;0;0;0;0;0;0;0;0;0;0;0;0;0;0;0;0;0;0;0;0;0;0;0;0;0;0;0;0;0;0;0;0;0;0;0;0;0;0;0;0;0;0;0;0;0;0;0;0;0;0;0;0;0;0;1;1;0;0;0;0;1;2017-08-26 15:30:00;1876;0;0;0;0;0;-1;1;-1;-1;-1;-1;-1;-1;0;2;4;1;2;5;-1;0;0;0;0;0;0;0;0;0;0;0;0;0;1;1;0;0;-1;-1;0;1;-1;-1;-1;-1;-1;-1;-1;-1;-1;0;0;0;0;0;0;0;0;0;0;0;0;0;Dinamo Zagreb II;Solin;2.18;1;0;0;3;3;0;0;0;0;0;0;0;0;0;0;0;405;22;Y;N;N;N;N;N;N
108635;1881;1873;2017/2018;complete;580;2;-1;20;80;1;1;2;-1;-1;-1;-1;-1;1;3;0;1;-1;-1;-1;-1;-1;-1;-1;-1;-1;-1;1;4;0;0;0;0;0;0;0;0;0;0;0;0;0;0;0;0;0;0;0;0;0;0;0;0;0;0;0;0;0;0;0;0;0;0;0;0;0;0;0;0;0;0;0;0;0;0;0;0;0;0;0;0;0;0;0;0;0;0;0;0;0;0;0;0;0;0;0;0;2;1;0;0;1;1;1;2017-08-26 18:00:00;-1;0;0;0;0;0;-1;1;-1;-1;-1;-1;-1;-1;0;2;1;2;2;3;-1;0;0;0;0;0;0;0;0;0;0;0;0;0;1;1;0;0;-1;-1;0;0;-1;-1;-1;-1;-1;-1;-1;-1;-1;0;0;0;50;50;50;50;0;0;4;0;3;1;Varaždin;Kustošija;1.67;0.73;0;0;1;0;50;50;50;0;0;50;50;50;0;0;0;405;22;Y;Y;N;N;N;N;Y
108636;1880;1875;2017/2018;complete;580;2;-1;70;66,73;1;2;3;4;9;13;-1;-1;0;2;0;0;2;3;0;0;2;3;-1;-1;49;51;0;2;0;0;0;0;0;0;0;0;0;0;0;0;0;0;0;0;0;0;0;0;0;0;0;0;0;0;0;0;0;0;0;0;0;0;0;0;0;0;0;0;0;0;0;0;0;0;0;0;0;0;0;0;0;0;0;0;0;0;0;0;0;0;0;0;0;0;0;0;3;0;0;1;2;3;0;2017-08-26 18:00:00;1875;0;0;0;0;0;-1;1;-1;-1;-1;-1;-1;-1;0;0;0;2;0;2;-1;0;0;0;0;0;0;0;0;0;0;0;0;0;1;1;0;0;-1;-1;0;0;-1;-1;-1;-1;-1;-1;-1;-1;-1;0;0;0;0;0;0;0;0;0;0;0;0;0;Šibenik;Gorica;1.45;1.27;0;0;0;0;0;0;0;0;0;0;0;0;0;0;0;405;22;Y;Y;Y;N;N;N;Y
108637;1874;1872;2017/2018;complete;580;3;-1;;5,34;0;2;2;7;3;10;-1;-1;0;2;0;0;5;6;8;7;13;13;-1;-1;54;46;0;2;0;0;0;0;0;0;0;0;0;0;0;0;0;0;0;0;0;0;0;0;0;0;0;0;0;0;0;0;0;0;0;0;0;0;0;0;0;0;0;0;0;0;0;0;0;0;0;0;0;0;0;0;0;0;0;0;0;0;0;0;0;0;0;0;0;0;0;0;2;0;2;0;0;0;2;2017-08-30 15:30:00;1872;0;0;0;0;0;-1;1;-1;-1;-1;-1;-1;-1;0;0;0;2;0;2;-1;0;0;0;0;0;0;0;0;0;0;0;0;0;1;1;0;1;-1;-1;0;0;-1;-1;-1;-1;-1;-1;-1;-1;-1;0;0;0;0;50;0;50;0;0;0;0;2;0.5;Lučko;Novigrad;1.45;0.82;3;0;1.5;2;50;50;50;50;0;0;0;0;0;0;0;405;22;Y;Y;N;N;N;N;N
108638;1875;1879;2017/2018;complete;580;3;-1;45,70;80;2;1;3;7;5;12;-1;-1;2;1;0;0;8;6;3;4;11;10;-1;-1;52;48;2;1;0;0;0;0;0;0;0;0;0;0;0;0;0;0;0;0;0;0;0;0;0;0;0;0;0;0;0;0;0;0;0;0;0;0;0;0;0;0;0;0;0;0;0;0;0;0;0;0;0;0;0;0;0;0;0;0;0;0;0;0;0;0;0;0;0;0;0;0;3;1;0;1;1;2;1;2017-08-30 15:30:00;1875;0;50;50;0;0;-1;1;-1;-1;-1;-1;-1;-1;1;1;1;0;2;1;-1;0;0;0;0;0;0;0;0;0;0;0;0;0;1;1;0;0;-1;-1;0;0;-1;-1;-1;-1;-1;-1;-1;-1;-1;50;50;50;100;100;50;50;100;50;5;0;10;4;Gorica;Dugopolje;2.27;1.25;0;1;1.5;2;50;50;50;0;0;50;50;50;0;0;0;405;22;Y;Y;Y;N;N;N;Y
108639;1877;1880;2017/2018;complete;580;3;-1;33,75;37;2;1;3;6;4;10;-1;-1;4;2;0;0;7;5;7;3;14;8;-1;-1;59;41;4;2;0;0;0;0;0;0;0;0;0;0;0;0;0;0;0;0;0;0;0;0;0;0;0;0;0;0;0;0;0;0;0;0;0;0;0;0;0;0;0;0;0;0;0;0;0;0;0;0;0;0;0;0;0;0;0;0;0;0;0;0;0;0;0;0;0;0;0;0;3;1;1;1;0;1;2;2017-08-30 15:30:00;1877;0;50;0;50;0;-1;1;-1;-1;-1;-1;-1;-1;1;1;3;1;2;4;-1;0;0;0;0;0;0;0;0;0;0;0;0;0;1;1;0;0;-1;-1;0;0;-1;-1;-1;-1;-1;-1;-1;-1;-1;50;50;50;50;100;50;100;50;50;0;0;2;3.5;Solin;Šibenik;1.36;1.09;3;0;1.5;0;50;50;50;50;0;0;0;0;0;0;0;405;22;Y;Y;Y;N;N;N;Y
108640;1873;1882;2017/2018;complete;580;3;-1;;34;0;1;1;6;4;10;-1;-1;2;0;0;0;2;2;8;3;10;5;-1;-1;45;55;2;0;0;0;0;0;0;0;0;0;0;0;0;0;0;0;0;0;0;0;0;0;0;0;0;0;0;0;0;0;0;0;0;0;0;0;0;0;0;0;0;0;0;0;0;0;0;0;0;0;0;0;0;0;0;0;0;0;0;0;0;0;0;0;0;0;0;0;0;0;1;0;1;0;0;0;1;2017-08-30 15:30:00;1882;0;50;0;50;0;-1;1;-1;-1;-1;-1;-1;-1;0;0;2;0;0;2;-1;0;0;0;0;0;0;0;0;0;0;0;0;0;1;1;0;0;-1;-1;0;0;-1;-1;-1;-1;-1;-1;-1;-1;-1;50;50;50;50;50;50;50;50;50;0;0;5;3;Kustošija;Sesvete;1.18;1.55;0;0;0.5;1.5;0;0;0;0;0;0;0;0;0;0;0;405;22;Y;N;N;N;N;N;N
108641;1878;1876;2017/2018;complete;580;3;-1;;84;0;1;1;2;4;6;-1;-1;1;3;0;0;2;5;5;4;7;9;-1;-1;52;48;1;3;0;0;0;0;0;0;0;0;0;0;0;0;0;0;0;0;0;0;0;0;0;0;0;0;0;0;0;0;0;0;0;0;0;0;0;0;0;0;0;0;0;0;0;0;0;0;0;0;0;0;0;0;0;0;0;0;0;0;0;0;0;0;0;0;0;0;0;0;1;0;0;0;1;1;0;2017-08-30 18:00:00;1876;0;0;0;0;0;-1;1;-1;-1;-1;-1;-1;-1;1;2;0;1;3;1;-1;0;0;0;0;0;0;0;0;0;0;0;0;0;1;1;0;0;-1;-1;1;0;-1;-1;-1;-1;-1;-1;-1;-1;-1;0;0;0;100;100;50;50;50;50;14;0;4;2;Hajduk Split II;Dinamo Zagreb II;1.55;1.64;3;3;1.5;3;100;100;100;0;0;100;100;100;0;0;0;405;22;Y;N;N;N;N;N;N
108642;1871;1881;2017/2018;complete;580;3;-1;67;12,89;1;2;3;8;8;16;-1;-1;0;3;0;0;4;10;2;13;6;23;-1;-1;50;50;0;3;0;0;0;0;0;0;0;0;0;0;0;0;0;0;0;0;0;0;0;0;0;0;0;0;0;0;0;0;0;0;0;0;0;0;0;0;0;0;0;0;0;0;0;0;0;0;0;0;0;0;0;0;0;0;0;0;0;0;0;0;0;0;0;0;0;0;0;0;3;0;1;1;1;2;1;2017-08-30 18:00:00;1881;0;100;50;0;0;-1;1;-1;-1;-1;-1;-1;-1;0;2;0;1;2;1;-1;0;0;0;0;0;0;0;0;0;0;0;0;0;1;1;0;0;-1;-1;0;1;-1;-1;-1;-1;-1;-1;-1;-1;-1;50;50;50;100;100;50;100;100;0;6;0;4;4;Hrvatski Dragovoljac;Varaždin;1.36;1.4;1;1;0.5;1;50;50;50;0;0;0;0;0;0;0;0;405;22;Y;Y;Y;N;N;N;Y
108643;1880;1878;2017/2018;complete;580;4;-1;;8,41,63;0;3;3;13;4;17;-1;-1;3;2;0;0;8;6;13;3;21;9;-1;-1;47;53;3;2;0;0;0;0;0;0;0;0;0;0;0;0;0;0;0;0;0;0;0;0;0;0;0;0;0;0;0;0;0;0;0;0;0;0;0;0;0;0;0;0;0;0;0;0;0;0;0;0;0;0;0;0;0;0;0;0;0;0;0;0;0;0;0;0;0;0;0;0;3;0;2;0;1;1;2;2017-09-03 15:00:00;1878;0;100;0;50;0;-1;1;-1;-1;-1;-1;-1;-1;1;1;2;1;2;3;-1;0;0;0;0;0;0;0;0;0;0;0;0;0;1;1;0;1;-1;-1;0;0;-1;-1;-1;-1;-1;-1;-1;-1;-1;0;0;100;100;100;50;50;100;50;6;0;1;3;Šibenik;Hajduk Split II;1.45;1;0;0;0;1;100;100;0;0;0;50;50;50;0;0;0;405;22;Y;Y;Y;N;N;N;N
108644;1879;1877;2017/2018;complete;580;4;-1;8;;1;0;1;5;4;9;-1;-1;2;2;0;0;6;5;8;5;14;10;-1;-1;47;53;2;2;0;0;0;0;0;0;0;0;0;0;0;0;0;0;0;0;0;0;0;0;0;0;0;0;0;0;0;0;0;0;0;0;0;0;0;0;0;0;0;0;0;0;0;0;0;0;0;0;0;0;0;0;0;0;0;0;0;0;0;0;0;0;0;0;0;0;0;0;1;1;0;0;0;0;1;2017-09-03 15:00:00;1879;0;0;0;0;0;-1;1;-1;-1;-1;-1;-1;-1;1;0;1;2;1;3;-1;0;0;0;0;0;0;0;0;0;0;0;0;0;1;1;1;0;-1;-1;0;0;-1;-1;-1;-1;-1;-1;-1;-1;-1;0;0;0;0;100;0;50;50;0;5;0;4;1;Dugopolje;Solin;2.3;1;3;0;1.33;2;100;100;100;100;0;0;0;0;0;0;0;405;22;Y;N;N;N;N;N;N
108645;1872;1875;2017/2018;complete;580;4;-1;;79;0;1;1;6;1;7;-1;-1;1;4;0;0;3;3;9;5;12;8;-1;-1;56;44;1;4;0;0;0;0;0;0;0;0;0;0;0;0;0;0;0;0;0;0;0;0;0;0;0;0;0;0;0;0;0;0;0;0;0;0;0;0;0;0;0;0;0;0;0;0;0;0;0;0;0;0;0;0;0;0;0;0;0;0;0;0;0;0;0;0;0;0;0;0;1;0;0;0;1;1;0;2017-09-03 15:00:00;1875;0;75;0;50;0;-1;1;-1;-1;-1;-1;-1;-1;0;1;1;3;1;4;-1;0;0;0;0;0;0;0;0;0;0;0;0;0;1;1;0;0;-1;-1;0;0;-1;-1;-1;-1;-1;-1;-1;-1;-1;0;0;50;75;100;0;50;75;50;9;0;4.5;2.25;Novigrad;Gorica;0.82;1.27;2;3;2.33;2;100;100;50;25;0;50;50;50;0;0;0;405;22;Y;N;N;N;N;N;N
108646;1881;1882;2017/2018;complete;580;4;-1;;39,42;0;2;2;9;7;16;-1;-1;0;1;0;0;7;8;10;8;17;16;-1;-1;54;46;0;1;0;0;0;0;0;0;0;0;0;0;0;0;0;0;0;0;0;0;0;0;0;0;0;0;0;0;0;0;0;0;0;0;0;0;0;0;0;0;0;0;0;0;0;0;0;0;0;0;0;0;0;0;0;0;0;0;0;0;0;0;0;0;0;0;0;0;0;0;2;0;2;0;0;0;2;2017-09-03 18:00:00;1882;0;75;0;25;0;-1;1;-1;-1;-1;-1;-1;-1;0;0;0;1;0;1;-1;0;0;0;0;0;0;0;0;0;0;0;0;0;1;1;0;0;-1;-1;0;0;-1;-1;-1;-1;-1;-1;-1;-1;-1;25;25;25;75;100;25;100;75;25;4;0;3.5;2.75;Varaždin;Sesvete;1.67;1.55;1;1.5;1.67;2;75;75;75;25;0;50;50;0;0;0;0;405;22;Y;Y;N;N;N;N;N
108647;1871;1874;2017/2018;complete;580;4;-1;19,77;8,45;2;2;4;4;2;6;-1;-1;3;2;0;0;3;6;9;3;12;9;-1;-1;49;51;3;2;0;0;0;0;0;0;0;0;0;0;0;0;0;0;0;0;0;0;0;0;0;0;0;0;0;0;0;0;0;0;0;0;0;0;0;0;0;0;0;0;0;0;0;0;0;0;0;0;0;0;0;0;0;0;0;0;0;0;0;0;0;0;0;0;0;0;0;0;4;1;2;1;0;1;3;2017-09-03 18:00:00;-1;0;50;25;25;0;-1;1;-1;-1;-1;-1;-1;-1;1;1;2;1;2;3;-1;0;0;0;0;0;0;0;0;0;0;0;0;0;1;1;0;1;-1;-1;0;0;-1;-1;-1;-1;-1;-1;-1;-1;-1;25;25;50;50;100;25;50;100;25;8;0;1;2.75;Hrvatski Dragovoljac;Lučko;1.36;1;0.5;0;0.33;1;75;75;50;50;0;25;25;25;0;0;0;405;22;Y;Y;Y;Y;N;N;Y
108648;1876;1873;2017/2018;complete;580;4;-1;87,89;23;2;1;3;6;1;7;-1;-1;3;5;0;0;3;2;4;4;7;6;-1;-1;69;31;3;5;0;0;0;0;0;0;0;0;0;0;0;0;0;0;0;0;0;0;0;0;0;0;0;0;0;0;0;0;0;0;0;0;0;0;0;0;0;0;0;0;0;0;0;0;0;0;0;0;0;0;0;0;0;0;0;0;0;0;0;0;0;0;0;0;0;0;0;0;3;0;1;2;0;2;1;2017-09-04 15:00:00;1876;0;25;0;0;0;-1;1;-1;-1;-1;-1;-1;-1;1;4;2;1;5;3;-1;0;0;0;0;0;0;0;0;0;0;0;0;0;1;1;0;0;-1;-1;0;0;-1;-1;-1;-1;-1;-1;-1;-1;-1;0;0;0;50;100;25;100;25;0;6;0;7.5;1.5;Dinamo Zagreb II;Kustošija;2.18;0.73;3;0.5;3;0.33;100;100;100;50;0;50;50;50;0;0;0;405;22;Y;Y;Y;N;N;N;Y
108649;1875;1871;2017/2018;complete;580;5;-1;26;;1;0;1;9;6;15;-1;-1;4;2;1;0;5;4;5;5;10;9;-1;-1;48;52;6;2;0;0;0;0;0;0;0;0;0;0;0;0;0;0;0;0;0;0;0;0;0;0;0;0;0;0;0;0;0;0;0;0;0;0;0;0;0;0;0;0;0;0;0;0;0;0;0;0;0;0;0;0;0;0;0;0;0;0;0;0;0;0;0;0;0;0;0;0;1;1;0;0;0;0;1;2017-09-08 15:00:00;1875;0;25;0;25;0;-1;1;-1;-1;-1;-1;-1;-1;0;1;5;1;1;6;-1;0;0;0;0;0;0;0;0;0;0;0;0;0;1;1;0;0;-1;-1;0;0;-1;-1;-1;-1;-1;-1;-1;-1;-1;0;0;25;50;100;0;75;50;50;6;0;7;1.75;Gorica;Hrvatski Dragovoljac;2.27;0.73;1.5;0;2.25;0.5;100;100;75;50;0;50;50;50;0;0;0;405;22;Y;N;N;N;N;N;N
108650;1882;1876;2017/2018;complete;580;5;-1;26;77;1;1;2;5;7;12;-1;-1;3;3;0;0;5;5;3;6;8;11;-1;-1;45;55;3;3;0;0;0;0;0;0;0;0;0;0;0;0;0;0;0;0;0;0;0;0;0;0;0;0;0;0;0;0;0;0;0;0;0;0;0;0;0;0;0;0;0;0;0;0;0;0;0;0;0;0;0;0;0;0;0;0;0;0;0;0;0;0;0;0;0;0;0;0;2;1;0;0;1;1;1;2017-09-08 15:00:00;-1;0;50;0;0;0;-1;1;-1;-1;-1;-1;-1;-1;1;1;2;2;2;4;-1;0;0;0;0;0;0;0;0;0;0;0;0;0;1;1;0;0;-1;-1;0;0;-1;-1;-1;-1;-1;-1;-1;-1;-1;0;0;50;75;100;50;50;100;25;8;0;11.5;2.25;Sesvete;Dinamo Zagreb II;1.64;1.64;3;3;2.25;3;100;100;50;25;0;25;25;25;0;0;0;405;22;Y;Y;N;N;N;N;Y
108651;1873;1880;2017/2018;complete;580;5;-1;;53;0;1;1;-1;-1;-1;-1;-1;2;4;0;0;-1;-1;-1;-1;-1;-1;-1;-1;-1;-1;2;4;0;0;0;0;0;0;0;0;0;0;0;0;0;0;0;0;0;0;0;0;0;0;0;0;0;0;0;0;0;0;0;0;0;0;0;0;0;0;0;0;0;0;0;0;0;0;0;0;0;0;0;0;0;0;0;0;0;0;0;0;0;0;0;0;0;0;0;0;1;0;0;0;1;1;0;2017-09-09 13:00:00;1880;0;25;25;0;0;-1;1;-1;-1;-1;-1;-1;-1;0;1;2;3;1;5;-1;0;0;0;0;0;0;0;0;0;0;0;0;0;1;1;0;0;-1;-1;0;0;-1;-1;-1;-1;-1;-1;-1;-1;-1;0;0;25;25;100;25;100;25;0;10;0;3;1.5;Kustošija;Šibenik;1.18;1.09;0;0;0.25;0;100;100;75;75;0;100;100;0;0;0;0;405;22;Y;N;N;N;N;N;N
108652;1877;1872;2017/2018;complete;580;5;-1;10;18;1;1;2;-1;-1;-1;-1;-1;3;1;1;0;-1;-1;-1;-1;-1;-1;-1;-1;-1;-1;4;1;0;0;0;0;0;0;0;0;0;0;0;0;0;0;0;0;0;0;0;0;0;0;0;0;0;0;0;0;0;0;0;0;0;0;0;0;0;0;0;0;0;0;0;0;0;0;0;0;0;0;0;0;0;0;0;0;0;0;0;0;0;0;0;0;0;0;0;0;2;1;1;0;0;0;2;2017-09-09 15:00:00;-1;0;50;25;25;0;-1;1;-1;-1;-1;-1;-1;-1;1;0;3;1;1;4;-1;0;0;0;0;0;0;0;0;0;0;0;0;0;1;1;1;0;-1;-1;0;0;-1;-1;-1;-1;-1;-1;-1;-1;-1;25;25;50;100;100;100;100;50;25;9;0;5;3.25;Solin;Novigrad;1.36;0.82;3;3;1.5;1.75;75;75;50;0;0;100;100;0;0;0;0;405;22;Y;Y;N;N;N;N;Y
108653;1874;1881;2017/2018;complete;580;5;-1;42,52,85;;3;0;3;-1;-1;-1;-1;-1;0;1;0;0;-1;-1;-1;-1;-1;-1;-1;-1;-1;-1;0;1;0;0;0;0;0;0;0;0;0;0;0;0;0;0;0;0;0;0;0;0;0;0;0;0;0;0;0;0;0;0;0;0;0;0;0;0;0;0;0;0;0;0;0;0;0;0;0;0;0;0;0;0;0;0;0;0;0;0;0;0;0;0;0;0;0;0;0;0;3;1;0;2;0;2;1;2017-09-09 15:00:00;1874;0;50;0;25;0;-1;1;-1;-1;-1;-1;-1;-1;0;0;0;1;0;1;-1;0;0;0;0;0;0;0;0;0;0;0;0;0;1;1;0;0;-1;-1;0;0;-1;-1;-1;-1;-1;-1;-1;-1;-1;0;0;25;75;100;25;100;50;25;15;0;3.5;2;Lučko;Varaždin;1.45;1.4;1.5;2;1;1.25;100;100;75;25;0;100;100;50;0;0;0;405;22;Y;Y;Y;N;N;N;N
108654;1878;1879;2017/2018;complete;580;5;-1;75;;1;0;1;0;5;5;-1;-1;2;1;0;0;7;4;1;5;8;9;-1;-1;53;47;2;1;0;0;0;0;0;0;0;0;0;0;0;0;0;0;0;0;0;0;0;0;0;0;0;0;0;0;0;0;0;0;0;0;0;0;0;0;0;0;0;0;0;0;0;0;0;0;0;0;0;0;0;0;0;0;0;0;0;0;0;0;0;0;0;0;0;0;0;0;1;0;0;1;0;1;0;2017-09-10 15:00:00;1878;0;50;25;25;0;-1;1;-1;-1;-1;-1;-1;-1;1;0;1;1;1;2;-1;0;0;0;0;0;0;0;0;0;0;0;0;0;1;1;0;0;-1;-1;1;0;-1;-1;-1;-1;-1;-1;-1;-1;-1;25;25;50;75;100;50;75;75;25;7.5;0;4;3;Hajduk Split II;Dugopolje;1.55;1.25;1.5;0.5;1.5;1.75;75;75;50;25;0;50;50;50;0;0;0;405;22;Y;N;N;N;N;N;N
108655;1871;1877;2017/2018;complete;580;6;-1;60;21,26;1;2;3;9;2;11;-1;-1;2;4;0;0;4;6;9;3;13;9;-1;-1;61;39;2;4;0;0;0;0;0;0;0;0;0;0;0;0;0;0;0;0;0;0;0;0;0;0;0;0;0;0;0;0;0;0;0;0;0;0;0;0;0;0;0;0;0;0;0;0;0;0;0;0;0;0;0;0;0;0;0;0;0;0;0;0;0;0;0;0;0;0;0;0;3;0;2;1;0;1;2;2017-09-15 17:00:00;1877;0;50;34;17;0;-1;1;-1;-1;-1;-1;-1;-1;1;2;1;2;3;3;-1;0;0;0;0;0;0;0;0;0;0;0;0;0;1;1;0;0;-1;-1;0;0;-1;-1;-1;-1;-1;-1;-1;-1;-1;17;34;50;50;100;34;100;50;17;9;0;4.17;2.67;Hrvatski Dragovoljac;Solin;1.36;1;0.67;0;0.4;1.4;84;67;50;50;0;42;17;17;0;0;0;405;22;Y;Y;Y;N;N;N;Y
108656;1881;1876;2017/2018;complete;580;6;-1;9,42;;2;0;2;-1;-1;-1;-1;-1;0;2;0;1;-1;-1;-1;-1;-1;-1;-1;-1;-1;-1;0;3;0;0;0;0;0;0;0;0;0;0;0;0;0;0;0;0;0;0;0;0;0;0;0;0;0;0;0;0;0;0;0;0;0;0;0;0;0;0;0;0;0;0;0;0;0;0;0;0;0;0;0;0;0;0;0;0;0;0;0;0;0;0;0;0;0;0;0;0;2;2;0;0;0;0;2;2017-09-16 13:00:00;1881;0;42;0;0;0;-1;1;-1;-1;-1;-1;-1;-1;0;0;0;3;0;3;-1;0;0;0;0;0;0;0;0;0;0;0;0;0;1;1;1;0;-1;-1;0;0;-1;-1;-1;-1;-1;-1;-1;-1;-1;0;0;0;84;100;25;67;75;17;14.67;0;3.83;1.84;Varaždin;Dinamo Zagreb II;1.67;1.64;0.5;2.33;1;2.6;100;100;100;17;0;84;84;84;0;0;0;405;22;Y;Y;N;N;N;N;N
108657;1874;1875;2017/2018;complete;580;6;-1;;89,90;0;2;2;-1;-1;-1;-1;-1;1;2;0;0;-1;-1;-1;-1;-1;-1;-1;-1;-1;-1;1;2;0;0;0;0;0;0;0;0;0;0;0;0;0;0;0;0;0;0;0;0;0;0;0;0;0;0;0;0;0;0;0;0;0;0;0;0;0;0;0;0;0;0;0;0;0;0;0;0;0;0;0;0;0;0;0;0;0;0;0;0;0;0;0;0;0;0;0;0;2;0;0;0;2;2;0;2017-09-16 14:30:00;1875;0;25;0;25;0;-1;1;-1;-1;-1;-1;-1;-1;0;0;1;2;0;3;-1;0;0;0;0;0;0;0;0;1;0;1;0;0;1;1;0;0;-1;-1;0;0;-1;-1;-1;-1;-1;-1;-1;-1;-1;0;0;42;59;100;17;50;67;42;12;0;3.67;2;Lučko;Gorica;1.45;1.27;2;3;1.4;2.4;100;100;59;42;0;75;75;25;0;0;0;405;22;Y;Y;N;N;N;N;N
108658;1872;1878;2017/2018;complete;580;6;-1;;34,51,90;0;3;3;-1;-1;-1;-1;-1;2;2;0;0;-1;-1;-1;-1;-1;-1;-1;-1;-1;-1;2;2;0;0;0;0;0;0;0;0;0;0;0;0;0;0;0;0;0;0;0;0;0;0;0;0;0;0;0;0;0;0;0;0;0;0;0;0;0;0;0;0;0;0;0;0;0;0;0;0;0;0;0;0;0;0;0;0;0;0;0;0;0;0;0;0;0;0;0;0;3;0;1;0;2;2;1;2017-09-16 14:30:00;1878;0;42;0;0;0;-1;1;-1;-1;-1;-1;-1;-1;0;1;2;1;1;3;-1;0;0;0;0;0;0;0;0;0;0;0;0;0;1;1;0;0;-1;-1;0;0;-1;-1;-1;-1;-1;-1;-1;-1;-1;0;0;50;67;100;50;84;84;0;9;0;3.5;2.17;Novigrad;Hajduk Split II;0.82;1;1.33;1.5;1.6;1.8;100;100;50;34;0;25;25;25;0;0;0;405;22;Y;Y;Y;N;N;N;N
108659;1880;1882;2017/2018;complete;580;6;-1;15;;1;0;1;-1;-1;-1;-1;-1;2;2;0;0;-1;-1;-1;-1;-1;-1;-1;-1;-1;-1;2;2;0;0;0;0;0;0;0;0;0;0;0;0;0;0;0;0;0;0;0;0;0;0;0;0;0;0;0;0;0;0;0;0;0;0;0;0;0;0;0;0;0;0;0;0;0;0;0;0;0;0;0;0;0;0;0;0;0;0;0;0;0;0;0;0;0;0;0;0;1;1;0;0;0;0;1;2017-09-16 14:30:00;1880;0;42;0;42;0;-1;1;-1;-1;-1;-1;-1;-1;0;2;2;0;2;2;-1;0;0;0;0;0;0;0;0;0;0;0;0;0;1;1;0;0;-1;-1;0;0;-1;-1;-1;-1;-1;-1;-1;-1;-1;17;17;67;84;100;59;75;67;42;14;0;3.5;3;Šibenik;Sesvete;1.45;1.55;0;2;0.6;2;84;84;34;17;0;100;100;75;0;0;0;405;22;Y;N;N;N;N;N;N
108660;1879;1873;2017/2018;complete;580;6;-1;54,90;;2;0;2;-1;-1;-1;-1;-1;1;4;0;0;-1;-1;-1;-1;-1;-1;-1;-1;-1;-1;1;4;0;0;0;0;0;0;0;0;0;0;0;0;0;0;0;0;0;0;0;0;0;0;0;0;0;0;0;0;0;0;0;0;0;0;0;0;0;0;0;0;0;0;0;0;0;0;0;0;0;0;0;0;0;0;0;0;0;0;0;0;0;0;0;0;0;0;0;0;2;0;0;2;0;2;0;2017-09-16 14:30:00;1879;0;34;0;0;0;-1;1;-1;-1;-1;-1;-1;-1;1;1;0;3;2;3;-1;0;0;0;0;0;0;0;0;0;0;0;0;0;1;1;0;0;-1;-1;0;0;-1;-1;-1;-1;-1;-1;-1;-1;-1;0;0;17;50;100;17;75;59;17;6.5;0;5.5;1.67;Dugopolje;Kustošija;2.3;0.73;3;0.33;1.4;0.2;100;100;84;50;0;50;25;25;0;0;0;405;22;Y;Y;N;N;N;N;N
108661;1878;1871;2017/2018;complete;580;7;-1;20,40;61;2;1;3;4;2;6;-1;-1;2;1;0;0;7;3;6;5;13;8;-1;-1;60;40;2;1;0;0;0;0;0;0;0;0;0;0;0;0;0;0;0;0;0;0;0;0;0;0;0;0;0;0;0;0;0;0;0;0;0;0;0;0;0;0;0;0;0;0;0;0;0;0;0;0;0;0;0;0;0;0;0;0;0;0;0;0;0;0;0;0;0;0;0;0;3;2;0;0;1;1;2;2017-09-22 16:00:00;1878;0;0;0;0;0;-1;1;-1;-1;-1;-1;-1;-1;0;0;2;1;0;3;-1;0;0;0;0;0;0;0;0;0;0;0;0;0;1;1;0;0;-1;-1;0;0;-1;-1;-1;-1;-1;-1;-1;-1;-1;0;0;0;17;100;17;67;34;0;9.33;0;4;1.17;Hajduk Split II;Hrvatski Dragovoljac;1.55;0.73;2;0;2;0.33;100;100;100;84;0;67;67;67;0;0;0;405;22;Y;Y;Y;N;N;N;Y
108662;1875;1881;2017/2018;complete;580;7;-1;5;21,71;1;2;3;5;4;9;-1;-1;4;3;1;0;2;3;0;0;2;3;-1;-1;49;51;5;3;0;0;0;0;0;0;0;0;0;0;0;0;0;0;0;0;0;0;0;0;0;0;0;0;0;0;0;0;0;0;0;0;0;0;0;0;0;0;0;0;0;0;0;0;0;0;0;0;0;0;0;0;0;0;0;0;0;0;0;0;0;0;0;0;0;0;0;0;3;1;1;0;1;1;2;2017-09-23 14:30:00;1881;0;50;0;33;0;-1;1;-1;-1;-1;-1;-1;-1;1;0;4;3;1;7;-1;0;0;0;0;0;0;0;0;0;0;0;0;0;1;1;1;0;-1;-1;0;0;-1;-1;-1;-1;-1;-1;-1;-1;-1;0;0;50;84;100;0;84;84;67;15;0;6;2.34;Gorica;Varaždin;2.27;1.4;2;1.33;2.5;1.33;100;100;50;17;0;100;100;100;0;0;0;405;22;Y;Y;Y;N;N;N;Y
108663;1882;1879;2017/2018;complete;580;7;-1;;18;0;1;1;8;3;11;-1;-1;2;3;0;0;0;2;0;0;0;2;-1;-1;53;47;2;3;0;0;0;0;0;0;0;0;0;0;0;0;0;0;0;0;0;0;0;0;0;0;0;0;0;0;0;0;0;0;0;0;0;0;0;0;0;0;0;0;0;0;0;0;0;0;0;0;0;0;0;0;0;0;0;0;0;0;0;0;0;0;0;0;0;0;0;0;1;0;1;0;0;0;1;2017-09-23 14:30:00;1879;0;84;17;17;0;-1;1;-1;-1;-1;-1;-1;-1;2;1;0;2;3;2;-1;0;0;0;0;0;0;0;0;0;0;0;0;0;1;1;0;0;-1;-1;0;0;-1;-1;-1;-1;-1;-1;-1;-1;-1;17;17;59;84;100;42;84;100;17;7.33;0;8.17;2.92;Sesvete;Dugopolje;1.64;1.25;2;0.33;1.67;1.67;84;84;42;17;0;42;42;42;0;0;0;405;22;Y;N;N;N;N;N;N
108664;1877;1874;2017/2018;complete;580;7;-1;;90;0;1;1;-1;-1;-1;-1;-1;1;2;0;0;-1;-1;-1;-1;-1;-1;-1;-1;-1;-1;1;2;0;0;0;0;0;0;0;0;0;0;0;0;0;0;0;0;0;0;0;0;0;0;0;0;0;0;0;0;0;0;0;0;0;0;0;0;0;0;0;0;0;0;0;0;0;0;0;0;0;0;0;0;0;0;0;0;0;0;0;0;0;0;0;0;0;0;0;0;1;0;0;0;1;1;0;2017-09-23 14:30:00;1874;0;75;59;17;0;-1;1;-1;-1;-1;-1;-1;-1;1;1;0;1;2;1;-1;0;0;0;0;0;0;0;0;0;0;0;0;0;1;1;0;0;-1;-1;0;0;-1;-1;-1;-1;-1;-1;-1;-1;-1;17;42;59;75;100;75;75;84;17;7.5;0;4.33;3.09;Solin;Lučko;1.36;1;2.33;0.5;1.67;1.17;84;59;42;25;0;50;50;0;0;0;0;405;22;Y;N;N;N;N;N;N
108665;1873;1872;2017/2018;complete;580;7;-1;;83;0;1;1;-1;-1;-1;-1;-1;3;3;0;0;-1;-1;-1;-1;-1;-1;-1;-1;-1;-1;3;3;0;0;0;0;0;0;0;0;0;0;0;0;0;0;0;0;0;0;0;0;0;0;0;0;0;0;0;0;0;0;0;0;0;0;0;0;0;0;0;0;0;0;0;0;0;0;0;0;0;0;0;0;0;0;0;0;0;0;0;0;0;0;0;0;0;0;0;0;1;0;0;0;1;1;0;2017-09-23 14:30:00;1872;0;25;25;0;0;-1;1;-1;-1;-1;-1;-1;-1;2;1;1;2;3;3;-1;0;0;0;0;0;0;0;0;0;0;0;0;0;1;1;0;0;-1;-1;0;0;-1;-1;-1;-1;-1;-1;-1;-1;-1;0;0;0;50;100;50;75;25;0;9;0;3.5;1.5;Kustošija;Novigrad;1.18;0.82;0;2;0.17;1.33;100;100;100;50;0;100;100;0;0;0;0;405;22;Y;N;N;N;N;N;N
108666;1876;1880;2017/2018;complete;580;7;-1;4,17,48;41;3;1;4;7;4;11;-1;-1;-1;-1;-1;-1;11;3;6;4;17;7;-1;-1;53;47;-1;-1;0;0;0;0;0;0;0;0;0;0;0;0;0;0;0;0;0;0;0;0;0;0;0;0;0;0;0;0;0;0;0;0;0;0;0;0;0;0;0;0;0;0;0;0;0;0;0;0;0;0;0;0;0;0;0;0;0;0;0;0;0;0;0;0;0;0;0;0;4;2;1;1;0;1;3;2017-09-24 14:30:00;1876;0;42;17;0;0;-1;-1;-1;-1;-1;-1;-1;-1;-1;-1;-1;-1;-1;-1;-1;0;0;0;0;0;0;0;0;0;0;0;0;0;1;1;1;0;-1;-1;-1;-1;-1;-1;-1;-1;-1;-1;-1;-1;-1;0;0;42;42;100;17;84;59;25;8;0;5.5;1.84;Dinamo Zagreb II;Šibenik;2.18;1.09;3;1;2.17;1;100;100;59;59;0;50;50;0;0;0;0;405;22;Y;Y;Y;Y;N;N;Y
108667;1874;1878;2017/2018;complete;580;8;-1;10,89;50,54;2;2;4;5;7;12;-1;-1;3;1;0;0;4;7;2;8;6;15;-1;-1;44;56;3;1;0;0;0;0;0;0;0;0;0;0;0;0;0;0;0;0;0;0;0;0;0;0;0;0;0;0;0;0;0;0;0;0;0;0;0;0;0;0;0;0;0;0;0;0;0;0;0;0;0;0;0;0;0;0;0;0;0;0;0;0;0;0;0;0;0;0;0;0;4;1;0;1;2;3;1;2017-09-27 14:00:00;-1;0;17;0;0;0;-1;1;-1;-1;-1;-1;-1;-1;0;0;3;1;0;4;-1;0;0;0;0;0;0;0;0;0;0;0;0;0;1;1;1;0;-1;-1;0;0;-1;-1;-1;-1;-1;-1;-1;-1;-1;0;0;63;88;100;46;88;75;42;10;0;2.42;2.5;Lučko;Hajduk Split II;1.45;1;1.5;2;1.43;2.14;100;100;38;13;0;75;75;25;0;0;0;405;22;Y;Y;Y;Y;N;N;Y
108668;1881;1880;2017/2018;complete;580;8;-1;;;0;0;0;1;8;9;-1;-1;2;1;0;0;7;5;10;5;17;10;-1;-1;53;47;2;1;0;0;0;0;0;0;0;0;0;0;0;0;0;0;0;0;0;0;0;0;0;0;0;0;0;0;0;0;0;0;0;0;0;0;0;0;0;0;0;0;0;0;0;0;0;0;0;0;0;0;0;0;0;0;0;0;0;0;0;0;0;0;0;0;0;0;0;0;0;0;0;0;0;0;0;2017-09-27 14:00:00;-1;0;42;25;0;0;-1;1;-1;-1;-1;-1;-1;-1;1;0;1;1;1;2;-1;0;0;0;0;0;0;0;0;0;0;0;0;0;1;1;0;0;-1;-1;0;0;-1;-1;-1;-1;-1;-1;-1;-1;-1;0;13;25;75;100;59;88;54;0;13;0;2.33;2.13;Varaždin;Šibenik;1.67;1.09;1.33;0.75;1.57;0.86;100;88;75;25;0;100;100;75;0;0;0;405;22;N;N;N;N;N;N;N
108669;1871;1873;2017/2018;complete;580;8;-1;68;27;1;1;2;3;2;5;-1;-1;1;3;0;0;4;2;10;2;14;4;-1;-1;58;42;1;3;0;0;0;0;0;0;0;0;0;0;0;0;0;0;0;0;0;0;0;0;0;0;0;0;0;0;0;0;0;0;0;0;0;0;0;0;0;0;0;0;0;0;0;0;0;0;0;0;0;0;0;0;0;0;0;0;0;0;0;0;0;0;0;0;0;0;0;0;2;0;1;1;0;1;1;2017-09-27 14:00:00;-1;0;75;25;13;0;-1;1;-1;-1;-1;-1;-1;-1;0;0;1;3;0;4;-1;0;0;0;0;0;0;0;0;0;0;0;0;0;1;1;0;0;-1;-1;0;0;-1;-1;-1;-1;-1;-1;-1;-1;-1;13;25;63;100;100;50;88;88;38;9.25;0;5.75;3.13;Hrvatski Dragovoljac;Kustošija;1.36;0.73;0.5;0.25;0.29;0.14;88;75;38;0;0;50;50;50;0;0;0;405;22;Y;Y;N;N;N;N;Y
108670;1875;1877;2017/2018;complete;580;8;-1;49,73;;2;0;2;1;5;6;-1;-1;3;3;0;0;7;3;4;5;11;8;-1;-1;48;52;3;3;0;0;0;0;0;0;0;0;0;0;0;0;0;0;0;0;0;0;0;0;0;0;0;0;0;0;0;0;0;0;0;0;0;0;0;0;0;0;0;0;0;0;0;0;0;0;0;0;0;0;0;0;0;0;0;0;0;0;0;0;0;0;0;0;0;0;0;0;2;0;0;2;0;2;0;2017-09-27 14:00:00;1875;0;42;13;13;0;-1;1;-1;-1;-1;-1;-1;-1;2;1;1;2;3;3;-1;0;0;0;0;0;0;0;0;0;0;0;0;0;1;1;0;0;-1;-1;0;0;-1;-1;-1;-1;-1;-1;-1;-1;-1;0;0;42;54;100;29;88;54;25;9.17;0;7.25;1.96;Gorica;Solin;2.27;1;1.5;1;2.14;1.43;100;100;59;46;0;84;54;54;0;0;0;405;22;Y;Y;N;N;N;N;N
108671;1872;1882;2017/2018;complete;580;8;-1;28,90;37,41,49;2;3;5;4;4;8;-1;-1;5;4;1;0;4;9;2;7;6;16;-1;-1;50;50;7;4;0;0;0;0;0;0;0;0;0;0;0;0;0;0;0;0;0;0;0;0;0;0;0;0;0;0;0;0;0;0;0;0;0;0;0;0;0;0;0;0;0;0;0;0;0;0;0;0;0;0;0;0;0;0;0;0;0;0;0;0;0;0;0;0;0;0;0;0;5;1;2;1;1;2;3;2017-09-27 14:00:00;1882;0;25;0;13;0;-1;1;-1;-1;-1;-1;-1;-1;3;1;3;3;4;6;-1;0;0;0;0;0;0;0;0;0;0;0;0;0;1;1;0;0;-1;-1;0;1;-1;-1;-1;-1;-1;-1;-1;-1;-1;13;13;25;50;100;25;88;50;25;11.5;0;4;2.13;Novigrad;Sesvete;0.82;1.55;1;1.5;1.57;1.43;88;88;75;50;0;50;50;25;0;0;0;405;22;Y;Y;Y;Y;Y;N;Y
108672;1879;1876;2017/2018;complete;580;8;-1;32;24;1;1;2;9;2;11;-1;-1;3;1;0;0;5;7;7;6;12;13;-1;-1;48;52;3;1;0;0;0;0;0;0;0;0;0;0;0;0;0;0;0;0;0;0;0;0;0;0;0;0;0;0;0;0;0;0;0;0;0;0;0;0;0;0;0;0;0;0;0;0;0;0;0;0;0;0;0;0;0;0;0;0;0;0;0;0;0;0;0;0;0;0;0;0;2;1;1;0;0;0;2;2017-09-27 14:00:00;-1;0;13;0;0;0;-1;1;-1;-1;-1;-1;-1;-1;1;0;2;1;1;3;-1;0;0;0;0;0;0;0;0;0;0;0;0;0;1;1;0;0;-1;-1;0;0;-1;-1;-1;-1;-1;-1;-1;-1;-1;0;0;0;54;100;13;42;71;29;9.67;0;4.58;1.54;Dugopolje;Dinamo Zagreb II;2.3;1.64;3;1.75;1.86;2.29;100;100;100;46;0;59;34;34;0;0;0;405;22;Y;Y;N;N;N;N;Y
108673;1873;1874;2017/2018;complete;580;9;-1;;;0;0;0;-1;-1;-1;-1;-1;-1;-1;-1;-1;-1;-1;-1;-1;-1;-1;-1;-1;-1;-1;-1;-1;0;0;0;0;0;0;0;0;0;0;0;0;0;0;0;0;0;0;0;0;0;0;0;0;0;0;0;0;0;0;0;0;0;0;0;0;0;0;0;0;0;0;0;0;0;0;0;0;0;0;0;0;0;0;0;0;0;0;0;0;0;0;0;0;0;0;0;0;0;0;0;0;0;0;0;2017-10-01 14:00:00;-1;0;17;17;0;0;-1;-1;-1;-1;-1;-1;-1;-1;-1;-1;-1;-1;-1;-1;-1;0;0;0;0;0;0;0;0;0;0;0;0;0;1;1;0;0;-1;-1;-1;-1;-1;-1;-1;-1;-1;-1;-1;-1;-1;0;17;17;17;100;17;33;84;0;7.5;0;3.66;1.5;Kustošija;Lučko;1.18;1;0;1.33;0.25;1.38;100;84;84;84;0;50;50;0;0;0;0;405;22;N;N;N;N;N;N;N
108674;1877;1881;2017/2018;complete;580;9;-1;;;0;0;0;-1;-1;-1;-1;-1;-1;-1;-1;-1;-1;-1;-1;-1;-1;-1;-1;-1;-1;-1;-1;-1;0;0;0;0;0;0;0;0;0;0;0;0;0;0;0;0;0;0;0;0;0;0;0;0;0;0;0;0;0;0;0;0;0;0;0;0;0;0;0;0;0;0;0;0;0;0;0;0;0;0;0;0;0;0;0;0;0;0;0;0;0;0;0;0;0;0;0;0;0;0;0;0;0;0;0;2017-09-30 14:00:00;-1;0;75;38;25;0;-1;-1;-1;-1;-1;-1;-1;-1;-1;-1;-1;-1;-1;-1;-1;0;0;0;0;0;0;0;0;0;0;0;0;0;1;1;0;0;-1;-1;-1;-1;-1;-1;-1;-1;-1;-1;-1;-1;-1;13;13;63;88;100;50;88;88;38;12;0;5;2.88;Solin;Varaždin;1.36;1.4;1.75;1.75;1.25;1.5;88;88;38;13;0;100;75;25;0;0;0;405;22;N;N;N;N;N;N;N
108675;1880;1879;2017/2018;complete;580;9;-1;-1;-1,-1;1;2;3;-1;-1;-1;-1;-1;-1;-1;-1;-1;-1;-1;-1;-1;-1;-1;-1;-1;-1;-1;-1;-1;0;0;0;0;0;0;0;0;0;0;0;0;0;0;0;0;0;0;0;0;0;0;0;0;0;0;0;0;0;0;0;0;0;0;0;0;0;0;0;0;0;0;0;0;0;0;0;0;0;0;0;0;0;0;0;0;0;0;0;0;0;0;0;0;0;0;0;0;3;0;0;0;0;0;0;2017-09-30 14:00:00;1879;0;42;13;29;1;-1;-1;-1;-1;-1;-1;-1;-1;-1;-1;-1;-1;-1;-1;-1;0;0;0;0;0;0;0;-1;-1;-1;-1;-1;-1;-1;-1;-1;-1;-1;-1;-1;-1;-1;-1;-1;-1;-1;-1;-1;-1;-1;13;13;59;59;100;29;71;71;29;11.75;0;4.42;2.54;Šibenik;Dugopolje;1.45;1.25;1;1;0.88;1.75;88;88;42;42;0;75;75;75;0;0;0;405;22;Y;Y;Y;N;N;N;Y
108676;1882;1871;2017/2018;complete;580;9;-1;;-1;0;1;1;-1;-1;-1;-1;-1;-1;-1;-1;-1;-1;-1;-1;-1;-1;-1;-1;-1;-1;-1;-1;-1;0;0;0;0;0;0;0;0;0;0;0;0;0;0;0;0;0;0;0;0;0;0;0;0;0;0;0;0;0;0;0;0;0;0;0;0;0;0;0;0;0;0;0;0;0;0;0;0;0;0;0;0;0;0;0;0;0;0;0;0;0;0;0;0;0;0;0;0;1;0;0;0;0;0;0;2017-09-30 14:00:00;1871;0;50;0;0;1;-1;-1;-1;-1;-1;-1;-1;-1;-1;-1;-1;-1;-1;-1;-1;0;0;0;0;0;0;0;-1;-1;-1;-1;-1;-1;-1;-1;-1;-1;-1;-1;-1;-1;-1;-1;-1;-1;-1;-1;-1;-1;-1;0;0;33;50;100;33;100;50;0;9.33;0;6.66;1.84;Sesvete;Hrvatski Dragovoljac;1.64;0.73;1.33;0;1.63;0.38;100;100;67;50;0;59;59;59;0;0;0;405;22;Y;N;N;N;N;N;N
108677;1878;1875;2017/2018;complete;580;9;-1;14;90;1;1;2;0;5;5;-1;-1;3;4;0;0;8;4;6;7;14;11;-1;-1;46;54;3;4;0;0;0;0;0;0;0;0;0;0;0;0;0;0;0;0;0;0;0;0;0;0;0;0;0;0;0;0;0;0;0;0;0;0;0;0;0;0;0;0;0;0;0;0;0;0;0;0;0;0;0;0;0;0;0;0;0;0;0;0;0;0;0;0;0;0;0;0;2;1;0;0;1;1;1;2017-10-01 13:00:00;-1;0;29;0;17;0;-1;1;-1;-1;-1;-1;-1;-1;0;1;3;3;1;6;-1;0;0;0;0;0;0;0;0;0;0;0;0;0;1;1;0;0;-1;-1;0;0;-1;-1;-1;-1;-1;-1;-1;-1;-1;0;0;29;59;100;25;25;88;34;8.5;0;3.92;1.88;Hajduk Split II;Gorica;1.55;1.27;2.25;3;2;2.25;100;100;71;42;0;38;38;38;0;0;0;405;22;Y;Y;N;N;N;N;Y
108678;1876;1872;2017/2018;complete;580;9;-1;17;;1;0;1;2;5;7;-1;-1;3;2;1;0;2;6;6;4;8;10;-1;-1;48;52;5;2;0;0;0;0;0;0;0;0;0;0;0;0;0;0;0;0;0;0;0;0;0;0;0;0;0;0;0;0;0;0;0;0;0;0;0;0;0;0;0;0;0;0;0;0;0;0;0;0;0;0;0;0;0;0;0;0;0;0;0;0;0;0;0;0;0;0;0;0;1;1;0;0;0;0;1;2017-10-01 14:00:00;1876;0;50;33;0;0;-1;1;-1;-1;-1;-1;-1;-1;2;1;2;1;3;3;-1;0;0;0;0;0;0;0;0;0;0;0;0;0;1;1;0;0;-1;-1;0;0;-1;-1;-1;-1;-1;-1;-1;-1;-1;0;17;34;67;100;50;84;50;17;8;0;5.5;2.17;Dinamo Zagreb II;Novigrad;2.18;0.82;3;2.33;2.13;1.38;100;84;67;33;0;67;67;17;0;0;0;405;22;Y;N;N;N;N;N;N
108679;1871;1876;2017/2018;complete;580;10;-1;;;0;0;0;2;4;6;-1;-1;-1;-1;-1;-1;3;3;8;6;11;9;-1;-1;44;56;-1;-1;0;0;0;0;0;0;0;0;0;0;0;0;0;0;0;0;0;0;0;0;0;0;0;0;0;0;0;0;0;0;0;0;0;0;0;0;0;0;0;0;0;0;0;0;0;0;0;0;0;0;0;0;0;0;0;0;0;0;0;0;0;0;0;0;0;0;0;0;0;0;0;0;0;0;0;2017-10-07 13:30:00;-1;0;70;30;10;0;-1;-1;-1;-1;-1;-1;-1;-1;-1;-1;-1;-1;-1;-1;-1;0;0;0;0;0;0;0;0;0;0;0;0;0;1;1;0;0;-1;-1;-1;-1;-1;-1;-1;-1;-1;-1;-1;-1;-1;10;20;40;90;100;50;80;80;20;10.75;0;4.4;2.7;Hrvatski Dragovoljac;Dinamo Zagreb II;1.36;1.64;0.6;1.6;0.67;2.22;90;80;60;10;0;58;58;58;0;0;0;405;22;N;N;N;N;N;N;N
108680;1875;1873;2017/2018;complete;580;10;-1;62;;1;0;1;2;3;5;-1;-1;0;1;0;0;4;4;5;6;9;10;-1;-1;58;42;0;1;0;0;0;0;0;0;0;0;0;0;0;0;0;0;0;0;0;0;0;0;0;0;0;0;0;0;0;0;0;0;0;0;0;0;0;0;0;0;0;0;0;0;0;0;0;0;0;0;0;0;0;0;0;0;0;0;0;0;0;0;0;0;0;0;0;0;0;0;1;0;0;1;0;1;0;2017-10-07 13:30:00;1875;0;50;10;10;0;-1;1;-1;-1;-1;-1;-1;-1;0;0;0;1;0;1;-1;0;0;0;0;0;0;0;0;0;0;0;0;0;1;1;0;0;-1;-1;0;0;-1;-1;-1;-1;-1;-1;-1;-1;-1;0;0;30;90;100;20;70;80;50;7.73;0;7.8;2.2;Gorica;Kustošija;2.27;0.73;1.8;0.4;2.11;0.33;100;100;70;10;0;57;47;47;0;0;0;405;22;Y;N;N;N;N;N;N
108681;1874;1882;2017/2018;complete;580;10;-1;10,41;;2;0;2;5;9;14;-1;-1;3;1;0;0;4;5;8;11;12;16;-1;-1;51;49;3;1;0;0;0;0;0;0;0;0;0;0;0;0;0;0;0;0;0;0;0;0;0;0;0;0;0;0;0;0;0;0;0;0;0;0;0;0;0;0;0;0;0;0;0;0;0;0;0;0;0;0;0;0;0;0;0;0;0;0;0;0;0;0;0;0;0;0;0;0;2;2;0;0;0;0;2;2017-10-07 13:00:00;1874;0;30;10;30;0;-1;1;-1;-1;-1;-1;-1;-1;1;1;2;0;2;2;-1;0;0;0;0;0;0;0;0;0;0;0;0;0;1;1;1;0;-1;-1;0;0;-1;-1;-1;-1;-1;-1;-1;-1;-1;20;30;40;70;100;40;90;50;50;11;0;3.6;2.7;Lučko;Sesvete;1.45;1.55;1.4;1.8;1.33;1.44;80;70;60;30;0;84;84;42;0;0;0;405;22;Y;Y;N;N;N;N;N
108682;1881;1879;2017/2018;complete;580;10;-1;-1;-1;1;1;2;-1;-1;-1;-1;-1;-1;-1;-1;-1;-1;-1;-1;-1;-1;-1;-1;-1;-1;-1;-1;-1;0;0;0;0;0;0;0;0;0;0;0;0;0;0;0;0;0;0;0;0;0;0;0;0;0;0;0;0;0;0;0;0;0;0;0;0;0;0;0;0;0;0;0;0;0;0;0;0;0;0;0;0;0;0;0;0;0;0;0;0;0;0;0;0;0;0;0;0;2;0;0;0;0;0;0;2017-10-07 13:30:00;-1;0;43;13;13;1;-1;-1;-1;-1;-1;-1;-1;-1;-1;-1;-1;-1;-1;-1;-1;0;0;0;0;0;0;0;-1;-1;-1;-1;-1;-1;-1;-1;-1;-1;-1;-1;-1;-1;-1;-1;-1;-1;-1;-1;-1;-1;-1;10;10;30;68;88;35;68;43;10;8.25;0;3.5;2.15;Varaždin;Dugopolje;1.67;1.25;1.25;1.4;1.44;1.89;90;90;70;33;13;75;50;50;0;0;0;405;22;Y;Y;N;N;N;N;Y
108683;1872;1880;2017/2018;complete;580;10;-1;52;83,85;1;2;3;8;0;8;-1;-1;3;4;0;0;8;9;9;6;17;15;-1;-1;51;49;3;4;0;0;0;0;0;0;0;0;0;0;0;0;0;0;0;0;0;0;0;0;0;0;0;0;0;0;0;0;0;0;0;0;0;0;0;0;0;0;0;0;0;0;0;0;0;0;0;0;0;0;0;0;0;0;0;0;0;0;0;0;0;0;0;0;0;0;0;0;3;0;0;1;2;3;0;2017-10-07 13:30:00;1880;0;40;30;10;0;-1;1;-1;-1;-1;-1;-1;-1;1;1;2;3;2;5;-1;0;0;0;0;0;0;0;0;0;0;0;0;0;1;1;0;0;-1;-1;0;0;-1;-1;-1;-1;-1;-1;-1;-1;-1;10;20;40;50;90;30;70;70;20;10.33;0;4.75;2.1;Novigrad;Šibenik;0.82;1.09;0.8;0.8;1.22;0.78;90;80;60;50;10;50;34;17;0;0;0;405;22;Y;Y;Y;N;N;N;Y
108684;1877;1878;2017/2018;complete;580;10;-1;84;;1;0;1;7;0;7;-1;-1;1;2;0;1;6;2;10;2;16;4;-1;-1;45;55;1;4;0;0;0;0;0;0;0;0;0;0;0;0;0;0;0;0;0;0;0;0;0;0;0;0;0;0;0;0;0;0;0;0;0;0;0;0;0;0;0;0;0;0;0;0;0;0;0;0;0;0;0;0;0;0;0;0;0;0;0;0;0;0;0;0;0;0;0;0;1;0;0;1;0;1;0;2017-10-07 13:30:00;1877;0;55;20;23;0;-1;1;-1;-1;-1;-1;-1;-1;0;0;1;3;0;4;-1;0;0;0;0;0;0;0;0;0;0;0;0;0;1;1;0;0;-1;-1;0;0;-1;-1;-1;-1;-1;-1;-1;-1;-1;10;23;70;80;90;55;80;80;35;10.33;0;4.25;2.83;Solin;Hajduk Split II;1.36;1;1.6;1.75;1.22;1.89;90;78;30;20;10;84;84;34;0;0;0;405;22;Y;N;N;N;N;N;N
108685;1882;1875;2017/2018;complete;580;11;-1;;;0;0;0;4;3;7;-1;-1;-1;-1;-1;-1;3;0;6;4;9;4;-1;-1;48;52;-1;-1;0;0;0;0;0;0;0;0;0;0;0;0;0;0;0;0;0;0;0;0;0;0;0;0;0;0;0;0;0;0;0;0;0;0;0;0;0;0;0;0;0;0;0;0;0;0;0;0;0;0;0;0;0;0;0;0;0;0;0;0;0;0;0;0;0;0;0;0;0;0;0;0;0;0;0;2017-10-11 13:30:00;-1;0;50;0;13;0;-1;-1;-1;-1;-1;-1;-1;-1;-1;-1;-1;-1;-1;-1;-1;0;0;0;0;0;0;0;0;0;0;0;0;0;1;1;0;0;-1;-1;-1;-1;-1;-1;-1;-1;-1;-1;-1;-1;-1;0;0;25;63;100;13;50;75;25;10.33;0;7.33;1.88;Sesvete;Gorica;1.64;1.27;1;2.5;1.3;2.2;100;100;75;38;0;50;50;50;0;0;0;405;22;N;N;N;N;N;N;N
108686;1873;1877;2017/2018;complete;580;11;-1;-1;-1;1;1;2;3;1;4;-1;-1;-1;-1;-1;-1;6;3;7;6;13;9;-1;-1;52;48;-1;-1;0;0;0;0;0;0;0;0;0;0;0;0;0;0;0;0;0;0;0;0;0;0;0;0;0;0;0;0;0;0;0;0;0;0;0;0;0;0;0;0;0;0;0;0;0;0;0;0;0;0;0;0;0;0;0;0;0;0;0;0;0;0;0;0;0;0;0;0;2;0;0;0;0;0;0;2017-10-11 13:30:00;-1;0;13;0;0;1;-1;-1;-1;-1;-1;-1;-1;-1;-1;-1;-1;-1;-1;-1;-1;0;0;0;0;0;0;0;-1;-1;-1;-1;-1;-1;-1;-1;-1;-1;-1;-1;-1;-1;-1;-1;-1;-1;-1;-1;-1;-1;-1;0;0;13;25;88;13;50;50;13;9.25;0;5.33;1.25;Kustošija;Solin;1.18;1;0.25;0.75;0.3;1.4;100;100;88;75;13;75;63;13;0;0;0;405;22;Y;Y;N;N;N;N;Y
108687;1878;1881;2017/2018;complete;580;11;-1;;26,72;0;2;2;3;3;6;-1;-1;1;0;0;0;4;6;9;2;13;8;-1;-1;63;37;1;0;0;0;0;0;0;0;0;0;0;0;0;0;0;0;0;0;0;0;0;0;0;0;0;0;0;0;0;0;0;0;0;0;0;0;0;0;0;0;0;0;0;0;0;0;0;0;0;0;0;0;0;0;0;0;0;0;0;0;0;0;0;0;0;0;0;0;0;0;2;0;1;0;1;1;1;2017-10-10 13:30:00;1881;0;50;10;10;0;-1;1;-1;-1;-1;-1;-1;-1;0;0;1;0;0;1;-1;0;0;0;0;0;0;0;0;0;0;0;0;0;1;1;0;0;-1;-1;0;0;-1;-1;-1;-1;-1;-1;-1;-1;-1;0;0;40;70;90;30;70;80;20;8.8;0;3.85;2;Hajduk Split II;Varaždin;1.55;1.4;2;1.6;1.7;1.4;100;100;60;30;10;60;35;35;0;0;0;405;22;Y;Y;N;N;N;N;N
108688;1879;1872;2017/2018;complete;580;11;-1;20,89;;2;0;2;7;9;16;-1;-1;1;0;0;0;7;7;4;11;11;18;-1;-1;49;51;1;0;0;0;0;0;0;0;0;0;0;0;0;0;0;0;0;0;0;0;0;0;0;0;0;0;0;0;0;0;0;0;0;0;0;0;0;0;0;0;0;0;0;0;0;0;0;0;0;0;0;0;0;0;0;0;0;0;0;0;0;0;0;0;0;0;0;0;0;0;2;1;0;1;0;1;1;2017-10-11 13:30:00;1879;0;25;25;0;0;-1;1;-1;-1;-1;-1;-1;-1;0;0;1;0;0;1;-1;0;0;0;0;0;0;0;0;0;0;0;0;0;1;1;0;0;-1;-1;0;0;-1;-1;-1;-1;-1;-1;-1;-1;-1;0;0;0;50;100;38;63;38;13;9.67;0;3.75;1.5;Dugopolje;Novigrad;2.3;0.82;2.5;1.75;1.8;1.1;100;100;100;50;0;59;42;17;0;0;0;405;22;Y;Y;N;N;N;N;N
108689;1876;1874;2017/2018;complete;580;11;-1;-1,-1,-1;;3;0;3;5;3;8;-1;-1;-1;-1;-1;-1;-1;-1;-1;-1;-1;-1;-1;-1;-1;-1;-1;-1;0;0;0;0;0;0;0;0;0;0;0;0;0;0;0;0;0;0;0;0;0;0;0;0;0;0;0;0;0;0;0;0;0;0;0;0;0;0;0;0;0;0;0;0;0;0;0;0;0;0;0;0;0;0;0;0;0;0;0;0;0;0;0;0;0;0;0;0;3;0;0;0;0;0;0;2017-10-11 13:30:00;1876;0;38;25;0;1;-1;-1;-1;-1;-1;-1;-1;-1;-1;-1;-1;-1;-1;-1;-1;0;0;0;0;0;0;0;-1;-1;-1;-1;-1;-1;-1;-1;-1;-1;-1;-1;-1;-1;-1;-1;-1;-1;-1;-1;-1;-1;-1;0;25;38;38;88;25;63;63;13;5.75;0;5.33;1.88;Dinamo Zagreb II;Lučko;2.18;1;3;1.25;2.1;1.5;100;75;63;63;13;13;13;13;0;0;0;405;22;Y;Y;Y;N;N;N;N
108690;1880;1871;2017/2018;complete;580;11;-1;40,54,59;58;3;1;4;5;1;6;-1;-1;1;3;0;0;8;7;8;4;16;11;-1;-1;55;45;1;3;0;0;0;0;0;0;0;0;0;0;0;0;0;0;0;0;0;0;0;0;0;0;0;0;0;0;0;0;0;0;0;0;0;0;0;0;0;0;0;0;0;0;0;0;0;0;0;0;0;0;0;0;0;0;0;0;0;0;0;0;0;0;0;0;0;0;0;0;4;1;0;2;1;3;1;2017-10-11 15:00:00;1880;0;38;0;17;0;-1;1;-1;-1;-1;-1;-1;-1;1;1;0;2;2;2;-1;0;0;0;0;0;0;0;0;0;0;0;0;0;1;1;0;0;-1;-1;0;0;-1;-1;-1;-1;-1;-1;-1;-1;-1;0;0;50;50;100;25;63;38;13;12.5;0;4;2;Šibenik;Hrvatski Dragovoljac;1.45;0.73;0.75;0.75;1;0.7;100;100;50;50;0;75;75;75;0;0;0;405;22;Y;Y;Y;Y;N;N;Y
108691;1882;1877;2017/2018;complete;580;12;-1;;-1;0;1;1;-1;-1;-1;-1;-1;-1;-1;-1;-1;-1;-1;-1;-1;-1;-1;-1;-1;-1;-1;-1;-1;0;0;0;0;0;0;0;0;0;0;0;0;0;0;0;0;0;0;0;0;0;0;0;0;0;0;0;0;0;0;0;0;0;0;0;0;0;0;0;0;0;0;0;0;0;0;0;0;0;0;0;0;0;0;0;0;0;0;0;0;0;0;0;0;0;0;0;0;1;0;0;0;0;0;0;2017-10-14 13:00:00;1877;0;40;0;0;1;-1;-1;-1;-1;-1;-1;-1;-1;-1;-1;-1;-1;-1;-1;-1;0;0;0;0;0;0;0;-1;-1;-1;-1;-1;-1;-1;-1;-1;-1;-1;-1;-1;-1;-1;-1;-1;-1;-1;-1;-1;-1;-1;0;0;20;50;90;20;60;40;10;7.8;0;7.33;1.6;Sesvete;Solin;1.64;1;1;0.8;1.27;1.36;100;100;80;50;10;45;35;35;0;0;0;405;22;Y;N;N;N;N;N;N
108692;1881;1872;2017/2018;complete;580;12;-1;;;0;0;0;9;2;11;-1;-1;-1;-1;-1;-1;7;3;3;3;10;6;-1;-1;47;53;-1;-1;0;0;0;0;0;0;0;0;0;0;0;0;0;0;0;0;0;0;0;0;0;0;0;0;0;0;0;0;0;0;0;0;0;0;0;0;0;0;0;0;0;0;0;0;0;0;0;0;0;0;0;0;0;0;0;0;0;0;0;0;0;0;0;0;0;0;0;0;0;0;0;0;0;0;0;2017-10-14 13:00:00;-1;0;30;10;0;0;-1;-1;-1;-1;-1;-1;-1;-1;-1;-1;-1;-1;-1;-1;-1;0;0;0;0;0;0;0;0;0;0;0;0;0;1;1;0;0;-1;-1;-1;-1;-1;-1;-1;-1;-1;-1;-1;-1;-1;0;0;0;70;90;40;70;30;0;10.67;0;2.35;1.6;Varaždin;Novigrad;1.67;0.82;1.2;1.4;1.55;1;100;100;100;30;10;84;59;42;0;0;0;405;22;N;N;N;N;N;N;N
108693;1879;1871;2017/2018;complete;580;12;-1;-1;;1;0;1;-1;-1;-1;-1;-1;-1;-1;-1;-1;-1;-1;-1;-1;-1;-1;-1;-1;-1;-1;-1;-1;0;0;0;0;0;0;0;0;0;0;0;0;0;0;0;0;0;0;0;0;0;0;0;0;0;0;0;0;0;0;0;0;0;0;0;0;0;0;0;0;0;0;0;0;0;0;0;0;0;0;0;0;0;0;0;0;0;0;0;0;0;0;0;0;0;0;0;0;1;0;0;0;0;0;0;2017-10-14 13:00:00;1879;0;30;10;13;1;-1;-1;-1;-1;-1;-1;-1;-1;-1;-1;-1;-1;-1;-1;-1;0;0;0;0;0;0;0;-1;-1;-1;-1;-1;-1;-1;-1;-1;-1;-1;-1;-1;-1;-1;-1;-1;-1;-1;-1;-1;-1;-1;0;10;20;50;100;20;70;50;20;9;0;4.1;1.8;Dugopolje;Hrvatski Dragovoljac;2.3;0.73;2.6;0.6;1.91;0.64;100;90;80;50;0;54;42;42;0;0;0;405;22;Y;N;N;N;N;N;N
108694;1873;1878;2017/2018;complete;580;12;-1;-1;;1;0;1;-1;-1;-1;-1;-1;-1;-1;-1;-1;-1;-1;-1;-1;-1;-1;-1;-1;-1;-1;-1;-1;0;0;0;0;0;0;0;0;0;0;0;0;0;0;0;0;0;0;0;0;0;0;0;0;0;0;0;0;0;0;0;0;0;0;0;0;0;0;0;0;0;0;0;0;0;0;0;0;0;0;0;0;0;0;0;0;0;0;0;0;0;0;0;0;0;0;0;0;1;0;0;0;0;0;0;2017-10-14 13:00:00;1873;0;30;0;10;1;-1;-1;-1;-1;-1;-1;-1;-1;-1;-1;-1;-1;-1;-1;-1;0;0;0;0;0;0;0;-1;-1;-1;-1;-1;-1;-1;-1;-1;-1;-1;-1;-1;-1;-1;-1;-1;-1;-1;-1;-1;-1;-1;0;10;40;50;90;20;50;70;20;7.75;0;4.33;1.9;Kustošija;Hajduk Split II;1.18;1;0.4;1.4;0.36;1.55;100;90;60;50;10;50;50;25;0;0;0;405;22;Y;N;N;N;N;N;N
108695;1880;1874;2017/2018;complete;580;12;-1;;;0;0;0;-1;-1;-1;-1;-1;-1;-1;-1;-1;-1;-1;-1;-1;-1;-1;-1;-1;-1;-1;-1;-1;0;0;0;0;0;0;0;0;0;0;0;0;0;0;0;0;0;0;0;0;0;0;0;0;0;0;0;0;0;0;0;0;0;0;0;0;0;0;0;0;0;0;0;0;0;0;0;0;0;0;0;0;0;0;0;0;0;0;0;0;0;0;0;0;0;0;0;0;0;0;0;0;0;0;0;2017-10-14 13:00:00;-1;0;40;13;25;0;-1;-1;-1;-1;-1;-1;-1;-1;-1;-1;-1;-1;-1;-1;-1;0;0;0;0;0;0;0;0;0;0;0;0;0;1;1;0;0;-1;-1;-1;-1;-1;-1;-1;-1;-1;-1;-1;-1;-1;0;20;60;60;90;20;40;60;20;9.33;0;2.83;2.3;Šibenik;Lučko;1.45;1;1.2;1;1.18;1.36;100;80;40;40;10;34;34;34;0;0;0;405;22;N;N;N;N;N;N;N
108696;1876;1875;2017/2018;complete;580;12;-1;-1;;1;0;1;4;3;7;-1;-1;-1;-1;-1;-1;6;0;7;6;13;6;-1;-1;43;57;-1;-1;0;0;0;0;0;1.9;0;0;0;0;0;0;0;0;0;0;0;0;0;0;0;0;0;0;0;0;0;0;0;0;0;0;0;0;0;0;0;0;0;0;0;0;0;0;0;0;0;0;0;0;0;0;0;0;0;0;0;0;0;0;0;0;0;0;0;0;0;0;1;0;0;0;0;0;0;2017-10-15 11:00:00;1876;0;40;13;10;1;-1;-1;-1;-1;-1;-1;-1;-1;-1;-1;-1;-1;-1;-1;-1;0;0;0;0;0;0;0;-1;-1;-1;-1;-1;-1;-1;-1;-1;-1;-1;-1;-1;-1;-1;-1;-1;-1;-1;-1;-1;-1;-1;0;10;40;60;90;10;50;60;30;8.9;0;7;2;Dinamo Zagreb II;Gorica;2.18;1.27;3;2.2;2.18;2.09;100;90;60;40;10;23;23;23;0;0;0;405;22;Y;N;N;N;N;N;N
108697;1871;1872;2017/2018;complete;580;13;-1;48,90;80;2;1;3;6;4;10;-1;-1;2;9;0;1;5;4;6;3;11;7;-1;-1;58;42;2;10;0;0;0;0;0;2.37;0;0;0;0;0;0;0;0;0;0;0;0;0;0;0;0;0;0;0;0;0;0;0;0;0;0;0;0;0;0;0;0;0;0;0;0;0;0;0;0;0;0;0;0;0;0;0;0;0;0;0;0;0;0;0;0;0;0;0;0;0;0;3;0;0;2;1;3;0;2017-10-20 13:00:00;1871;0;50;25;9;0;-1;1;-1;-1;-1;-1;-1;-1;2;3;0;7;5;7;-1;0;0;0;0;0;0;0;2;0;2;0;0;0;1;1;0;0;-1;-1;0;0;-1;-1;-1;-1;-1;-1;-1;-1;-1;9;17;34;67;83;42;75;58;9;10.08;0;3.2;2.17;Hrvatski Dragovoljac;Novigrad;1.36;0.82;0.67;1.33;0.58;1;92;84;67;34;17;54;54;42;0;0;0;405;22;Y;Y;Y;N;N;N;Y
108698;1875;1880;2017/2018;complete;580;13;-1;55;;1;0;1;5;5;10;-1;-1;2;4;0;0;12;4;6;6;18;10;-1;-1;57;43;2;4;0;0;0;0;0;2.35;0;0;0;0;0;0;0;0;0;0;0;0;0;0;0;0;0;0;0;0;0;0;0;0;0;0;0;0;0;0;0;0;0;0;0;0;0;0;0;0;0;0;0;0;0;0;0;0;0;0;0;0;0;0;0;0;0;0;0;0;0;0;1;0;0;1;0;1;0;2017-10-20 13:00:00;1875;0;42;25;17;0;-1;1;-1;-1;-1;-1;-1;-1;0;3;2;1;3;3;-1;0;0;0;0;0;0;0;0;0;0;0;0;0;1;1;0;0;-1;-1;0;0;-1;-1;-1;-1;-1;-1;-1;-1;-1;0;9;42;59;92;25;50;75;34;8.83;0;5.53;2;Gorica;Šibenik;2.27;1.09;2;1.17;1.92;1.17;100;92;59;42;9;71;50;38;0;0;0;405;22;Y;N;N;N;N;N;N
108699;1874;1879;2017/2018;complete;580;13;-1;;;0;0;0;-1;-1;-1;-1;-1;4;2;1;1;-1;-1;-1;-1;-1;-1;-1;-1;-1;-1;5;3;0;0;0;0;0;2.29;0;0;0;0;0;0;0;0;0;0;0;0;0;0;0;0;0;0;0;0;0;0;0;0;0;0;0;0;0;0;0;0;0;0;0;0;0;0;0;0;0;0;0;0;0;0;0;0;0;0;0;0;0;0;0;0;0;0;0;0;0;0;0;0;0;0;0;0;0;2017-10-21 13:00:00;-1;0;42;13;21;0;-1;1;-1;-1;-1;-1;-1;-1;2;3;3;0;5;3;-1;0;0;0;0;0;0;0;0;0;0;0;0;0;1;1;0;0;-1;-1;0;0;-1;-1;-1;-1;-1;-1;-1;-1;-1;9;17;42;75;100;25;67;50;34;8.92;0;4.25;2.5;Lučko;Dugopolje;1.45;1.25;1.67;1.33;1.33;2;92;83;59;25;0;75;75;59;0;0;0;405;22;N;N;N;N;N;N;N
108700;1877;1876;2017/2018;complete;580;13;-1;;74,76,84;0;3;3;-1;-1;-1;-1;-1;2;0;0;0;-1;-1;-1;-1;-1;-1;-1;-1;-1;-1;2;0;0;0;0;0;0;2.35;0;0;0;0;0;0;0;0;0;0;0;0;0;0;0;0;0;0;0;0;0;0;0;0;0;0;0;0;0;0;0;0;0;0;0;0;0;0;0;0;0;0;0;0;0;0;0;0;0;0;0;0;0;0;0;0;0;0;0;0;0;0;3;0;0;0;3;3;0;2017-10-21 13:00:00;1876;0;42;25;9;0;-1;1;-1;-1;-1;-1;-1;-1;0;0;2;0;0;2;-1;0;0;0;0;0;0;0;0;0;0;0;0;0;1;1;0;0;-1;-1;0;0;-1;-1;-1;-1;-1;-1;-1;-1;-1;9;9;17;59;83;42;50;59;17;11.1;0;5.2;1.84;Solin;Dinamo Zagreb II;1.36;1.64;1.83;1.5;1.5;2.25;92;92;84;42;17;55;55;30;0;0;0;405;22;Y;Y;Y;N;N;N;N
108701;1873;1881;2017/2018;complete;580;13;-1;28;;1;0;1;-1;-1;-1;-1;-1;1;3;0;0;-1;-1;-1;-1;-1;-1;-1;-1;-1;-1;1;3;0;0;0;0;0;2.37;0;0;0;0;0;0;0;0;0;0;0;0;0;0;0;0;0;0;0;0;0;0;0;0;0;0;0;0;0;0;0;0;0;0;0;0;0;0;0;0;0;0;0;0;0;0;0;0;0;0;0;0;0;0;0;0;0;0;0;0;0;0;1;1;0;0;0;0;1;2017-10-21 13:00:00;1873;0;34;9;9;0;-1;1;-1;-1;-1;-1;-1;-1;1;1;0;2;2;2;-1;0;0;0;0;0;0;0;0;0;0;0;0;0;1;1;0;0;-1;-1;0;0;-1;-1;-1;-1;-1;-1;-1;-1;-1;0;0;25;50;83;9;50;58;17;9.5;0;4.13;1.59;Kustošija;Varaždin;1.18;1.4;0.83;1.83;0.58;1.5;100;100;75;50;17;59;42;17;0;0;0;405;22;Y;N;N;N;N;N;N
108702;1878;1882;2017/2018;complete;580;13;-1;45;10;1;1;2;4;5;9;-1;-1;1;4;1;0;8;5;7;3;15;8;-1;-1;58;42;2;4;0;0;0;0;0;2.35;0;0;0;0;0;0;0;0;0;0;0;0;0;0;0;0;0;0;0;0;0;0;0;0;0;0;0;0;0;0;0;0;0;0;0;0;0;0;0;0;0;0;0;0;0;0;0;0;0;0;0;0;0;0;0;0;0;0;0;0;0;0;2;1;1;0;0;0;2;2017-10-22 13:00:00;-1;0;33;9;17;0;-1;1;-1;-1;-1;-1;-1;-1;0;1;2;3;1;5;-1;0;0;0;0;0;0;0;0;0;0;0;0;0;1;1;0;1;-1;-1;0;0;-1;-1;-1;-1;-1;-1;-1;-1;-1;17;17;25;67;100;50;84;58;17;8.83;0;3.67;2.33;Hajduk Split II;Sesvete;1.55;1.55;1.67;1.5;1.42;1.17;84;84;75;33;0;46;46;34;0;0;0;405;22;Y;Y;N;N;N;N;Y
108703;1872;1874;2017/2018;complete;580;14;-1;;;0;0;0;-1;-1;-1;-1;-1;0;3;0;0;-1;-1;-1;-1;-1;-1;-1;-1;-1;-1;0;3;0;0;0;0;0;0;0;0;0;0;0;0;0;0;0;0;0;0;0;0;0;0;0;0;0;0;0;0;0;0;0;0;0;0;0;0;0;0;0;0;0;0;0;0;0;0;0;0;0;0;0;0;0;0;0;0;0;0;0;0;0;0;0;0;0;0;0;0;0;0;0;0;0;0;0;2017-10-28 13:00:00;-1;0;34;19;17;0;-1;1;-1;-1;-1;-1;-1;-1;0;2;0;1;2;1;-1;0;0;0;0;0;0;0;0;0;0;0;0;0;1;1;0;0;-1;-1;0;0;-1;-1;-1;-1;-1;-1;-1;-1;-1;9;17;42;50;84;17;42;67;25;8;0;4.33;2;Novigrad;Lučko;0.82;1;0.67;1;0.92;1.31;92;83;59;50;17;0;0;0;0;0;0;405;22;N;N;N;N;N;N;N
108704;1880;1877;2017/2018;complete;580;14;-1;70;90;1;1;2;-1;-1;-1;-1;-1;4;2;0;0;-1;-1;-1;-1;-1;-1;-1;-1;-1;-1;4;2;0;0;0;0;0;0;0;0;0;0;0;0;0;0;0;0;0;0;0;0;0;0;0;0;0;0;0;0;0;0;0;0;0;0;0;0;0;0;0;0;0;0;0;0;0;0;0;0;0;0;0;0;0;0;0;0;0;0;0;0;0;0;0;0;0;0;0;0;2;0;0;1;1;2;0;2017-10-28 13:00:00;-1;0;42;0;20;0;-1;1;-1;-1;-1;-1;-1;-1;1;2;3;0;3;3;-1;0;0;0;0;0;0;0;0;0;0;0;0;0;1;1;0;0;-1;-1;0;0;-1;-1;-1;-1;-1;-1;-1;-1;-1;0;9;42;59;92;17;50;42;25;10.13;0;4.5;2;Šibenik;Solin;1.45;1;1.17;1.17;1.08;1.38;100;92;58;42;9;54;44;44;0;0;0;405;22;Y;Y;N;N;N;N;Y
108705;1879;1875;2017/2018;complete;580;14;-1;90;11;1;1;2;-1;-1;-1;-1;-1;2;2;0;0;-1;-1;-1;-1;-1;-1;-1;-1;-1;-1;2;2;0;0;0;0;0;0;0;0;0;0;0;0;0;0;0;0;0;0;0;0;0;0;0;0;0;0;0;0;0;0;0;0;0;0;0;0;0;0;0;0;0;0;0;0;0;0;0;0;0;0;0;0;0;0;0;0;0;0;0;0;0;0;0;0;0;0;0;0;2;0;1;1;0;1;1;2017-10-28 13:00:00;-1;0;25;10;10;0;-1;1;-1;-1;-1;-1;-1;-1;0;0;2;2;0;4;-1;0;0;0;0;0;0;0;0;0;0;0;0;0;1;1;0;0;-1;-1;0;0;-1;-1;-1;-1;-1;-1;-1;-1;-1;0;0;9;50;92;9;34;59;25;10.2;0;4.6;1.5;Dugopolje;Gorica;2.3;1.27;2.67;1.83;1.92;2;100;100;92;50;9;48;35;35;0;0;0;405;22;Y;Y;N;N;N;N;Y
108706;1881;1871;2017/2018;complete;580;14;-1;;17,57;0;2;2;-1;-1;-1;-1;-1;4;2;0;0;-1;-1;-1;-1;-1;-1;-1;-1;-1;-1;4;2;0;0;0;0;0;0;0;0;0;0;0;0;0;0;0;0;0;0;0;0;0;0;0;0;0;0;0;0;0;0;0;0;0;0;0;0;0;0;0;0;0;0;0;0;0;0;0;0;0;0;0;0;0;0;0;0;0;0;0;0;0;0;0;0;0;0;0;0;2;0;1;0;1;1;1;2017-10-28 13:00:00;1871;0;33;0;13;0;-1;1;-1;-1;-1;-1;-1;-1;2;1;2;1;3;3;-1;0;0;0;0;0;0;0;0;0;0;0;0;0;1;1;0;0;-1;-1;0;1;-1;-1;-1;-1;-1;-1;-1;-1;-1;0;9;17;50;84;25;59;25;9;9.33;0;3.25;1.58;Varaždin;Hrvatski Dragovoljac;1.67;0.73;1.17;0.5;1.38;0.77;100;92;84;50;17;67;50;50;0;0;0;405;22;Y;Y;N;N;N;N;N
108707;1882;1873;2017/2018;complete;580;14;-1;45,90;;2;0;2;-1;-1;-1;-1;-1;3;5;0;0;-1;-1;-1;-1;-1;-1;-1;-1;-1;-1;3;5;0;0;0;0;0;0;0;0;0;0;0;0;0;0;0;0;0;0;0;0;0;0;0;0;0;0;0;0;0;0;0;0;0;0;0;0;0;0;0;0;0;0;0;0;0;0;0;0;0;0;0;0;0;0;0;0;0;0;0;0;0;0;0;0;0;0;0;0;2;1;0;1;0;1;1;2017-10-28 13:00:00;1882;0;42;0;0;0;-1;1;-1;-1;-1;-1;-1;-1;1;2;2;3;3;5;-1;0;0;0;0;0;0;0;0;0;0;0;0;0;1;1;0;0;-1;-1;0;0;-1;-1;-1;-1;-1;-1;-1;-1;-1;0;0;17;58;92;17;59;58;17;7.5;0;7.66;1.67;Sesvete;Kustošija;1.64;0.73;0.83;0.33;1.15;0.77;100;100;83;42;9;38;38;38;0;0;0;405;22;Y;Y;N;N;N;N;N
108708;1876;1878;2017/2018;complete;580;14;-1;29;11,81;1;2;3;5;3;8;-1;-1;1;1;0;0;8;5;7;3;15;8;-1;-1;51;49;1;1;0;0;0;0;0;0;0;0;0;0;0;0;0;0;0;0;0;0;0;0;0;0;0;0;0;0;0;0;0;0;0;0;0;0;0;0;0;0;0;0;0;0;0;0;0;0;0;0;0;0;0;0;0;0;0;0;0;0;0;0;0;0;0;0;0;0;0;0;3;1;1;0;1;1;2;2017-10-29 13:00:00;1878;0;33;13;10;0;-1;1;-1;-1;-1;-1;-1;-1;0;1;1;0;1;1;-1;0;0;0;0;0;0;0;0;1;0;1;0;0;1;1;0;0;-1;-1;0;0;-1;-1;-1;-1;-1;-1;-1;-1;-1;0;17;59;59;100;25;67;58;25;7.58;0;6;2.34;Dinamo Zagreb II;Hajduk Split II;2.18;1;3;1.17;2.31;1.38;100;83;42;42;0;34;34;34;0;0;0;405;22;Y;Y;Y;N;N;N;Y
108709;1875;1872;2017/2018;complete;580;15;-1;14,24,31,51,55;63,90;5;2;7;-1;-1;-1;-1;-1;3;0;0;0;-1;-1;-1;-1;-1;-1;-1;-1;-1;-1;3;0;0;0;0;0;0;0;0;0;0;0;0;0;0;0;0;0;0;0;0;0;0;0;0;0;0;0;0;0;0;0;0;0;0;0;0;0;0;0;0;0;0;0;0;0;0;0;0;0;0;0;0;0;0;0;0;0;0;0;0;0;0;0;0;0;0;0;0;0;7;3;0;2;2;4;3;2017-11-03 12:00:00;1875;0;29;14;14;0;-1;1;-1;-1;-1;-1;-1;-1;2;0;1;0;2;1;-1;0;0;0;0;0;0;0;0;0;0;0;0;0;1;1;0;0;-1;-1;0;0;-1;-1;-1;-1;-1;-1;-1;-1;-1;0;0;22;57;93;22;50;65;29;9.46;0;6.14;1.72;Gorica;Novigrad;2.27;0.82;2.14;1.14;1.93;0.93;100;100;79;43;7;76;69;42;0;0;0;405;22;Y;Y;Y;Y;Y;Y;Y
108710;1882;1881;2017/2018;complete;580;15;-1;2,48,78;8,74;3;2;5;-1;-1;-1;-1;-1;0;2;0;0;-1;-1;-1;-1;-1;-1;-1;-1;-1;-1;0;2;0;0;0;0;0;0;0;0;0;0;0;0;0;0;0;0;0;0;0;0;0;0;0;0;0;0;0;0;0;0;0;0;0;0;0;0;0;0;0;0;0;0;0;0;0;0;0;0;0;0;0;0;0;0;0;0;0;0;0;0;0;0;0;0;0;0;0;0;5;1;1;2;1;3;2;2017-11-04 12:00:00;1882;0;36;7;7;0;-1;1;-1;-1;-1;-1;-1;-1;0;2;0;0;2;0;-1;0;0;0;0;0;0;0;0;1;0;1;0;0;1;1;1;1;-1;-1;0;1;-1;-1;-1;-1;-1;-1;-1;-1;-1;0;0;29;57;86;14;72;57;15;10;0;6;1.72;Sesvete;Varaždin;1.64;1.4;1.14;1.57;1.29;1.29;100;100;72;43;14;59;42;42;0;0;0;405;22;Y;Y;Y;Y;Y;N;Y
108711;1874;1871;2017/2018;complete;580;15;-1;5;90;1;1;2;3;6;9;-1;-1;3;2;1;0;4;6;3;7;7;13;-1;-1;44;56;5;2;0;0;0;0;0;0;0;0;0;0;0;0;0;0;0;0;0;0;0;0;0;0;0;0;0;0;0;0;0;0;0;0;0;0;0;0;0;0;0;0;0;0;0;0;0;0;0;0;0;0;0;0;0;0;0;0;0;0;0;0;0;0;0;0;0;0;0;0;2;1;0;0;1;1;1;2017-11-04 12:00:00;-1;0;22;0;17;0;-1;1;-1;-1;-1;-1;-1;-1;0;0;4;2;0;6;-1;0;0;0;0;0;0;0;0;0;0;0;0;0;1;1;1;0;-1;-1;0;0;-1;-1;-1;-1;-1;-1;-1;-1;-1;0;14;29;57;93;22;71;43;29;8.67;0;4.4;1.93;Lučko;Hrvatski Dragovoljac;1.45;0.73;1.57;0.86;1.29;0.93;100;86;71;43;7;67;67;50;0;0;0;405;22;Y;Y;N;N;N;N;Y
108712;1877;1879;2017/2018;complete;580;15;-1;;45;0;1;1;6;5;11;-1;-1;2;3;0;1;7;7;12;6;19;13;-1;-1;56;44;2;4;0;0;0;0;0;0;0;0;0;0;0;0;0;0;0;0;0;0;0;0;0;0;0;0;0;0;0;0;0;0;0;0;0;0;0;0;0;0;0;0;0;0;0;0;0;0;0;0;0;0;0;0;0;0;0;0;0;0;0;0;0;0;0;0;0;0;0;0;1;0;1;0;0;0;1;2017-11-04 12:00:00;1879;0;50;25;17;0;-1;1;-1;-1;-1;-1;-1;-1;0;0;2;4;0;6;-1;0;0;0;0;0;0;0;0;0;0;0;0;0;1;1;0;0;-1;-1;0;0;-1;-1;-1;-1;-1;-1;-1;-1;-1;14;14;43;57;86;29;43;57;22;9.75;0;5.13;2.29;Solin;Dugopolje;1.36;1.25;1.57;1.29;1.36;1.86;86;86;57;43;14;50;50;25;0;0;0;405;22;Y;N;N;N;N;N;N
108713;1873;1876;2017/2018;complete;580;15;-1;;44;0;1;1;7;1;8;-1;-1;2;2;0;0;7;6;4;4;11;10;-1;-1;53;47;2;2;0;0;0;0;0;0;0;0;0;0;0;0;0;0;0;0;0;0;0;0;0;0;0;0;0;0;0;0;0;0;0;0;0;0;0;0;0;0;0;0;0;0;0;0;0;0;0;0;0;0;0;0;0;0;0;0;0;0;0;0;0;0;0;0;0;0;0;0;1;0;1;0;0;0;1;2017-11-04 12:00:00;1876;0;22;7;0;0;-1;1;-1;-1;-1;-1;-1;-1;0;1;2;1;1;3;-1;0;0;0;0;0;0;0;0;1;0;1;0;0;1;1;0;0;-1;-1;0;0;-1;-1;-1;-1;-1;-1;-1;-1;-1;0;0;7;43;86;15;36;43;15;9.1;0;4.33;1.36;Kustošija;Dinamo Zagreb II;1.18;1.64;1.14;1.71;0.71;2.14;100;100;93;58;14;55;55;30;0;0;0;405;22;Y;N;N;N;N;N;N
108714;1878;1880;2017/2018;complete;580;15;-1;;52;0;1;1;4;3;7;-1;-1;1;4;0;0;6;3;11;0;17;3;-1;-1;64;36;1;4;0;0;0;0;0;0;0;0;0;0;0;0;0;0;0;0;0;0;0;0;0;0;0;0;0;0;0;0;0;0;0;0;0;0;0;0;0;0;0;0;0;0;0;0;0;0;0;0;0;0;0;0;0;0;0;0;0;0;0;0;0;0;0;0;0;0;0;0;1;0;0;0;1;1;0;2017-11-05 12:00:00;1880;0;43;22;7;0;-1;1;-1;-1;-1;-1;-1;-1;0;1;1;3;1;4;-1;0;0;0;0;0;0;0;0;0;0;0;0;0;1;1;0;0;-1;-1;0;1;-1;-1;-1;-1;-1;-1;-1;-1;-1;0;7;29;57;93;36;57;71;7;7.2;0;4.07;1.86;Hajduk Split II;Šibenik;1.55;1.09;1.57;1;1.5;1.07;100;93;72;43;7;55;37;17;0;0;0;405;22;Y;N;N;N;N;N;N
108715;1871;1875;2017/2018;complete;580;16;-1;83;;1;0;1;2;5;7;-1;-1;3;2;0;0;3;2;5;5;8;7;-1;-1;45;55;3;2;0;0;0;0;0;0;0;0;0;0;0;0;0;0;0;0;0;0;0;0;0;0;0;0;0;0;0;0;0;0;0;0;0;0;0;0;0;0;0;0;0;0;0;0;0;0;0;0;0;0;0;0;0;0;0;0;0;0;0;0;0;0;0;0;0;0;0;0;1;0;0;1;0;1;0;2017-11-10 12:30:00;1871;0;65;15;23;0;-1;1;-1;-1;-1;-1;-1;-1;0;2;3;0;2;3;-1;0;0;0;0;0;0;0;1;0;1;0;0;0;1;1;0;0;-1;-1;0;0;-1;-1;-1;-1;-1;-1;-1;-1;-1;7;15;43;72;86;22;50;79;29;9.63;0;4.47;2.29;Hrvatski Dragovoljac;Gorica;1.36;1.27;1;1.71;0.93;2;93;86;58;29;14;32;32;25;0;0;0;405;22;Y;N;N;N;N;N;N
108716;1872;1877;2017/2018;complete;580;16;-1;49,76;;2;0;2;-1;-1;-1;-1;-1;1;2;0;0;-1;-1;-1;-1;-1;-1;-1;-1;-1;-1;1;2;0;0;0;0;0;0;0;0;0;0;0;0;0;0;0;0;0;0;0;0;0;0;0;0;0;0;0;0;0;0;0;0;0;0;0;0;0;0;0;0;0;0;0;0;0;0;0;0;0;0;0;0;0;0;0;0;0;0;0;0;0;0;0;0;0;0;0;0;2;0;0;2;0;2;0;2017-11-11 12:30:00;1872;0;43;7;25;0;-1;1;-1;-1;-1;-1;-1;-1;1;1;0;1;2;1;-1;0;0;0;0;0;0;0;0;0;0;0;0;0;1;1;0;0;-1;-1;0;1;-1;-1;-1;-1;-1;-1;-1;-1;-1;7;7;29;57;93;14;50;57;36;8.8;0;5.37;1.93;Novigrad;Solin;0.82;1;0.71;1.14;0.87;1.27;93;93;72;43;7;20;10;10;0;0;0;405;22;Y;Y;N;N;N;N;N
108717;1880;1873;2017/2018;complete;580;16;-1;75;;1;0;1;7;3;10;-1;-1;3;1;0;0;9;4;13;5;22;9;-1;-1;55;45;3;1;0;0;0;0;0;0;0;0;0;0;0;0;0;0;0;0;0;0;0;0;0;0;0;0;0;0;0;0;0;0;0;0;0;0;0;0;0;0;0;0;0;0;0;0;0;0;0;0;0;0;0;0;0;0;0;0;0;0;0;0;0;0;0;0;0;0;0;0;1;0;0;1;0;1;0;2017-11-11 12:30:00;1880;0;50;0;25;0;-1;1;-1;-1;-1;-1;-1;-1;1;0;2;1;1;3;-1;0;0;0;0;0;0;0;0;0;0;0;0;0;1;1;0;0;-1;-1;0;0;-1;-1;-1;-1;-1;-1;-1;-1;-1;0;7;36;79;93;14;57;72;36;9.83;0;5.57;2.15;Šibenik;Kustošija;1.45;0.73;1.14;0.29;1.2;0.67;100;93;65;22;7;46;46;46;0;0;0;405;22;Y;N;N;N;N;N;N
108718;1881;1874;2017/2018;complete;580;16;-1;90;;1;0;1;13;3;16;-1;-1;2;2;0;0;10;3;14;5;24;8;-1;-1;54;46;2;2;0;0;0;0;0;0;0;0;0;0;0;0;0;0;0;0;0;0;0;0;0;0;0;0;0;0;0;0;0;0;0;0;0;0;0;0;0;0;0;0;0;0;0;0;0;0;0;0;0;0;0;0;0;0;0;0;0;0;0;0;0;0;0;0;0;0;0;0;1;0;0;1;0;1;0;2017-11-11 12:30:00;1881;0;22;9;0;0;-1;1;-1;-1;-1;-1;-1;-1;0;1;2;1;1;3;-1;0;0;0;0;0;0;0;0;0;0;0;0;0;1;1;0;0;-1;-1;0;0;-1;-1;-1;-1;-1;-1;-1;-1;-1;0;7;15;50;64;22;36;36;0;8.33;0;3.15;1.36;Varaždin;Lučko;1.67;1;1;1;1.2;1.27;100;93;86;50;36;50;34;34;0;0;0;405;22;Y;N;N;N;N;N;N
108719;1879;1878;2017/2018;complete;580;16;-1;-1,-1;;2;0;2;-1;-1;-1;-1;-1;-1;-1;-1;-1;-1;-1;-1;-1;-1;-1;-1;-1;-1;-1;-1;-1;0;0;0;0;0;0;0;0;0;0;0;0;0;0;0;0;0;0;0;0;0;0;0;0;0;0;0;0;0;0;0;0;0;0;0;0;0;0;0;0;0;0;0;0;0;0;0;0;0;0;0;0;0;0;0;0;0;0;0;0;0;0;0;0;0;0;0;0;2;0;0;0;0;0;0;2017-11-11 12:30:00;1879;0;36;17;9;1;-1;-1;-1;-1;-1;-1;-1;-1;-1;-1;-1;-1;-1;-1;-1;0;0;0;0;0;0;0;-1;-1;-1;-1;-1;-1;-1;-1;-1;-1;-1;-1;-1;-1;-1;-1;-1;-1;-1;-1;-1;-1;-1;0;7;36;64;100;29;64;72;22;9.2;0;3.5;2.07;Dugopolje;Hajduk Split II;2.3;1;2.43;1.43;1.93;1.4;100;93;65;36;0;58;45;45;0;0;0;405;22;Y;Y;N;N;N;N;N
108720;1876;1882;2017/2018;complete;580;16;-1;;36,90;0;2;2;-1;-1;-1;-1;-1;3;2;0;0;-1;-1;-1;-1;-1;-1;-1;-1;-1;-1;3;2;0;0;0;0;0;0;0;0;0;0;0;0;0;0;0;0;0;0;0;0;0;0;0;0;0;0;0;0;0;0;0;0;0;0;0;0;0;0;0;0;0;0;0;0;0;0;0;0;0;0;0;0;0;0;0;0;0;0;0;0;0;0;0;0;0;0;0;0;2;0;1;0;1;1;1;2017-11-12 12:30:00;1882;0;43;35;15;0;-1;1;-1;-1;-1;-1;-1;-1;2;1;1;1;3;2;-1;0;0;0;0;0;0;0;0;0;0;0;0;0;1;1;0;0;-1;-1;0;0;-1;-1;-1;-1;-1;-1;-1;-1;-1;15;22;43;64;100;50;86;36;22;10.23;0;5.68;2.5;Dinamo Zagreb II;Sesvete;2.18;1.55;2.57;1.43;2.2;1.4;86;79;57;36;0;47;37;27;0;0;0;405;22;Y;Y;N;N;N;N;N
108721;1875;1874;2017/2018;complete;580;17;-1;89;51;1;1;2;-1;-1;-1;-1;-1;2;5;0;0;-1;-1;-1;-1;-1;-1;-1;-1;-1;-1;2;5;0;0;0;0;0;0;0;0;0;0;0;0;0;0;0;0;0;0;0;0;0;0;0;0;0;0;0;0;0;0;0;0;0;0;0;0;0;0;0;0;0;0;0;0;0;0;0;0;0;0;0;0;0;0;0;0;0;0;0;0;0;0;0;0;0;0;0;0;2;0;0;1;1;2;0;2017-11-17 12:30:00;-1;0;26;14;13;0;-1;1;-1;-1;-1;-1;-1;-1;0;1;2;4;1;6;-1;0;0;0;0;0;0;0;0;0;0;0;0;0;1;1;0;0;-1;-1;0;0;-1;-1;-1;-1;-1;-1;-1;-1;-1;7;13;32;44;82;19;32;69;25;7.11;0;4.93;1.88;Gorica;Lučko;2.27;1;2.25;0.88;1.88;1.19;94;88;69;57;19;48;41;34;0;0;0;405;22;Y;Y;N;N;N;N;Y
108722;1882;1880;2017/2018;complete;580;17;-1;46,50;55,73;2;2;4;2;8;10;-1;-1;1;3;0;0;4;8;7;14;11;22;-1;-1;45;55;1;3;0;0;0;0;0;0;0;0;0;0;0;0;0;0;0;0;0;0;0;0;0;0;0;0;0;0;0;0;0;0;0;0;0;0;0;0;0;0;0;0;0;0;0;0;0;0;0;0;0;0;0;0;0;0;0;0;0;0;0;0;0;0;0;0;0;0;0;0;4;0;0;2;2;4;0;2017-11-18 12:30:00;-1;0;38;21;15;0;-1;1;-1;-1;-1;-1;-1;-1;1;2;0;1;3;1;-1;0;0;0;0;0;0;0;0;0;0;0;0;0;1;1;0;0;-1;-1;0;1;-1;-1;-1;-1;-1;-1;-1;-1;-1;7;13;32;44;88;25;51;63;13;9;0;5.91;1.82;Sesvete;Šibenik;1.64;1.09;1.38;1.25;1.5;1.31;94;88;69;57;13;59;50;34;0;0;0;405;22;Y;Y;Y;Y;N;N;Y
108723;1873;1879;2017/2018;complete;580;17;-1;29,88;86;2;1;3;6;5;11;-1;-1;1;2;0;0;6;2;6;9;12;11;-1;-1;46;54;1;2;0;0;0;0;0;0;0;0;0;0;0;0;0;0;0;0;0;0;0;0;0;0;0;0;0;0;0;0;0;0;0;0;0;0;0;0;0;0;0;0;0;0;0;0;0;0;0;0;0;0;0;0;0;0;0;0;0;0;0;0;0;0;0;0;0;0;0;0;3;1;0;1;1;2;1;2017-11-18 12:30:00;1873;0;32;9;9;0;-1;1;-1;-1;-1;-1;-1;-1;0;0;1;2;0;3;-1;0;0;0;0;0;0;0;1;0;1;0;0;0;1;1;0;0;-1;-1;0;0;-1;-1;-1;-1;-1;-1;-1;-1;-1;7;7;19;32;88;7;44;32;7;8.93;0;5;1.57;Kustošija;Dugopolje;1.18;1.25;1;1.5;0.63;2;94;94;82;69;13;47;47;30;0;0;0;405;22;Y;Y;Y;N;N;N;Y
108724;1877;1871;2017/2018;complete;580;17;-1;23,83,88,90;80;4;1;5;-1;-1;-1;-1;-1;3;3;0;0;-1;-1;-1;-1;-1;-1;-1;-1;-1;-1;3;3;0;0;0;0;0;0;0;0;0;0;0;0;0;0;0;0;0;0;0;0;0;0;0;0;0;0;0;0;0;0;0;0;0;0;0;0;0;0;0;0;0;0;0;0;0;0;0;0;0;0;0;0;0;0;0;0;0;0;0;0;0;0;0;0;0;0;0;0;5;1;0;3;1;4;1;2017-11-18 12:30:00;1877;0;38;13;15;0;-1;1;-1;-1;-1;-1;-1;-1;1;1;2;2;2;4;-1;0;0;0;0;0;0;0;1;1;1;1;0;0;1;1;0;0;-1;-1;0;0;-1;-1;-1;-1;-1;-1;-1;-1;-1;7;13;32;50;94;26;63;57;19;10.08;0;4.62;2.01;Solin;Hrvatski Dragovoljac;1.36;0.73;1.38;0.88;1.19;1.06;94;88;69;50;7;59;46;29;0;0;0;405;22;Y;Y;Y;Y;Y;N;Y
108725;1876;1881;2017/2018;complete;580;17;-1;63;40,52;1;2;3;-1;-1;-1;-1;-1;1;3;0;0;-1;-1;-1;-1;-1;-1;-1;-1;-1;-1;1;3;0;0;0;0;0;0;0;0;0;0;0;0;0;0;0;0;0;0;0;0;0;0;0;0;0;0;0;0;0;0;0;0;0;0;0;0;0;0;0;0;0;0;0;0;0;0;0;0;0;0;0;0;0;0;0;0;0;0;0;0;0;0;0;0;0;0;0;0;3;0;1;1;1;2;1;2017-11-19 12:30:00;1881;0;44;29;13;0;-1;1;-1;-1;-1;-1;-1;-1;0;1;1;2;1;3;-1;0;0;0;0;0;0;0;0;0;0;0;0;0;1;1;0;0;-1;-1;0;1;-1;-1;-1;-1;-1;-1;-1;-1;-1;7;13;50;69;94;25;82;63;26;9.43;0;5.2;2.32;Dinamo Zagreb II;Varaždin;2.18;1.4;2.25;1.38;2.06;1.31;94;88;50;32;7;41;24;24;0;0;0;405;22;Y;Y;Y;N;N;N;Y
108726;1878;1872;2017/2018;complete;580;17;-1;14,43,46,63,74;47;5;1;6;-1;-1;-1;-1;-1;1;0;0;0;-1;-1;-1;-1;-1;-1;-1;-1;-1;-1;1;0;0;0;0;0;0;0;0;0;0;0;0;0;0;0;0;0;0;0;0;0;0;0;0;0;0;0;0;0;0;0;0;0;0;0;0;0;0;0;0;0;0;0;0;0;0;0;0;0;0;0;0;0;0;0;0;0;0;0;0;0;0;0;0;0;0;0;0;0;6;2;0;3;1;4;2;2017-11-19 12:30:00;1878;0;38;13;13;0;-1;1;-1;-1;-1;-1;-1;-1;0;0;1;0;0;1;-1;0;0;0;0;0;0;0;1;0;1;0;0;0;1;1;0;0;-1;-1;0;0;-1;-1;-1;-1;-1;-1;-1;-1;-1;7;7;19;63;94;38;63;63;13;7.73;0;4.07;2;Hajduk Split II;Novigrad;1.55;0.82;1.38;1;1.31;1;94;94;82;38;7;53;47;27;0;0;0;405;22;Y;Y;Y;Y;Y;Y;Y
108727;1871;1878;2017/2018;complete;580;18;-1;9;;1;0;1;4;4;8;-1;-1;3;1;0;0;6;3;3;13;9;16;-1;-1;42;58;3;1;2.5;2.95;2.6;0;0;0;0;0;0;0;0;0;0;0;0;0;0;0;0;0;0;0;0;0;0;0;0;0;0;0;0;0;0;0;0;0;0;0;0;0;0;0;0;0;0;0;0;0;0;0;0;0;0;0;0;0;0;0;0;0;0;0;0;0;0;0;0;0;1;1;0;0;0;0;1;2017-11-25 12:30:00;1871;0;57;21;21;0;-1;1;-1;-1;-1;-1;-1;-1;0;0;3;1;0;4;-1;0;0;0;0;0;0;0;0;0;0;0;0;0;1;1;1;0;-1;-1;0;0;-1;-1;-1;-1;-1;-1;-1;-1;-1;7;19;63;75;94;38;63;82;25;8.2;0;3.69;2.63;Hrvatski Dragovoljac;Hajduk Split II;1.36;1;1.25;1.25;1;1.41;94;82;38;25;7;39;39;33;0;0;0;405;22;Y;N;N;N;N;N;N
108728;1881;1875;2017/2018;complete;580;18;-1;31,71,80;;3;0;3;5;4;9;-1;-1;1;3;0;0;9;0;4;4;13;4;-1;-1;50;50;1;3;2.6;2.95;2.5;0;0;0;0;0;0;0;0;0;0;0;0;0;0;0;0;0;0;0;0;0;0;0;0;0;0;0;0;0;0;0;0;0;0;0;0;0;0;0;0;0;0;0;0;0;0;0;0;0;0;0;0;0;0;0;0;0;0;0;0;0;0;0;0;0;3;1;0;2;0;2;1;2017-11-25 12:00:00;1881;0;32;0;7;0;-1;1;-1;-1;-1;-1;-1;-1;0;1;1;2;1;3;-1;0;0;0;0;0;0;0;0;0;0;0;0;0;1;1;0;0;-1;-1;0;0;-1;-1;-1;-1;-1;-1;-1;-1;-1;0;0;7;57;82;13;38;57;13;12.33;0;4.17;1.44;Varaždin;Gorica;1.67;1.27;1.25;1.5;1.41;1.82;100;100;94;44;19;59;46;46;0;0;0;405;22;Y;Y;Y;N;N;N;N
108729;1880;1876;2017/2018;complete;580;18;-1;;;0;0;0;2;11;13;-1;-1;-1;-1;-1;-1;5;7;8;8;13;15;-1;-1;45;55;-1;-1;3.1;3.05;2.1;0;0;0;0;0;0;0;0;0;0;0;0;0;0;0;0;0;0;0;0;0;0;0;0;0;0;0;0;0;0;0;0;0;0;0;0;0;0;0;0;0;0;0;0;0;0;0;0;0;0;0;0;0;0;0;0;0;0;0;0;0;0;0;0;0;0;0;0;0;0;0;0;2017-11-25 12:30:00;-1;0;38;7;22;0;-1;-1;-1;-1;-1;-1;-1;-1;-1;-1;-1;-1;-1;-1;-1;0;0;0;0;0;0;0;0;0;0;0;0;0;1;1;0;0;-1;-1;-1;-1;-1;-1;-1;-1;-1;-1;-1;-1;-1;0;7;32;63;88;19;44;57;32;11.25;0;4.46;1.88;Šibenik;Dinamo Zagreb II;1.45;1.64;1.38;1.88;1.29;1.94;100;94;69;38;13;63;63;50;0;0;0;405;22;N;N;N;N;N;N;N
108730;1879;1882;2017/2018;complete;580;18;-1;;90;0;1;1;7;5;12;-1;-1;1;1;0;0;4;7;3;6;7;13;-1;-1;56;44;1;1;1.8;3.2;3.85;0;0;0;0;0;0;0;0;0;0;0;0;0;0;0;0;0;0;0;0;0;0;0;0;0;0;0;0;0;0;0;0;0;0;0;0;0;0;0;0;0;0;0;0;0;0;0;0;0;0;0;0;0;0;0;0;0;0;0;0;0;0;0;0;0;1;0;0;0;1;1;0;2017-11-25 12:30:00;1882;0;32;21;13;0;-1;1;-1;-1;-1;-1;-1;-1;1;1;0;0;2;0;-1;0;0;0;0;0;0;0;0;0;0;0;0;0;1;1;0;0;-1;-1;0;0;-1;-1;-1;-1;-1;-1;-1;-1;-1;13;13;13;69;100;38;75;44;19;11.8;0;4.05;2.13;Dugopolje;Sesvete;2.3;1.55;2.5;1.63;1.88;1.47;88;88;88;32;0;78;55;45;0;0;0;405;22;Y;N;N;N;N;N;N
108731;1874;1877;2017/2018;complete;580;18;-1;6;12,36,65;1;3;4;8;1;9;-1;-1;0;3;0;0;5;8;10;7;15;15;-1;-1;53;47;0;3;2;2.95;3.5;0;0;0;0;0;0;0;0;0;0;0;0;0;0;0;0;0;0;0;0;0;0;0;0;0;0;0;0;0;0;0;0;0;0;0;0;0;0;0;0;0;0;0;0;0;0;0;0;0;0;0;0;0;0;0;0;0;0;0;0;0;0;0;0;0;4;1;2;0;1;1;3;2017-11-25 12:30:00;1877;0;32;0;15;0;-1;1;-1;-1;-1;-1;-1;-1;0;1;0;2;1;2;-1;0;0;0;0;0;0;0;0;0;0;0;0;0;1;1;1;0;-1;-1;0;0;-1;-1;-1;-1;-1;-1;-1;-1;-1;0;7;19;69;94;19;57;50;38;7.8;0;5.05;1.88;Lučko;Solin;1.45;1;1.5;1;1.18;1.29;100;94;82;32;7;70;48;35;0;0;0;405;22;Y;Y;Y;Y;N;N;Y
108732;1872;1873;2017/2018;complete;580;18;-1;;23,83;0;2;2;4;4;8;-1;-1;2;1;0;0;3;6;6;4;9;10;-1;-1;57;43;2;1;1.83;3.2;3.7;0;0;0;0;0;0;0;0;0;0;0;0;0;0;0;0;0;0;0;0;0;0;0;0;0;0;0;0;0;0;0;0;0;0;0;0;0;0;0;0;0;0;0;0;0;0;0;0;0;0;0;0;0;0;0;0;0;0;0;0;0;0;0;0;0;2;0;1;0;1;1;1;2017-11-25 12:30:00;1873;0;38;7;13;0;-1;1;-1;-1;-1;-1;-1;-1;0;0;2;1;0;3;-1;0;0;0;0;0;0;0;0;0;0;0;0;0;1;1;0;0;-1;-1;0;0;-1;-1;-1;-1;-1;-1;-1;-1;-1;7;7;26;69;94;13;57;82;38;8.6;0;5.63;2.01;Novigrad;Kustošija;0.82;0.73;1;0.25;0.94;0.76;94;94;76;32;7;20;20;10;0;0;0;405;22;Y;Y;N;N;N;N;N
108733;1873;1871;2017/2018;complete;580;19;-1;-1;-1;1;1;2;9;3;12;-1;-1;-1;-1;-1;-1;9;6;4;7;13;13;-1;-1;56;44;-1;-1;0;0;0;0;0;0;0;0;0;0;0;0;0;0;0;0;0;0;0;0;0;0;0;0;0;0;0;0;0;0;0;0;0;0;0;0;0;0;0;0;0;0;0;0;0;0;0;0;0;0;0;0;0;0;0;0;0;0;0;0;0;0;0;0;0;0;0;0;2;0;0;0;0;0;0;2017-12-02 12:30:00;-1;0;33;0;22;1;-1;-1;-1;-1;-1;-1;-1;-1;-1;-1;-1;-1;-1;-1;-1;0;0;0;0;0;0;0;-1;-1;-1;-1;-1;-1;-1;-1;-1;-1;-1;-1;-1;-1;-1;-1;-1;-1;-1;-1;-1;-1;-1;6;11;22;39;95;6;61;45;17;9.25;0;4.26;1.72;Kustošija;Hrvatski Dragovoljac;1.18;0.73;1.22;0.78;0.89;1.11;95;89;78;61;6;50;38;25;0;0;0;405;22;Y;Y;N;N;N;N;Y
108734;1880;1881;2017/2018;complete;580;19;-1;48,63;39;2;1;3;5;5;10;-1;-1;2;3;0;0;6;4;1;4;7;8;-1;-1;49;51;2;3;0;0;0;0;0;0;0;0;0;0;0;0;0;0;0;0;0;0;0;0;0;0;0;0;0;0;0;0;0;0;0;0;0;0;0;0;0;0;0;0;0;0;0;0;0;0;0;0;0;0;0;0;0;0;0;0;0;0;0;0;0;0;0;0;0;0;0;0;3;0;1;2;0;2;1;2017-12-02 12:30:00;1880;0;50;11;36;0;-1;1;-1;-1;-1;-1;-1;-1;0;0;2;3;0;5;-1;0;0;0;0;0;0;0;0;0;0;0;0;0;1;1;0;0;-1;-1;0;0;-1;-1;-1;-1;-1;-1;-1;-1;-1;6;11;50;67;84;17;61;67;39;11.2;0;4.3;2.17;Šibenik;Varaždin;1.45;1.4;1.33;1.56;1.28;1.5;95;89;50;33;17;74;57;47;0;0;0;405;22;Y;Y;Y;N;N;N;Y
108735;1882;1872;2017/2018;complete;580;19;-1;9,64;40;2;1;3;8;3;11;-1;-1;2;3;0;0;7;4;7;8;14;12;-1;-1;54;46;2;3;0;0;0;0;0;0;0;0;0;0;0;0;0;0;0;0;0;0;0;0;0;0;0;0;0;0;0;0;0;0;0;0;0;0;0;0;0;0;0;0;0;0;0;0;0;0;0;0;0;0;0;0;0;0;0;0;0;0;0;0;0;0;0;0;0;0;0;0;3;1;1;1;0;1;2;2017-12-02 12:30:00;1882;0;44;13;31;0;-1;1;-1;-1;-1;-1;-1;-1;0;1;2;2;1;4;-1;0;0;0;0;0;0;0;0;0;0;0;0;0;1;1;1;0;-1;-1;0;0;-1;-1;-1;-1;-1;-1;-1;-1;-1;17;22;33;62;89;33;62;56;28;9;0;5.08;2.39;Sesvete;Novigrad;1.64;0.82;1.33;0.89;1.56;0.89;84;78;67;39;11;70;70;40;0;0;0;405;22;Y;Y;Y;N;N;N;Y
108736;1877;1875;2017/2018;complete;580;19;-1;;;0;0;0;6;4;10;-1;-1;-1;-1;-1;-1;3;3;3;2;6;5;-1;-1;63;37;-1;-1;0;0;0;0;0;1.85;0;0;0;0;0;0;0;0;0;0;0;0;0;0;0;0;0;0;0;0;0;0;0;0;0;0;0;0;0;0;0;0;0;0;0;0;0;0;0;0;0;0;0;0;0;0;0;0;0;0;0;0;0;0;0;0;0;0;0;0;0;0;0;0;0;0;0;0;0;2017-12-02 12:30:00;-1;0;39;11;18;0;-1;-1;-1;-1;-1;-1;-1;-1;-1;-1;-1;-1;-1;-1;-1;0;0;0;0;0;0;0;0;0;0;0;0;0;1;1;0;0;-1;-1;-1;-1;-1;-1;-1;-1;-1;-1;-1;-1;-1;11;11;33;56;89;17;45;73;33;10.62;0;5.09;2.06;Solin;Gorica;1.36;1.27;1.56;1.33;1.39;1.72;89;89;67;44;11;48;41;24;0;0;0;405;22;N;N;N;N;N;N;N
108737;1876;1879;2017/2018;complete;580;19;-1;34,41,45,59;;4;0;4;4;5;9;-1;-1;1;3;0;0;11;3;8;3;19;6;-1;-1;47;53;1;3;0;0;0;0;0;0;0;0;0;0;0;0;0;0;0;0;0;0;0;0;0;0;0;0;0;0;0;0;0;0;0;0;0;0;0;0;0;0;0;0;0;0;0;0;0;0;0;0;0;0;0;0;0;0;0;0;0;0;0;0;0;0;0;0;0;0;0;0;4;3;0;1;0;1;3;2017-12-02 12:30:00;1876;0;50;22;22;0;-1;1;-1;-1;-1;-1;-1;-1;0;1;1;2;1;3;-1;0;0;0;0;0;0;0;0;0;0;0;0;0;1;1;0;0;-1;-1;0;0;-1;-1;-1;-1;-1;-1;-1;-1;-1;6;11;50;62;95;17;67;50;22;8.26;0;5.69;2.28;Dinamo Zagreb II;Dugopolje;2.18;1.25;2;1.33;1.89;1.78;95;89;50;39;6;41;41;41;0;0;0;405;22;Y;Y;Y;Y;N;N;N
108738;1878;1874;2017/2018;complete;580;19;-1;;-1,-1;0;2;2;4;4;8;-1;-1;-1;-1;-1;-1;-1;-1;-1;-1;-1;-1;-1;-1;-1;-1;-1;-1;1.51;3.55;5.4;0;0;0;0;0;0;0;0;0;0;0;0;0;0;0;0;0;0;0;0;0;0;0;0;0;0;0;0;0;0;0;0;0;0;0;0;0;0;0;0;0;0;0;0;0;0;0;0;0;0;0;0;0;0;0;0;0;0;0;0;0;0;0;0;0;2;0;0;0;0;0;0;2017-12-03 12:00:00;1874;0;33;12;12;1;-1;-1;-1;-1;-1;-1;-1;-1;-1;-1;-1;-1;-1;-1;-1;0;0;0;0;0;0;0;-1;-1;-1;-1;-1;-1;-1;-1;-1;-1;-1;-1;-1;-1;-1;-1;-1;-1;-1;-1;-1;-1;-1;6;11;22;50;84;28;39;67;11;5.38;0;3.77;1.78;Hajduk Split II;Lučko;1.55;1;1.56;0.89;1.33;1.11;95;89;78;50;17;25;19;19;0;0;0;405;22;Y;Y;N;N;N;N;N
108739;1875;1878;2017/2018;complete;580;20;-1;40,49,88;;3;0;3;5;2;7;-1;-1;0;2;0;0;5;5;3;4;8;9;-1;-1;47;53;0;2;0;0;0;0;0;0;0;0;0;0;0;0;0;0;0;0;0;0;0;0;0;0;0;0;0;0;0;0;0;0;0;0;0;0;0;0;0;0;0;0;0;0;0;0;0;0;0;0;0;0;0;0;0;0;0;0;0;0;0;0;0;0;0;0;0;0;0;0;3;1;0;2;0;2;1;2018-03-10 12:00:00;1875;0;39;13;24;0;-1;1;-1;-1;-1;-1;-1;-1;0;0;0;2;0;2;-1;0;0;0;0;0;0;0;0;0;0;0;0;0;1;1;0;0;-1;-1;0;0;-1;-1;-1;-1;-1;-1;-1;-1;-1;6;11;45;67;100;28;56;78;39;8.19;0;4.71;2.39;Gorica;Hajduk Split II;2.27;1;2.11;1.11;1.68;1.26;95;89;56;33;0;52;45;38;0;0;0;405;22;Y;Y;Y;N;N;N;N
108740;1871;1882;2017/2018;complete;580;20;-1;22,26;31,34;2;2;4;3;1;4;-1;-1;2;1;0;0;4;6;3;8;7;14;-1;-1;51;49;2;1;2.95;3.2;2.1;0;0;0;0;0;0;0;0;0;0;0;0;0;0;0;0;0;0;0;0;0;0;0;0;0;0;0;0;0;0;0;0;0;0;0;0;0;0;0;0;0;0;0;0;0;0;0;0;0;0;0;0;0;0;0;0;0;0;0;0;0;0;0;0;0;4;2;2;0;0;0;4;2018-03-10 14:00:00;-1;0;50;22;22;0;-1;1;-1;-1;-1;-1;-1;-1;0;0;2;1;0;3;-1;0;0;0;0;0;0;0;0;0;0;0;0;0;1;1;0;0;-1;-1;0;0;-1;-1;-1;-1;-1;-1;-1;-1;-1;17;22;39;67;95;45;78;61;22;10.56;0;4.22;2.5;Hrvatski Dragovoljac;Sesvete;1.36;1.55;1.44;1.78;1.11;1.63;84;78;61;33;6;58;50;36;0;0;0;405;22;Y;Y;Y;Y;N;N;Y
108741;1874;1873;2017/2018;complete;580;20;-1;10,65;9;2;1;3;4;2;6;-1;-1;0;2;0;2;7;3;6;6;13;9;-1;-1;52;48;0;6;2;3.2;3.2;0;0;0;0;0;0;0;0;0;0;0;0;0;0;0;0;0;0;0;0;0;0;0;0;0;0;0;0;0;0;0;0;0;0;0;0;0;0;0;0;0;0;0;0;0;0;0;0;0;0;0;0;0;0;0;0;0;0;0;0;0;0;0;0;0;3;1;1;1;0;1;2;2018-03-11 14:00:00;1874;0;33;6;6;0;-1;1;-1;-1;-1;-1;-1;-1;0;2;0;2;2;2;-1;0;0;0;0;0;0;0;0;0;0;0;0;0;1;1;1;1;-1;-1;0;0;-1;-1;-1;-1;-1;-1;-1;-1;-1;0;11;22;78;95;22;73;73;28;8.43;0;5.11;2.06;Lučko;Kustošija;1.45;0.73;1.33;0.56;1.21;0.89;100;89;78;22;6;67;47;29;0;0;0;405;22;Y;Y;Y;N;N;N;Y
108742;1879;1880;2017/2018;complete;580;20;-1;-1,-1;;2;0;2;-1;-1;-1;-1;-1;-1;-1;-1;-1;-1;-1;-1;-1;-1;-1;-1;-1;-1;-1;-1;-1;0;0;0;0;0;0;0;0;0;0;0;0;0;0;0;0;0;0;0;0;0;0;0;0;0;0;0;0;0;0;0;0;0;0;0;0;0;0;0;0;0;0;0;0;0;0;0;0;0;0;0;0;0;0;0;0;0;0;0;0;0;0;0;0;0;0;0;0;2;0;0;0;0;0;0;2018-03-10 14:00:00;1879;0;33;18;11;1;-1;-1;-1;-1;-1;-1;-1;-1;-1;-1;-1;-1;-1;-1;-1;0;0;0;0;0;0;0;-1;-1;-1;-1;-1;-1;-1;-1;-1;-1;-1;-1;-1;-1;-1;-1;-1;-1;-1;-1;-1;-1;-1;0;11;22;50;95;17;39;67;17;10.77;0;4.32;1.78;Dugopolje;Šibenik;2.3;1.09;2.22;1.22;1.68;1.37;100;89;78;50;6;76;59;37;0;0;0;405;22;Y;Y;N;N;N;N;N
108743;1881;1877;2017/2018;complete;580;20;-1;51,60;;2;0;2;4;4;8;-1;-1;5;3;0;0;4;0;7;3;11;3;-1;-1;53;47;5;3;0;0;0;0;0;0;0;0;0;0;0;0;0;0;0;0;0;0;0;0;0;0;0;0;0;0;0;0;0;0;0;0;0;0;0;0;0;0;0;0;0;0;0;0;0;0;0;0;0;0;0;0;0;0;0;0;0;0;0;0;0;0;0;0;0;0;0;0;2;0;0;2;0;2;0;2018-03-10 14:00:00;1881;0;33;7;7;0;-1;1;-1;-1;-1;-1;-1;-1;1;1;4;2;2;6;-1;0;0;0;0;0;0;0;0;0;0;0;0;0;1;1;0;0;-1;-1;0;0;-1;-1;-1;-1;-1;-1;-1;-1;-1;0;6;17;67;89;22;50;50;22;9.9;0;4.14;1.78;Varaždin;Solin;1.67;1;1.44;1.22;1.42;1.37;100;95;84;33;11;75;39;39;0;0;0;405;22;Y;Y;N;N;N;N;N
108744;1872;1876;2017/2018;complete;580;20;-1;-1;-1;1;1;2;-1;-1;-1;-1;-1;-1;-1;-1;-1;-1;-1;-1;-1;-1;-1;-1;-1;-1;-1;-1;-1;0;0;0;0;0;0;0;0;0;0;0;0;0;0;0;0;0;0;0;0;0;0;0;0;0;0;0;0;0;0;0;0;0;0;0;0;0;0;0;0;0;0;0;0;0;0;0;0;0;0;0;0;0;0;0;0;0;0;0;0;0;0;0;0;0;0;0;0;2;0;0;0;0;0;0;2018-03-10 14:00:00;-1;0;28;11;11;1;-1;-1;-1;-1;-1;-1;-1;-1;-1;-1;-1;-1;-1;-1;-1;0;0;0;0;0;0;0;-1;-1;-1;-1;-1;-1;-1;-1;-1;-1;-1;-1;-1;-1;-1;-1;-1;-1;-1;-1;-1;-1;-1;6;6;22;62;84;17;50;61;33;10.5;0;4.62;1.78;Novigrad;Dinamo Zagreb II;0.82;1.64;0.89;1.78;0.84;1.95;95;95;78;39;17;29;29;29;0;0;0;405;22;Y;Y;N;N;N;N;Y
108745;1882;1874;2017/2018;complete;580;21;-1;19,87;;2;0;2;7;1;8;-1;-1;2;5;1;1;7;2;9;2;16;4;-1;-1;61;39;4;7;1.87;3.05;3.8;0;0;0;0;0;0;0;0;0;0;2.3;1.59;0;0;0;0;0;0;0;0;0;0;0;0;0;0;0;0;0;0;0;0;0;0;0;0;0;0;0;0;0;0;0;0;0;0;0;0;0;0;0;0;0;0;0;0;0;0;0;0;0;0;0;0;0;2;1;0;1;0;1;1;2018-03-14 14:00:00;1882;0;35;19;19;0;-1;1;-1;-1;-1;-1;-1;-1;1;5;2;1;6;3;-1;0;0;0;0;0;0;0;0;0;0;0;0;0;1;1;0;0;-1;-1;0;0;-1;-1;-1;-1;-1;-1;-1;-1;-1;5;15;30;50;80;20;35;55;15;7.6;0;5.04;1.8;Sesvete;Lučko;1.64;1;1.5;1.1;1.6;1.3;95;85;70;50;20;44;44;35;0;0;0;405;22;Y;Y;N;N;N;N;N
108746;1880;1872;2017/2018;complete;580;21;-1;35;59;1;1;2;8;3;11;-1;-1;2;1;0;0;7;7;14;4;21;11;-1;-1;49;51;2;1;1.56;3.35;5.35;0;0;0;0;0;0;0;0;0;0;2.55;1.49;0;0;0;0;0;0;0;0;0;0;0;0;0;0;0;0;0;0;0;0;0;0;0;0;0;0;0;0;0;0;0;0;0;0;0;0;0;0;0;0;0;0;0;0;0;0;0;0;0;0;0;0;0;2;1;0;0;1;1;1;2018-03-14 14:00:00;-1;0;50;10;32;0;-1;1;-1;-1;-1;-1;-1;-1;0;0;2;1;0;3;-1;0;0;0;0;0;0;0;0;0;0;0;0;0;1;1;0;0;-1;-1;0;0;-1;-1;-1;-1;-1;-1;-1;-1;-1;10;15;45;65;85;30;55;60;35;10.33;0;4.47;2.35;Šibenik;Novigrad;1.45;0.82;1.5;0.8;1.3;0.85;90;85;55;35;15;83;83;50;0;0;0;405;22;Y;Y;N;N;N;N;Y
108747;1873;1875;2017/2018;complete;580;21;-1;-1;-1;1;1;2;3;5;8;-1;-1;-1;-1;-1;-1;8;10;5;7;13;17;-1;-1;42;58;-1;-1;3.95;3.05;1.83;0;0;0;0;0;0;0;0;0;0;2.3;1.59;0;0;0;0;0;0;0;0;0;0;0;0;0;0;0;0;0;0;0;0;0;0;0;0;0;0;0;0;0;0;0;0;0;0;0;0;0;0;0;0;0;0;0;0;0;0;0;0;0;0;0;0;0;2;0;0;0;0;0;0;2018-03-14 14:00:00;-1;0;30;0;13;1;-1;-1;-1;-1;-1;-1;-1;-1;-1;-1;-1;-1;-1;-1;-1;0;0;0;0;0;0;0;-1;-1;-1;-1;-1;-1;-1;-1;-1;-1;-1;-1;-1;-1;-1;-1;-1;-1;-1;-1;-1;-1;-1;0;0;15;40;85;0;35;50;20;10.45;0;4.54;1.4;Kustošija;Gorica;1.18;1.27;1.2;1.3;0.85;1.75;100;100;85;60;15;49;43;27;0;0;0;405;22;Y;Y;N;N;N;N;Y
108748;1881;1879;2017/2018;complete;580;21;-1;-1;;1;0;1;0;0;0;-1;-1;-1;-1;-1;-1;0;0;0;0;0;0;-1;-1;49;51;-1;-1;1.91;3.1;3.65;0;0;0;0;0;0;0;0;0;0;2.15;1.67;0;0;0;0;0;0;0;0;0;0;0;0;0;0;0;0;0;0;0;0;0;0;0;0;0;0;0;0;0;0;0;0;0;0;0;0;0;0;0;0;0;0;0;0;0;0;0;0;0;0;0;0;0;1;0;0;0;0;0;0;2018-03-14 14:00:00;1881;0;35;7;13;1;-1;-1;-1;-1;-1;-1;-1;-1;-1;-1;-1;-1;-1;-1;-1;0;0;0;0;0;0;0;-1;-1;-1;-1;-1;-1;-1;-1;-1;-1;-1;-1;-1;-1;-1;-1;-1;-1;-1;-1;-1;-1;-1;5;10;30;65;85;20;55;50;20;10.83;0;4.76;2;Varaždin;Dugopolje;1.67;1.25;1.6;1.2;1.5;1.75;95;90;70;35;15;77;54;54;0;0;0;405;22;Y;N;N;N;N;N;N
108749;1876;1871;2017/2018;complete;580;21;-1;-1;;1;0;1;-1;-1;-1;-1;-1;-1;-1;-1;-1;-1;-1;-1;-1;-1;-1;-1;-1;-1;-1;-1;-1;1.34;4.35;6.55;0;0;0;0;0;0;0;0;0;0;2.85;1.4;0;0;0;0;0;0;0;0;0;0;0;0;0;0;0;0;0;0;0;0;0;0;0;0;0;0;0;0;0;0;0;0;0;0;0;0;0;0;0;0;0;0;0;0;0;0;0;0;0;0;0;0;0;1;0;0;0;0;0;0;2018-03-14 14:00:00;1876;0;45;13;21;1;-1;-1;-1;-1;-1;-1;-1;-1;-1;-1;-1;-1;-1;-1;-1;0;0;0;0;0;0;0;-1;-1;-1;-1;-1;-1;-1;-1;-1;-1;-1;-1;-1;-1;-1;-1;-1;-1;-1;-1;-1;-1;-1;5;20;45;65;100;20;75;55;20;7.98;0;5;2.35;Dinamo Zagreb II;Hrvatski Dragovoljac;2.18;0.73;2.1;0.8;1.9;1.1;95;80;55;35;0;43;27;27;0;0;0;405;22;Y;N;N;N;N;N;N
108750;1878;1877;2017/2018;complete;580;21;-1;12;;1;0;1;2;1;3;-1;-1;3;1;0;0;6;3;8;5;14;8;-1;-1;60;40;3;1;2.25;3;2.9;0;0;0;0;0;0;0;0;0;0;2.05;1.77;0;0;0;0;0;0;0;0;0;0;0;0;0;0;0;0;0;0;0;0;0;0;0;0;0;0;0;0;0;0;0;0;0;0;0;0;0;0;0;0;0;0;0;0;0;0;0;0;0;0;0;0;0;1;1;0;0;0;0;1;2018-03-14 14:00:00;1878;0;40;12;12;0;-1;1;-1;-1;-1;-1;-1;-1;0;0;3;1;0;4;-1;0;0;0;0;0;0;0;0;0;0;0;0;0;1;1;0;0;-1;-1;0;0;-1;-1;-1;-1;-1;-1;-1;-1;-1;5;10;20;70;100;30;50;65;25;5.93;0;4.19;2.1;Hajduk Split II;Solin;1.55;1;1.4;1.1;1.2;1.3;95;90;80;30;0;33;13;13;0;0;0;405;22;Y;N;N;N;N;N;N
108751;1875;1882;2017/2018;complete;580;22;-1;23;;1;0;1;1;2;3;-1;-1;2;3;0;0;6;2;6;3;12;5;-1;-1;48;52;2;3;1.91;3.25;3.45;0;0;0;0;0;0;0;0;0;0;2.15;1.67;0;0;0;0;0;0;0;0;0;0;0;0;0;0;0;0;0;0;0;0;0;0;0;0;0;0;0;0;0;0;0;0;0;0;0;0;0;0;0;0;0;0;0;0;0;0;0;0;0;0;0;0;0;1;1;0;0;0;0;1;2018-03-20 14:30:00;1875;0;40;20;25;0;-1;1;-1;-1;-1;-1;-1;-1;1;1;1;2;2;3;-1;0;0;0;0;0;0;0;0;0;0;0;0;0;1;1;0;0;-1;-1;0;0;-1;-1;-1;-1;-1;-1;-1;-1;-1;15;20;35;70;100;40;70;65;40;9.88;0;4.8;2.55;Gorica;Sesvete;2.27;1.55;2.2;1.7;1.71;1.67;85;80;65;30;0;67;54;41;0;0;0;405;22;Y;N;N;N;N;N;N
108752;1871;1880;2017/2018;complete;580;22;-1;-1;-1;1;1;2;-1;-1;-1;-1;-1;-1;-1;-1;-1;-1;-1;-1;-1;-1;-1;-1;-1;-1;-1;-1;-1;0;0;0;0;0;0;0;0;0;0;0;0;0;0;0;0;0;0;0;0;0;0;0;0;0;0;0;0;0;0;0;0;0;0;0;0;0;0;0;0;0;0;0;0;0;0;0;0;0;0;0;0;0;0;0;0;0;0;0;0;0;0;0;0;0;0;0;0;2;0;0;0;0;0;0;2018-03-17 14:30:00;-1;0;55;26;21;1;-1;-1;-1;-1;-1;-1;-1;-1;-1;-1;-1;-1;-1;-1;-1;0;0;0;0;0;0;0;-1;-1;-1;-1;-1;-1;-1;-1;-1;-1;-1;-1;-1;-1;-1;-1;-1;-1;-1;-1;-1;-1;-1;5;25;50;60;90;30;50;70;20;9.27;0;4.75;2.35;Hrvatski Dragovoljac;Šibenik;1.36;1.09;1.4;1.1;1.05;1.29;95;75;50;40;10;51;44;17;0;0;0;405;22;Y;Y;N;N;N;N;Y
108753;1872;1879;2017/2018;complete;580;22;-1;43;4,65;1;2;3;3;6;9;-1;-1;1;3;0;0;2;7;7;4;9;11;-1;-1;49;51;1;3;2.95;2.95;2.2;0;0;0;0;0;0;0;0;0;0;0;0;0;0;0;0;0;0;0;0;0;0;0;0;0;0;0;0;0;0;0;0;0;0;0;0;0;0;0;0;0;0;0;0;0;0;0;0;0;0;0;0;0;0;0;0;0;0;0;0;0;0;0;0;0;3;1;1;0;1;1;2;2018-03-18 14:30:00;1879;0;43;12;24;0;-1;1;-1;-1;-1;-1;-1;-1;1;2;0;1;3;1;-1;0;0;0;0;0;0;0;0;0;0;0;0;0;1;1;0;1;-1;-1;0;1;-1;-1;-1;-1;-1;-1;-1;-1;-1;10;14;38;63;91;14;53;58;29;9;0;5.21;2.19;Novigrad;Dugopolje;0.82;1.25;0.9;1.09;0.86;1.67;91;86;63;38;10;32;25;25;0;0;0;405;22;Y;Y;Y;N;N;N;Y
108754;1881;1878;2017/2018;complete;580;22;-1;-1,-1;-1,-1;2;2;4;-1;-1;-1;-1;-1;-1;-1;-1;-1;-1;-1;-1;-1;-1;-1;-1;-1;-1;-1;-1;-1;0;0;0;0;0;0;0;0;0;0;0;0;0;0;0;0;0;0;0;0;0;0;0;0;0;0;0;0;0;0;0;0;0;0;0;0;0;0;0;0;0;0;0;0;0;0;0;0;0;0;0;0;0;0;0;0;0;0;0;0;0;0;0;0;0;0;0;0;4;0;0;0;0;0;0;2018-03-17 14:30:00;-1;0;24;7;7;1;-1;-1;-1;-1;-1;-1;-1;-1;-1;-1;-1;-1;-1;-1;-1;0;0;0;0;0;0;0;-1;-1;-1;-1;-1;-1;-1;-1;-1;-1;-1;-1;-1;-1;-1;-1;-1;-1;-1;-1;-1;-1;-1;0;5;35;67;91;24;58;58;24;9;0;3.63;1.98;Varaždin;Hajduk Split II;1.67;1;1.73;1;1.57;1.29;100;95;66;33;9;50;36;36;0;0;0;405;22;Y;Y;Y;Y;N;N;Y
108755;1877;1873;2017/2018;complete;580;22;-1;-1;-1,-1;1;2;3;-1;-1;-1;-1;-1;-1;-1;-1;-1;-1;-1;-1;-1;-1;-1;-1;-1;-1;-1;-1;-1;0;0;0;0;0;0;0;0;0;0;0;0;0;0;0;0;0;0;0;0;0;0;0;0;0;0;0;0;0;0;0;0;0;0;0;0;0;0;0;0;0;0;0;0;0;0;0;0;0;0;0;0;0;0;0;0;0;0;0;0;0;0;0;0;0;0;0;0;3;0;0;0;0;0;0;2018-03-17 14:30:00;1873;0;40;15;10;1;-1;-1;-1;-1;-1;-1;-1;-1;-1;-1;-1;-1;-1;-1;-1;0;0;0;0;0;0;0;-1;-1;-1;-1;-1;-1;-1;-1;-1;-1;-1;-1;-1;-1;-1;-1;-1;-1;-1;-1;-1;-1;-1;10;10;30;65;90;25;60;75;25;8.96;0;5.68;2.1;Solin;Kustošija;1.36;0.73;1.5;0.5;1.24;0.86;90;90;70;35;10;52;52;20;0;0;0;405;22;Y;Y;Y;N;N;N;Y
108756;1874;1876;2017/2018;complete;580;22;-1;18;83;1;1;2;2;11;13;-1;-1;4;1;1;0;4;14;2;13;6;27;-1;-1;26;74;6;1;3.4;2.95;2;0;0;0;0;0;0;0;0;0;0;2.25;1.61;0;0;0;0;0;0;0;0;0;0;0;0;0;0;0;0;0;0;0;0;0;0;0;0;0;0;0;0;0;0;0;0;0;0;0;0;0;0;0;0;0;0;0;0;0;0;0;0;0;0;0;0;0;2;1;0;0;1;1;1;2018-03-20 14:30:00;-1;0;35;16;5;0;-1;1;-1;-1;-1;-1;-1;-1;2;1;3;0;3;3;-1;0;0;0;0;0;0;0;0;0;0;0;0;0;1;1;0;0;-1;-1;0;0;-1;-1;-1;-1;-1;-1;-1;-1;-1;0;10;25;70;85;30;60;50;25;10.33;0;4.19;1.9;Lučko;Dinamo Zagreb II;1.45;1.64;1.5;1.7;1.24;1.95;100;90;75;30;15;70;54;45;0;0;0;405;22;Y;Y;N;N;N;N;Y
